id_unificado,COD_MPIO_DIVIPOLA,codigo_departamento_divipola,nombre_departamento,nombre_municipio,tipo_entidad_divipola,longitud_divipola,latitud_divipola,nota_divipola,area_m2,pixeles_con_viento,pixeles_con_viento_tocan_al_mpio,densidad_pixeles_general,area_reserva_campesina_ha,indice_pobreza_multidimensional,asesinatos_100k_habitantes,grupos_armados_en_el_mpio,cantidad_grupos_armados_en_el_mpio,es_zomac,es_pdet,zomac_priorizados_art_170,zomac_priorizados_art_52,densidad_cultivos_coca_ha_km2,dist_min_coca_km,indice_pena_media_0_100,pocentaje_negro,pocentaje_raizal,pocentaje_gitano,pocentaje_palanquero,pocentaje_indigena,indice_pena_media_0_100_imputado_para_risk,coca_log,cercania_coca,z_indice_pena_media,z_cantidad_grupos_armados,z_coca_log,z_cercania_coca,risk_raw_seguridad,risk_score_01_calculado,riesgo_categoria,tipo_abordaje_zona,densidad_pixeles_disponibles_pct_exacta,universo_111_densidad_gt15,check_imputacion_indice_pena_media_0_100,check_cruce_divipola,check_imputacion_risk_score,observacion_validacion
5001,05001,5,ANTIOQUIA,MEDELLÍN,Municipio,-75.581775,6.246631,,381560962.1003137,58,71,1.16,0.0000,12.8,10.09045096,EGC,1,0.0,0.0,No es PDET O ZOMAC,No es PDET O ZOMAC,0.0,69.77104488,70.27,2.4967645206702,0.0132216051198123,0.0020340930953557,0.0026697471876544,0.0841182248808572,70.27,0.0,0.01413007,1.4138709,0.82391607,-0.43744925,-0.48337326,0.5820338,0.45716515,Alto,Remota,0.95,NO,SIN_IMPUTACION,OK,SIN_IMPUTACION,OK
5002,05002,5,ANTIOQUIA,ABEJORRAL,Municipio,-75.428739,5.789315,,515465873.1905943,85,85,1.03,0.0000,40.6,46.5809577,EGC,1,1.0,0.0,No,No,0.0,38.97693576,56.52,0.3528139759858875,0.0,0.0,0.0,0.0113810959995447,56.52,0.0,0.02501442,0.5895289,0.82391607,-0.43744925,-0.45403244,0.29791522,0.389069,Medio,Presencial con precaución,1.03,NO,SIN_IMPUTACION,OK,SIN_IMPUTACION,OK
5004,05004,5,ANTIOQUIA,ABRIAQUÍ,Municipio,-76.064304,6.632282,,302569883.58021665,114,120,2.48,0.0000,"34,8",0.0,,0,1.0,0.0,No,No,0.0,64.73,0.0,1.3078000934142924,0.0,0.0467071461933675,0.0,0.0,0.0,0.0,0.01521375,-2.79896637,-0.60931468,-0.43744925,-0.48045199,-1.32199028,0.000818,Bajo,Presencial,2.35,NO,SIN_IMPUTACION,OK,SIN_IMPUTACION,OK
5021,05021,5,ANTIOQUIA,ALEJANDRÍA,Municipio,-75.141346,6.376061,,131353997.44446763,0,0,0.0,0.0000,31.9,20.18163471,,0,1.0,0.0,No,No,0.0,31.23482636,56.15,0.3136434918975431,0.0,0.0,0.0,0.0,56.15,0.0,0.03102235,0.5673466,-0.60931468,-0.43744925,-0.43783694,-0.13738848,0.28473755,Medio,Presencial con precaución,0.0,NO,SIN_IMPUTACION,OK,SIN_IMPUTACION,OK
5030,05030,5,ANTIOQUIA,AMAGÁ,Municipio,-75.702188,6.038708,,85563844.77721624,0,0,0.0,0.0000,22.9,15.42638529,,0,0.0,0.0,No es PDET O ZOMAC,No es PDET O ZOMAC,0.0,69.36791866,61.54,0.4683928504515307,0.0,0.0074942856072244,0.0112414284108367,0.0337242852325102,61.54,0.0,0.01421102,0.89048867,-0.60931468,-0.43744925,-0.48315504,-0.03108648,0.31021549,Medio,Presencial con precaución,0.0,NO,SIN_IMPUTACION,OK,SIN_IMPUTACION,OK
5031,05031,5,ANTIOQUIA,AMALFI,Municipio,-75.077501,6.909655,,1234964529.1298325,68,68,0.34,0.0000,43.3,140.0560224,,0,1.0,1.0,ZOMAC-170,ZOMAC-NO 52,38.45814609,0.0,66.95,0.506429670820714,0.0,0.004964996772752,0.0,0.0099299935455041,66.95,3.67524052,1.0,1.21482977,-0.60931468,2.34833378,2.17422517,1.03819655,0.566496,Alto,Remota,0.34,NO,SIN_IMPUTACION,OK,SIN_IMPUTACION,OK
5034,05034,5,ANTIOQUIA,ANDES,Municipio,-75.878828,5.657194,,408668366.0517855,2,9,0.14,0.0000,40.1,28.14888595,EGC,1,0.0,0.0,No es PDET O ZOMAC,No es PDET O ZOMAC,0.0,65.44527004,58.88,0.5914602857374348,0.0054014637966889,0.0,0.0027007318983444,0.6292705323142572,58.88,0.0,0.01504998,0.73101596,0.82391607,-0.43744925,-0.48089347,0.34340654,0.39997214,Alto,Remota,0.03,NO,SIN_IMPUTACION,OK,SIN_IMPUTACION,OK
5036,05036,5,ANTIOQUIA,ANGELÓPOLIS,Municipio,-75.711389,6.109719,,83295679.8150362,0,0,0.0,0.0000,"30,7",65.47716484,,0,0.0,0.0,No es PDET O ZOMAC,No es PDET O ZOMAC,0.0,73.02,52.4,0.5385996409335727,0.0,0.0,0.0,0.0598444045481747,52.4,0.0,0.01350986,0.34252606,-0.60931468,-0.43744925,-0.48504515,-0.22315691,0.26418099,Bajo,Presencial,0.0,NO,SIN_IMPUTACION,OK,SIN_IMPUTACION,OK
5038,05038,5,ANTIOQUIA,ANGOSTURA,Municipio,-75.335116,6.885175,,345648025.7915952,18,26,0.47,0.0000,53.8,24.75043313,,0,1.0,0.0,No,No,0.0,15.49395961,45.49,0.4666666666666667,0.0,0.0380952380952381,0.0380952380952381,0.0,45.49,0.0,0.06062826,-0.07174327,-0.60931468,-0.43744925,-0.35802863,-0.34909869,0.23399588,Bajo,Presencial,0.33,NO,SIN_IMPUTACION,OK,SIN_IMPUTACION,OK
5040,05040,5,ANTIOQUIA,ANORÍ,Municipio,-75.148355,7.074703,,1445208378.4714112,10,11,0.05,0.0002,53.3,111.8170267,"ELN, EMBF",2,1.0,1.0,ZOMAC-170,ZVTN-52,64.09691014,0.0,65.03,1.685432064654279,0.0,0.0,0.0,1.1535539131035435,65.03,4.17587708,1.0,1.09972165,2.25714682,2.72780959,2.17422517,1.93374232,0.78113601,Alto,Remota,0.04,NO,SIN_IMPUTACION,OK,SIN_IMPUTACION,OK
5042,05042,5,ANTIOQUIA,SANTA FÉ DE ANTIOQUIA,Municipio,-75.826648,6.556484,,535454924.5973678,117,128,1.49,0.0000,"29,7",21.39113694,,0,1.0,0.0,No,No,0.0,59.38,84.2,3.0654010276060264,0.0,0.0,0.0,0.1001480449359923,84.2,0.0,0.01656178,2.24900428,-0.60931468,-0.43744925,-0.47681814,0.44534452,0.42440413,Alto,Remota,1.37,NO,SIN_IMPUTACION,OK,SIN_IMPUTACION,OK
5044,05044,5,ANTIOQUIA,ANZÁ,Municipio,-75.854442,6.302641,,260488461.5030928,0,0,0.0,0.0000,47.1,66.81812107,,0,0.0,0.0,No es PDET O ZOMAC,No es PDET O ZOMAC,0.0,82.35347941,55.16,0.3445036016285625,0.0,0.0,0.0,0.0313185092389602,55.16,0.0,0.0119971,0.50799398,-0.60931468,-0.43744925,-0.48912309,-0.16585482,0.27791487,Bajo,Presencial,0.0,NO,SIN_IMPUTACION,OK,SIN_IMPUTACION,OK
5045,05045,5,ANTIOQUIA,APARTADÓ,Municipio,-76.625279,7.882968,,547980565.2744671,13,34,0.39,"29,403.6936",28,22.82722832,,0,1.0,1.0,ZOMAC-170,ZOMAC-NO 52,5.789398335,0.0,53.61,38.02804370262288,0.0284707640841311,0.0017794227552581,0.0071176910210327,0.7171073703690523,53.61,1.91536233,1.0,0.41506815,-0.60931468,1.01436971,2.17422517,0.49148717,0.43546338,Alto,Remota,0.15,NO,SIN_IMPUTACION,OK,SIN_IMPUTACION,OK
5051,05051,5,ANTIOQUIA,ARBOLETES,Municipio,-76.426708,8.849317,,775247035.7484432,2,3,0.02,0.0000,59.1,0.0,EGC,1,0.0,0.0,No es PDET O ZOMAC,No es PDET O ZOMAC,0.0,49.28982946,41.58,27.00254956429088,0.0304425586970584,0.0076106396742646,0.0114159595113969,3.645496403972754,41.58,0.0,0.01988474,-0.30615616,0.82391607,-0.43744925,-0.46786047,-0.01764876,0.31343618,Medio,Presencial con precaución,0.02,NO,SIN_IMPUTACION,OK,SIN_IMPUTACION,OK
5055,05055,5,ANTIOQUIA,ARGELIA,Municipio,-75.14107,5.731474,,249351174.75810823,0,0,0.0,0.0000,"48,7",87.23828514,EGC,1,1.0,0.0,No,No,0.0,12.65,46.08,0.8465765631961978,0.0,0.0,0.0,0.0297044408139016,46.08,0.0,0.07326007,-0.0363715,0.82391607,-0.43744925,-0.32397718,0.09835837,0.34124019,Medio,Presencial con precaución,0.0,NO,SIN_IMPUTACION,OK,SIN_IMPUTACION,OK
5059,05059,5,ANTIOQUIA,ARMENIA,Municipio,-75.786647,6.155667,,112356265.51325476,0,0,0.0,0.0000,37.7,0.0,,0,0.0,0.0,No es PDET O ZOMAC,No es PDET O ZOMAC,0.0,84.41319125,32.15,0.1833900969347655,0.0,0.0,0.0,0.0785957558291852,32.15,0.0,0.01170779,-0.87150489,-0.60931468,-0.43744925,-0.48990297,-0.64879641,0.1621658,Bajo,Presencial,0.0,NO,SIN_IMPUTACION,OK,SIN_IMPUTACION,OK
5079,05079,5,ANTIOQUIA,BARBOSA,Municipio,-75.331627,6.439195,,209558172.67610356,68,76,2.27,0.0000,22.2,24.95410228,EGC,1,0.0,0.0,No es PDET O ZOMAC,No es PDET O ZOMAC,0.0,53.71708591,63.21,0.5064879765133009,0.0,0.0022410972412092,0.0,0.0448219448241859,63.21,0.0,0.01827583,0.99060875,0.82391607,-0.43744925,-0.47219759,0.43556839,0.42206104,Alto,Remota,2.03,NO,SIN_IMPUTACION,OK,SIN_IMPUTACION,OK
5086,05086,5,ANTIOQUIA,BELMIRA,Municipio,-75.667779,6.606319,,301925369.9699758,7,8,0.17,0.0000,"40,8",46.83840749,,0,0.0,0.0,No es PDET O ZOMAC,No es PDET O ZOMAC,0.0,37.96,48.15,39.2222845391662,0.0,0.0,0.0,0.0186950831931202,48.15,0.0,0.02566735,0.08772944,-0.60931468,-0.43744925,-0.45227235,-0.3074198,0.24398527,Bajo,Presencial,0.14,NO,SIN_IMPUTACION,OK,SIN_IMPUTACION,OK
5088,05088,5,ANTIOQUIA,BELLO,Municipio,-75.555245,6.333587,,150472587.16470167,28,29,1.2,0.0000,14.2,6.70837629,EGC,1,0.0,0.0,No es PDET O ZOMAC,No es PDET O ZOMAC,0.0,70.4891226,62.12,1.9335929322111964,0.012142528158104,0.0018841854038437,0.003559016873927,0.0617594104593225,62.12,0.0,0.01398814,0.92526091,0.82391607,-0.43744925,-0.48375586,0.41096291,0.41616372,Alto,Remota,1.16,NO,SIN_IMPUTACION,OK,SIN_IMPUTACION,OK
5091,05091,5,ANTIOQUIA,BETANIA,Municipio,-75.97679,5.74615,,183342992.22271937,8,17,0.58,0.0000,"53,6",91.81050312,,0,0.0,0.0,No es PDET O ZOMAC,No es PDET O ZOMAC,0.0,61.01,59.0,0.7451391314471999,0.0,0.0,0.0,0.3725695657235999,59.0,0.0,0.01612643,0.73821022,-0.60931468,-0.43744925,-0.4779917,-0.08360943,0.29762704,Medio,Presencial con precaución,0.27,NO,SIN_IMPUTACION,OK,SIN_IMPUTACION,OK
5093,05093,5,ANTIOQUIA,BETULIA,Municipio,-75.984452,6.115208,,266911110.5414457,0,8,0.19,0.0000,"53,1",66.2490966,,0,0.0,0.0,No es PDET O ZOMAC,No es PDET O ZOMAC,0.0,92.44,57.52,0.4711659698719225,0.0,0.0,0.0,0.1791757913597451,57.52,0.0,0.01070205,0.64948104,-0.60931468,-0.43744925,-0.49261413,-0.11685801,0.28965819,Medio,Presencial con precaución,0.0,NO,SIN_IMPUTACION,OK,SIN_IMPUTACION,OK
5101,05101,5,ANTIOQUIA,CIUDAD BOLÍVAR,Municipio,-76.021509,5.850273,,264608267.38709372,53,55,1.3,0.0000,40.4,75.78218036,EGC,1,0.0,0.0,No es PDET O ZOMAC,No es PDET O ZOMAC,0.0,63.60654934,70.72,0.814346357099541,0.0,0.0,0.0,1.095902278437148,70.72,0.0,0.01547831,1.44084936,0.82391607,-0.43744925,-0.47973884,0.59202142,0.45955893,Alto,Remota,1.25,NO,SIN_IMPUTACION,OK,SIN_IMPUTACION,OK
5107,05107,5,ANTIOQUIA,BRICEÑO,Municipio,-75.55036,7.112803,,384446083.87358713,642,685,11.14,0.0000,"55,4",46.93183151,EGC,1,1.0,1.0,ZOMAC-170,DAILD-52,53.35,0.0,53.17,0.5045408678102926,0.0,0.0,0.0168180289270097,0.0504540867810292,53.17,3.99544461,1.0,0.38868921,0.82391607,2.5910442,2.17422517,1.22755866,0.61188138,Alto,Remota,10.44,NO,SIN_IMPUTACION,OK,SIN_IMPUTACION,OK
5113,05113,5,ANTIOQUIA,BURITICÁ,Municipio,-75.907,6.720759,,362266027.5944268,447,514,8.87,0.0000,"51,3",19.9660577,EGC,1,0.0,0.0,No es PDET O ZOMAC,No es PDET O ZOMAC,0.0,37.06,65.23,0.3664495114006514,0.0,0.0,0.0,0.0,65.23,0.0,0.0262743,1.11171208,0.82391607,-0.43744925,-0.45063619,0.48118877,0.43299511,Alto,Remota,7.71,NO,SIN_IMPUTACION,OK,SIN_IMPUTACION,OK
5120,05120,5,ANTIOQUIA,CÁCERES,Municipio,-75.35205,7.578366,,1919387431.468045,0,0,0.0,0.0002,"66,4",86.64955071,EGC,1,1.0,1.0,ZOMAC-170,DAILD-52,64.1,0.0,47.96,2.274119448698316,0.0114854517611026,0.0,0.0,6.4050535987748844,47.96,4.17592455,1.0,0.07633853,0.82391607,2.72784557,2.17422517,1.1455962,0.59223702,Alto,Remota,0.0,NO,SIN_IMPUTACION,OK,SIN_IMPUTACION,OK
5125,05125,5,ANTIOQUIA,CAICEDO,Municipio,-75.98293,6.405607,,203771504.71092504,3,10,0.31,0.0000,54.6,11.27395716,,0,1.0,0.0,No,No,0.0,75.1367239,56.54,0.2280826799714896,0.0,0.0,0.0,0.0142551674982181,56.54,0.0,0.01313427,0.59072794,-0.60931468,-0.43744925,-0.48605764,-0.13643812,0.28496532,Medio,Presencial con precaución,0.09,NO,SIN_IMPUTACION,OK,SIN_IMPUTACION,OK
5129,05129,5,ANTIOQUIA,CALDAS,Municipio,-75.633673,6.091077,,135035789.85490477,24,30,1.39,0.0000,"16,0",17.42544812,,0,0.0,0.0,No es PDET O ZOMAC,No es PDET O ZOMAC,0.0,61.25,63.29,0.5291492806465625,0.0,0.0,0.0065814587145094,0.0302747100867436,63.29,0.0,0.01606426,0.99540492,-0.60931468,-0.43744925,-0.4781593,0.00638357,0.31919613,Medio,Presencial con precaución,1.11,NO,SIN_IMPUTACION,OK,SIN_IMPUTACION,OK
5134,05134,5,ANTIOQUIA,CAMPAMENTO,Municipio,-75.298091,6.979771,,210762999.67974555,51,59,1.75,0.0000,59.3,71.75807278,,0,1.0,0.0,ZOMAC-NO 170,ZOMAC-NO 52,53.34517038,0.0,72.18,0.2972169683869224,0.0,0.0,0.0,0.0,72.18,3.99535575,1.0,1.5283795,-0.60931468,2.59097684,2.17422517,1.19646756,0.60442962,Alto,Remota,1.51,NO,SIN_IMPUTACION,OK,SIN_IMPUTACION,OK
5138,05138,5,ANTIOQUIA,CAÑASGORDAS,Municipio,-76.028228,6.753859,,372038131.0622076,122,176,2.96,0.0000,45.3,48.86689878,,0,0.0,0.0,No es PDET O ZOMAC,No es PDET O ZOMAC,0.0,47.33870532,53.18,0.331809467630143,0.0073735437251142,0.0073735437251142,0.0,0.0221206311753428,53.18,0.0,0.02068736,0.38928873,-0.60931468,-0.43744925,-0.46569686,-0.20388773,0.26879933,Bajo,Presencial,2.05,NO,SIN_IMPUTACION,OK,SIN_IMPUTACION,OK
5142,05142,5,ANTIOQUIA,CARACOLÍ,Municipio,-74.757421,6.409829,,267755318.3654192,0,0,0.0,0.0000,35.9,41.45936982,,0,0.0,0.0,No es PDET O ZOMAC,No es PDET O ZOMAC,0.0,35.76436535,58.37,0.3034134007585335,0.0,0.0,0.0,0.0,58.37,0.0,0.02720025,0.70044037,-0.60931468,-0.43744925,-0.44814012,-0.09235114,0.29553187,Medio,Presencial con precaución,0.0,NO,SIN_IMPUTACION,OK,SIN_IMPUTACION,OK
5145,05145,5,ANTIOQUIA,CARAMANTA,Municipio,-75.643868,5.54853,,93474633.8663662,42,43,2.88,0.0000,"30,5",20.19793981,,0,0.0,0.0,No es PDET O ZOMAC,No es PDET O ZOMAC,0.0,69.81,41.62,0.3513703443429374,0.0,0.0,0.0,0.0234246896228624,41.62,0.0,0.0141223,-0.30375807,-0.60931468,-0.43744925,-0.48339421,-0.44910871,0.21002597,Bajo,Presencial,2.81,NO,SIN_IMPUTACION,OK,SIN_IMPUTACION,OK
5147,05147,5,ANTIOQUIA,CAREPA,Municipio,-76.652652,7.755148,,396282577.092164,6,16,0.25,0.0000,34.4,15.33036946,EGC,1,1.0,1.0,ZOMAC-170,ZOMAC-NO 52,0.0,14.87124524,50.01,25.101545253863133,0.0022075055187637,0.0022075055187637,0.0022075055187637,0.1501103752759381,50.01,0.0,0.06300703,0.19924043,0.82391607,-0.43744925,-0.3516162,0.17667669,0.36001115,Medio,Presencial con precaución,0.09,NO,SIN_IMPUTACION,OK,SIN_IMPUTACION,OK
5148,05148,5,ANTIOQUIA,EL CARMEN DE VIBORAL,Municipio,-75.333901,6.082885,,430931018.8663288,8,9,0.13,0.0000,18.5,14.00451257,,0,0.0,0.0,No es PDET O ZOMAC,No es PDET O ZOMAC,0.0,20.69573196,61.55,0.2891467373055255,0.0,0.0,0.0,0.0485020333544752,61.55,0.0,0.04609201,0.89108819,-0.60931468,-0.43744925,-0.39721381,-0.01798546,0.31335548,Medio,Presencial con precaución,0.12,NO,SIN_IMPUTACION,OK,SIN_IMPUTACION,OK
5150,05150,5,ANTIOQUIA,CAROLINA,Municipio,-75.283192,6.725995,,152603557.092507,0,0,0.0,0.0000,20.4,0.0,,0,0.0,0.0,No es PDET O ZOMAC,No es PDET O ZOMAC,0.0,21.46104959,58.9,1.144578313253012,0.0,0.0301204819277108,0.0,0.2409638554216867,58.9,0.0,0.04452152,0.732215,-0.60931468,-0.43744925,-0.40144738,-0.07422611,0.29987599,Medio,Presencial con precaución,0.0,NO,SIN_IMPUTACION,OK,SIN_IMPUTACION,OK
5154,05154,5,ANTIOQUIA,CAUCASIA,Municipio,-75.197996,7.977278,,1465458119.5714538,0,0,0.0,0.0000,36,65.43766551,EGC,1,1.0,1.0,ZOMAC-170,ZOMAC-NO 52,5.789398335,0.0,62.97,4.0741661634639295,0.0047360257639801,0.001184006440995,0.001184006440995,1.272806924069667,62.97,1.91536233,1.0,0.97622023,0.82391607,1.01436971,2.17422517,1.11785962,0.58558925,Alto,Remota,0.0,NO,SIN_IMPUTACION,OK,SIN_IMPUTACION,OK
5172,05172,5,ANTIOQUIA,CHIGORODÓ,Municipio,-76.681531,7.666147,,737954275.0578071,63,64,0.54,0.0000,37.7,20.88856753,EGC,1,1.0,1.0,ZOMAC-170,ZOMAC-NO 52,13.23291048,0.0,51.99,49.555419561539296,0.0017999208034846,0.0017999208034846,0.0053997624104539,3.995824183735915,51.99,2.65555692,1.0,0.31794568,0.82391607,1.57542729,2.17422517,0.99967504,0.55726335,Alto,Remota,0.53,NO,SIN_IMPUTACION,OK,SIN_IMPUTACION,OK
5190,05190,5,ANTIOQUIA,CISNEROS,Municipio,-75.087047,6.537829,,47851023.15840334,0,0,0.0,0.0000,"28,8",47.97543658,,0,0.0,0.0,No es PDET O ZOMAC,No es PDET O ZOMAC,0.0,38.86,52.51,1.2372061635361602,0.0,0.0,0.0,0.0674839725565178,52.51,0.0,0.02508781,0.34912079,-0.60931468,-0.43744925,-0.45383462,-0.21616717,0.26585626,Bajo,Presencial,0.0,NO,SIN_IMPUTACION,OK,SIN_IMPUTACION,OK
5197,05197,5,ANTIOQUIA,COCORNÁ,Municipio,-75.185483,6.058295,,245964516.89584705,0,0,0.0,0.0000,42.9,42.29351701,,0,1.0,0.0,No,No,0.0,14.36619347,55.24,0.5781133102088009,0.0,0.0,0.00680133306128,0.0,55.24,0.0,0.06507793,0.51279015,-0.60931468,-0.43744925,-0.3460337,-0.14271276,0.28346145,Medio,Presencial con precaución,0.0,NO,SIN_IMPUTACION,OK,SIN_IMPUTACION,OK
5206,05206,5,ANTIOQUIA,CONCEPCIÓN,Municipio,-75.257587,6.394348,,205841205.31941804,0,0,0.0,0.0000,"33,0",19.80590216,,0,1.0,0.0,No,No,0.0,40.4,59.22,0.3076134324532171,0.0,0.0,0.0,0.0,59.22,0.0,0.02415459,0.75139969,-0.60931468,-0.43744925,-0.45635028,-0.0757469,0.2995115,Medio,Presencial con precaución,0.0,NO,SIN_IMPUTACION,OK,SIN_IMPUTACION,OK
5209,05209,5,ANTIOQUIA,CONCORDIA,Municipio,-75.908448,6.045738,,252069635.94922903,0,0,0.0,0.0000,"48,5",65.97176408,,0,0.0,0.0,No es PDET O ZOMAC,No es PDET O ZOMAC,0.0,87.26,65.86,0.3797547158065119,0.0,0.0,0.0,0.0,65.86,0.0,0.01133016,1.14948194,-0.60931468,-0.43744925,-0.49092095,0.05839628,0.33166228,Medio,Presencial con precaución,0.0,NO,SIN_IMPUTACION,OK,SIN_IMPUTACION,OK
5212,05212,5,ANTIOQUIA,COPACABANA,Municipio,-75.509384,6.348557,,69009055.9778153,84,105,9.51,0.0000,11.6,19.00034438,,0,0.0,0.0,No es PDET O ZOMAC,No es PDET O ZOMAC,0.0,64.92178141,77.83,0.8741028943978548,0.0052577617708141,0.0065722022135177,0.0013144404427035,0.0670364625778806,77.83,0.0,0.01516949,1.86710912,-0.60931468,-0.43744925,-0.4805713,0.31111824,0.39223344,Medio,Presencial con precaución,7.61,NO,SIN_IMPUTACION,OK,SIN_IMPUTACION,OK
5234,05234,5,ANTIOQUIA,DABEIBA,Municipio,-76.261614,6.998112,,1996667360.1266425,298,337,1.05,0.0000,60.5,40.67355406,,0,1.0,1.0,ZOMAC-170,ZVTN-52,5.789398335,0.0,46.49,0.5115089514066496,0.0,0.0,0.0,20.910133168709763,46.49,1.91536233,1.0,-0.01179112,-0.60931468,1.01436971,2.17422517,0.34208642,0.39965574,Alto,Remota,0.93,NO,SIN_IMPUTACION,OK,SIN_IMPUTACION,OK
5237,05237,5,ANTIOQUIA,DONMATÍAS,Municipio,-75.39263,6.485603,,207224254.09030527,8,8,0.24,0.0000,"19,7",4.911591356,,0,0.0,0.0,No es PDET O ZOMAC,No es PDET O ZOMAC,0.0,48.76,60.85,0.4518816634893737,0.0,0.0,0.0,0.0,60.85,0.0,0.02009646,0.84912169,-0.60931468,-0.43744925,-0.46728973,-0.04318512,0.30731575,Medio,Presencial con precaución,0.24,NO,SIN_IMPUTACION,OK,SIN_IMPUTACION,OK
5240,05240,5,ANTIOQUIA,EBÉJICO,Municipio,-75.766413,6.325615,,242071471.98671177,45,49,1.27,0.0000,39.1,7.800312012,,0,0.0,0.0,No es PDET O ZOMAC,No es PDET O ZOMAC,0.0,76.02401974,32.38,0.4552940036811005,0.0,0.0096871064613,0.0,0.0193742129226,32.38,0.0,0.01298296,-0.8577159,-0.60931468,-0.43744925,-0.48646551,-0.64345464,0.16344609,Bajo,Presencial,1.16,NO,SIN_IMPUTACION,OK,SIN_IMPUTACION,OK
5250,05250,5,ANTIOQUIA,EL BAGRE,Municipio,-74.799097,7.5975,,1598970539.648074,0,0,0.0,0.0000,53.7,40.84822221,"EGC, ELN",2,1.0,1.0,ZOMAC-170,ZOMAC-NO 52,38.45814609,0.0,47.73,4.649940061830953,0.008412374603041,0.008412374603041,0.0021030936507602,1.8507224126690365,47.73,3.67524052,1.0,0.06254954,2.25714682,2.34833378,2.17422517,1.49483691,0.67594132,Alto,Remota,0.0,NO,SIN_IMPUTACION,OK,SIN_IMPUTACION,OK
5264,05264,5,ANTIOQUIA,ENTRERRÍOS,Municipio,-75.517685,6.566273,,218337995.6813917,0,0,0.0,0.0000,23.1,16.58099818,,0,0.0,0.0,No es PDET O ZOMAC,No es PDET O ZOMAC,0.0,44.67812596,59.48,0.3531153889964688,0.0,0.0,0.0,0.0797357329992026,59.48,0.0,0.02189232,0.76698725,-0.60931468,-0.43744925,-0.46244866,-0.07120602,0.30059983,Medio,Presencial con precaución,0.0,NO,SIN_IMPUTACION,OK,SIN_IMPUTACION,OK
5266,05266,5,ANTIOQUIA,ENVIGADO,Municipio,-75.582192,6.166695,,79371152.77281812,30,38,2.99,0.0000,4.9,5.235517752,,0,0.0,0.0,No es PDET O ZOMAC,No es PDET O ZOMAC,0.0,57.59911286,54.28,0.6494672855670786,0.0051995197534482,0.0075629378231974,0.002836101683699,0.0463229941670842,54.28,0.0,0.0170651,0.45523609,-0.60931468,-0.43744925,-0.47546132,-0.18227082,0.27398037,Bajo,Presencial,2.36,NO,SIN_IMPUTACION,OK,SIN_IMPUTACION,OK
5282,05282,5,ANTIOQUIA,FREDONIA,Municipio,-75.675072,5.928039,,262353927.48656613,0,0,0.0,0.0000,"31,6",3.848966552,,0,0.0,0.0,No es PDET O ZOMAC,No es PDET O ZOMAC,0.0,64.41,53.21,0.8376013657703799,0.0053350405463081,0.0,0.0053350405463081,0.0800256081946222,53.21,0.0,0.01528818,0.39108729,-0.60931468,-0.43744925,-0.48025135,-0.2054414,0.26842696,Bajo,Presencial,0.0,NO,SIN_IMPUTACION,OK,SIN_IMPUTACION,OK
5284,05284,5,ANTIOQUIA,FRONTINO,Municipio,-76.130765,6.776066,,1410209165.2297237,40,63,0.28,0.0000,51.3,22.82583885,,0,1.0,0.0,No,No,0.0,40.74018093,48.93,0.5171299288946347,0.0049724031624484,0.0,0.0,18.7757943414052,48.93,0.0,0.02395773,0.13449211,-0.60931468,-0.43744925,-0.45688095,-0.29174416,0.24774234,Bajo,Presencial,0.18,NO,SIN_IMPUTACION,OK,SIN_IMPUTACION,OK
5306,05306,5,ANTIOQUIA,GIRALDO,Municipio,-75.952158,6.680808,,95290915.8625377,75,101,6.62,0.0000,"33,4",16.77008217,,0,0.0,0.0,No es PDET O ZOMAC,No es PDET O ZOMAC,0.0,51.07,47.94,0.2966185485465691,0.0,0.0,0.0,0.0,47.94,0.0,0.01920492,0.07513949,-0.60931468,-0.43744925,-0.46969306,-0.31443939,0.24230285,Bajo,Presencial,4.92,NO,SIN_IMPUTACION,OK,SIN_IMPUTACION,OK
5308,05308,5,ANTIOQUIA,GIRARDOTA,Municipio,-75.444238,6.379472,,84395237.8211649,56,74,5.48,0.0000,"13,9",23.25498193,,0,0.0,0.0,No es PDET O ZOMAC,No es PDET O ZOMAC,0.0,61.06,62.12,6.116746015317739,0.0062098944317946,0.0,0.0020699648105982,0.0931484164769198,62.12,0.0,0.01611344,0.92526091,-0.60931468,-0.43744925,-0.47802672,-0.01814694,0.31331677,Medio,Presencial con precaución,4.15,NO,SIN_IMPUTACION,OK,SIN_IMPUTACION,OK
5310,05310,5,ANTIOQUIA,GÓMEZ PLATA,Municipio,-75.220018,6.683269,,338882851.7159128,13,13,0.24,0.0000,"34,1",28.85447725,,0,0.0,0.0,No es PDET O ZOMAC,No es PDET O ZOMAC,0.0,21.9,62.25,0.7915245981490502,0.0,0.0,0.0,0.0121773015099853,62.25,0.0,0.04366812,0.93305469,-0.60931468,-0.43744925,-0.40374787,-0.00427729,0.31664098,Medio,Presencial con precaución,0.24,NO,SIN_IMPUTACION,OK,SIN_IMPUTACION,OK
5313,05313,5,ANTIOQUIA,GRANADA,Municipio,-75.184446,6.142892,,193617057.32615915,1,3,0.1,0.0000,"33,4",27.81641168,,0,1.0,0.0,No,No,0.0,18.02,54.39,1.7711615777463872,0.0,0.0,0.0108660219493643,1.2713245680756275,54.39,0.0,0.05257624,0.46183083,-0.60931468,-0.43744925,-0.37973437,-0.16560362,0.27797508,Bajo,Presencial,0.03,NO,SIN_IMPUTACION,OK,SIN_IMPUTACION,OK
5315,05315,5,ANTIOQUIA,GUADALUPE,Municipio,-75.239862,6.815069,,120658475.73405504,21,25,1.29,0.0000,"41,1",28.71088142,,0,1.0,0.0,No,No,5.789,0.0,42.81,0.5319148936170213,0.0,0.0,0.0,0.0917094644167278,42.81,1.91530366,1.0,-0.23241502,-0.60931468,1.01432524,2.17422517,0.26485916,0.38114629,Medio,Presencial con precaución,1.09,NO,SIN_IMPUTACION,OK,SIN_IMPUTACION,OK
5318,05318,5,ANTIOQUIA,GUARNE,Municipio,-75.441612,6.27787,,154566459.59485427,10,19,0.77,0.0000,17.0,21.7718975,,0,0.0,0.0,No es PDET O ZOMAC,No es PDET O ZOMAC,0.0,54.9683868,68.06,0.3520959223485749,0.0047580530047104,0.0,0.0023790265023552,0.0927820335918542,68.06,0.0,0.01786723,1.28137666,-0.60931468,-0.43744925,-0.47329905,0.10720272,0.34335996,Medio,Presencial con precaución,0.4,NO,SIN_IMPUTACION,OK,SIN_IMPUTACION,OK
5321,05321,5,ANTIOQUIA,GUATAPÉ,Municipio,-75.160041,6.232461,,84849794.75312229,0,0,0.0,0.0000,"11,4",22.172949,,0,0.0,0.0,No es PDET O ZOMAC,No es PDET O ZOMAC,0.0,25.98,66.57,0.4144041154615604,0.0,0.0,0.0,0.0571591883395255,66.57,0.0,0.03706449,1.19204796,-0.60931468,-0.43744925,-0.4215492,0.08370015,0.33772698,Medio,Presencial con precaución,0.0,NO,SIN_IMPUTACION,OK,SIN_IMPUTACION,OK
5347,05347,5,ANTIOQUIA,HELICONIA,Municipio,-75.734322,6.206757,,116876360.61990796,4,7,0.37,0.0000,"37,5",34.98950315,,0,0.0,0.0,No es PDET O ZOMAC,No es PDET O ZOMAC,0.0,80.54,68.25,0.4459545551072414,0.0,0.0212359311955829,0.0,0.1274155871734975,68.25,0.0,0.01226392,1.29276756,-0.60931468,-0.43744925,-0.48840382,0.10892382,0.34377247,Medio,Presencial con precaución,0.21,NO,SIN_IMPUTACION,OK,SIN_IMPUTACION,OK
5353,05353,5,ANTIOQUIA,HISPANIA,Municipio,-75.906587,5.799461,,58438768.93045851,0,0,0.0,0.0000,36.9,153.9514198,,0,0.0,0.0,No es PDET O ZOMAC,No es PDET O ZOMAC,0.0,71.97147157,51.75,0.787878787878788,0.0,0.0,0.0,0.2222222222222222,51.75,0.0,0.01370399,0.30355716,-0.60931468,-0.43744925,-0.48452185,-0.23671752,0.26093085,Bajo,Presencial,0.0,NO,SIN_IMPUTACION,OK,SIN_IMPUTACION,OK
5360,05360,5,ANTIOQUIA,ITAGÜÍ,Municipio,-75.612056,6.175079,,19996446.6483159,0,1,0.31,0.0000,10.9,4.676830979,,0,0.0,0.0,No es PDET O ZOMAC,No es PDET O ZOMAC,0.0,65.44009787,56.7,0.7978560724225463,0.0118512401749395,0.0019114903507967,0.0015291922806373,0.1196592959598739,56.7,0.0,0.01505115,0.60032028,-0.60931468,-0.43744925,-0.48089031,-0.1323057,0.28595576,Medio,Presencial con precaución,0.0,NO,SIN_IMPUTACION,OK,SIN_IMPUTACION,OK
5361,05361,5,ANTIOQUIA,ITUANGO,Municipio,-75.764673,7.171629,,2903822717.380503,871,906,1.95,0.0000,57.6,44.9982693,,0,1.0,1.0,ZOMAC-170,ZVTN-52,51.27752811,0.0,47.63,0.6831860326411104,0.0759095591823456,0.0054221113701675,0.0,2.5863471235699182,47.63,3.95656661,1.0,0.05655432,-0.60931468,2.56157519,2.17422517,0.67544842,0.47955431,Alto,Remota,1.87,NO,SIN_IMPUTACION,OK,SIN_IMPUTACION,OK
5364,05364,5,ANTIOQUIA,JARDÍN,Municipio,-75.818982,5.597542,,204233505.0593781,0,0,0.0,0.0000,28.5,12.89241282,,0,0.0,0.0,No es PDET O ZOMAC,No es PDET O ZOMAC,0.0,75.18492642,59.34,0.4980301791421987,0.0,0.0,0.0,10.964097227384228,59.34,0.0,0.01312596,0.75859395,-0.60931468,-0.43744925,-0.48608004,-0.07768838,0.29904617,Medio,Presencial con precaución,0.0,NO,SIN_IMPUTACION,OK,SIN_IMPUTACION,OK
5368,05368,5,ANTIOQUIA,JERICÓ,Municipio,-75.785499,5.789748,,208281129.4774244,0,0,0.0,0.0000,25.8,13.83700014,,0,0.0,0.0,No es PDET O ZOMAC,No es PDET O ZOMAC,0.0,75.12469385,56.44,0.2172732210755024,0.0,0.0,0.0,0.0181061017562918,56.44,0.0,0.01313634,0.58473272,-0.60931468,-0.43744925,-0.48605205,-0.13853561,0.28446261,Medio,Presencial con precaución,0.0,NO,SIN_IMPUTACION,OK,SIN_IMPUTACION,OK
5376,05376,5,ANTIOQUIA,LA CEJA,Municipio,-75.429433,6.028062,,134986956.20466903,22,27,1.25,0.0000,11.5,5.682867575,,0,0.0,0.0,No es PDET O ZOMAC,No es PDET O ZOMAC,0.0,38.54124513,58.74,0.3453144402674061,0.001701056355997,0.001701056355997,0.0,0.0255158453399561,58.74,0.0,0.02529005,0.72262266,-0.60931468,-0.43744925,-0.45328944,-0.08535974,0.29720754,Medio,Presencial con precaución,1.02,NO,SIN_IMPUTACION,OK,SIN_IMPUTACION,OK
5380,05380,5,ANTIOQUIA,LA ESTRELLA,Municipio,-75.637708,6.145238,,37271490.00109724,1,1,0.17,0.0000,9.2,10.30781719,,0,0.0,0.0,No es PDET O ZOMAC,No es PDET O ZOMAC,0.0,66.82540783,60.34,0.5387898868690487,0.0044774782842303,0.0,0.0,0.0179099131369212,60.34,0.0,0.01474374,0.81854609,-0.60931468,-0.43744925,-0.48171901,-0.05605097,0.30423212,Medio,Presencial con precaución,0.17,NO,SIN_IMPUTACION,OK,SIN_IMPUTACION,OK
5390,05390,5,ANTIOQUIA,LA PINTADA,Municipio,-75.60781,5.743808,,55169474.76262378,0,0,0.0,0.0000,"31,2",0.0,,0,0.0,0.0,No es PDET O ZOMAC,No es PDET O ZOMAC,0.0,58.14,70.66,1.09104589917231,0.0,0.0,0.0,0.1128668171557562,70.66,0.0,0.01690903,1.43725223,-0.60931468,-0.43744925,-0.47588205,0.16137172,0.35634293,Medio,Presencial con precaución,0.0,NO,SIN_IMPUTACION,OK,SIN_IMPUTACION,OK
5400,05400,5,ANTIOQUIA,LA UNIÓN,Municipio,-75.360874,5.973845,,170589659.60333908,41,42,1.54,0.0000,"23,0",26.00554785,,0,0.0,0.0,No es PDET O ZOMAC,No es PDET O ZOMAC,0.0,28.92,60.7,0.23628122287588,0.0048220657729771,0.0,0.0,0.0096441315459542,60.7,0.0,0.03342246,0.84012886,-0.60931468,-0.43744925,-0.43136699,-0.0409442,0.30785284,Medio,Presencial con precaución,1.5,NO,SIN_IMPUTACION,OK,SIN_IMPUTACION,OK
5411,05411,5,ANTIOQUIA,LIBORINA,Municipio,-75.812838,6.677316,,220668622.09845108,81,81,2.29,0.0000,"43,3",46.95276552,,0,0.0,0.0,No es PDET O ZOMAC,No es PDET O ZOMAC,0.0,34.62,57.63,0.4302708175145533,0.0,0.0,0.0,0.0126550240445456,57.63,0.0,0.02807412,0.65607578,-0.60931468,-0.43744925,-0.44578446,-0.1075254,0.29189498,Medio,Presencial con precaución,2.29,NO,SIN_IMPUTACION,OK,SIN_IMPUTACION,OK
5425,05425,5,ANTIOQUIA,MACEO,Municipio,-74.78716,6.552116,,394706448.226649,0,0,0.0,0.0000,36,45.94004824,,0,0.0,0.0,No es PDET O ZOMAC,No es PDET O ZOMAC,0.0,14.9216075,68.72,0.7131102578167855,0.0,0.0,0.0,0.1097092704333516,68.72,0.0,0.06280773,1.32094507,-0.60931468,-0.43744925,-0.35215345,0.1392235,0.35103455,Medio,Presencial con precaución,0.0,NO,SIN_IMPUTACION,OK,SIN_IMPUTACION,OK
5440,05440,5,ANTIOQUIA,MARINILLA,Municipio,-75.339345,6.173995,,116932039.5689358,0,0,0.0,0.0000,15.4,21.45984148,,0,0.0,0.0,No es PDET O ZOMAC,No es PDET O ZOMAC,0.0,38.45150435,65.61,0.3295608872793119,0.0036215482118605,0.0,0.0,0.0688094160253508,65.61,0.0,0.02534758,1.1344939,-0.60931468,-0.43744925,-0.45313436,0.05881846,0.33176346,Medio,Presencial con precaución,0.0,NO,SIN_IMPUTACION,OK,SIN_IMPUTACION,OK
5467,05467,5,ANTIOQUIA,MONTEBELLO,Municipio,-75.523455,5.946313,,77303146.01388595,44,44,3.56,0.0000,"39,5",14.21464108,,0,1.0,0.0,No,No,0.0,46.82,57.18,0.2210508416935895,0.0,0.0,0.0,0.1190273762965481,57.18,0.0,0.02091175,0.62909731,-0.60931468,-0.43744925,-0.46509196,-0.11986399,0.28893773,Medio,Presencial con precaución,3.56,NO,SIN_IMPUTACION,OK,SIN_IMPUTACION,OK
5475,05475,5,ANTIOQUIA,MURINDÓ,Municipio,-76.817485,6.97771,,1290068098.0335927,26,29,0.14,0.0000,81.5,18.86792453,,0,1.0,1.0,ZOMAC-170,ZOMAC-NO 52,44.66107287,0.0,21.0,51.93881947436449,0.0215424386040499,0.0,0.0430848772080999,41.46919431279621,21.0,3.82124614,1.0,-1.53997131,-0.60931468,2.45900409,2.17422517,0.09615023,0.34071096,Medio,Presencial con precaución,0.13,NO,SIN_IMPUTACION,OK,SIN_IMPUTACION,OK
5480,05480,5,ANTIOQUIA,MUTATÁ,Municipio,-76.435875,7.242875,,1098200755.8026817,30,31,0.18,0.0000,57.8,19.95344197,,0,1.0,1.0,ZOMAC-170,ZOMAC-NO 52,13.23291048,0.0,60.51,9.419139819076335,0.007935248373274,0.0,0.0,16.783050309474685,60.51,2.65555692,1.0,0.82873796,-0.60931468,1.57542729,2.17422517,0.74848312,0.4970589,Alto,Remota,0.17,NO,SIN_IMPUTACION,OK,SIN_IMPUTACION,OK
5483,05483,5,ANTIOQUIA,NARIÑO,Municipio,-75.176262,5.610777,,321784879.0973057,0,0,0.0,0.0000,"51,8",46.24491306,EGC,1,1.0,0.0,No,No,0.0,30.5,45.97,0.3139899988370741,0.0,0.0116292592161879,0.0,0.0232585184323758,45.97,0.0,0.03174603,-0.04296624,0.82391607,-0.43744925,-0.43588611,0.07926387,0.33666372,Medio,Presencial con precaución,0.0,NO,SIN_IMPUTACION,OK,SIN_IMPUTACION,OK
5490,05490,5,ANTIOQUIA,NECOCLÍ,Municipio,-76.787271,8.434526,,1289201186.3386948,22,42,0.2,0.0000,62.7,4.392708105,EGC,1,1.0,1.0,ZOMAC-170,ZOMAC-NO 52,0.0,44.36332813,39.66,47.78240499739719,0.0026028110359187,0.0026028110359187,0.0208224882873503,3.8912024986985942,39.66,0.0,0.02204424,-0.42126428,0.82391607,-0.43744925,-0.46203913,-0.0570634,0.30398947,Medio,Presencial con precaución,0.11,NO,SIN_IMPUTACION,OK,SIN_IMPUTACION,OK
5495,05495,5,ANTIOQUIA,NECHÍ,Municipio,-74.77647,8.094129,,961837174.645208,0,0,0.0,0.0000,61.5,17.92050464,EGC,1,1.0,1.0,ZOMAC-170,ZOMAC-NO 52,44.66107287,0.0,42.49,12.380357885975863,0.0041614648356221,0.0,0.0,0.3870162297128589,42.49,3.82124614,1.0,-0.2515997,0.82391607,2.45900409,2.17422517,0.97704952,0.55184058,Alto,Remota,0.0,NO,SIN_IMPUTACION,OK,SIN_IMPUTACION,OK
5501,05501,5,ANTIOQUIA,OLAYA,Municipio,-75.811773,6.626492,,88655761.76418906,1,1,0.07,0.0000,"33,4",0.0,,0,0.0,0.0,No es PDET O ZOMAC,No es PDET O ZOMAC,0.0,45.56,34.05,1.1769032732622289,0.0,0.0,0.0,0.0367782272894446,34.05,0.0,0.02147766,-0.75759581,-0.60931468,-0.43744925,-0.46356644,-0.60497775,0.17266804,Bajo,Presencial,0.07,NO,SIN_IMPUTACION,OK,SIN_IMPUTACION,OK
5541,05541,5,ANTIOQUIA,PEÑOL,Municipio,-75.242693,6.219349,,120465338.05535723,3,4,0.21,0.0000,20,44.26345609,,0,0.0,0.0,No es PDET O ZOMAC,No es PDET O ZOMAC,0.0,31.51615183,62.7,0.405645699044232,0.0,0.0,0.0,0.0722382751722605,62.7,0.0,0.03075395,0.96003316,-0.60931468,-0.43744925,-0.43856047,-5.672e-05,0.31765255,Medio,Presencial con precaución,0.16,NO,SIN_IMPUTACION,OK,SIN_IMPUTACION,OK
5543,05543,5,ANTIOQUIA,PEQUE,Municipio,-75.910357,7.021029,,443138218.2043917,74,118,1.66,0.0000,53.5,23.13743637,,0,0.0,0.0,No es PDET O ZOMAC,No es PDET O ZOMAC,0.0,24.13405331,37.1,0.8122111749054753,0.0,0.0,0.0,0.0,37.1,0.0,0.03978666,-0.57474177,-0.60931468,-0.43744925,-0.41421109,-0.53357554,0.18978138,Bajo,Presencial,1.04,NO,SIN_IMPUTACION,OK,SIN_IMPUTACION,OK
5576,05576,5,ANTIOQUIA,PUEBLORRICO,Municipio,-75.839903,5.79158,,76642903.54124668,0,0,0.0,0.0000,"45,7",76.10350076,,0,0.0,0.0,No es PDET O ZOMAC,No es PDET O ZOMAC,0.0,77.22,54.41,0.4026659261316301,0.0,0.0,0.0,2.3188003332407665,54.41,0.0,0.01278445,0.46302987,-0.60931468,-0.43744925,-0.48700063,-0.18127389,0.27421931,Bajo,Presencial,0.0,NO,SIN_IMPUTACION,OK,SIN_IMPUTACION,OK
5579,05579,5,ANTIOQUIA,PUERTO BERRÍO,Municipio,-74.410016,6.487028,,1243901592.686963,0,0,0.0,54.5357,32.1,35.54249698,,0,1.0,0.0,No,No,0.0,22.72081682,67.24,4.040121818334218,0.013969992456204,0.0,0.0055879969824816,0.1592579140007264,67.24,0.0,0.04215706,1.2322159,-0.60931468,-0.43744925,-0.40782121,0.09981813,0.34159006,Medio,Presencial con precaución,0.0,NO,SIN_IMPUTACION,OK,SIN_IMPUTACION,OK
5585,05585,5,ANTIOQUIA,PUERTO NARE,Municipio,-74.583012,6.186025,,681380338.8027943,0,0,0.0,0.0000,33.1,13.1302521,,0,0.0,0.0,No es PDET O ZOMAC,No es PDET O ZOMAC,0.0,20.09598129,45.0,2.985074626865672,0.0329842500206151,0.0,0.0,0.1649212501030758,45.0,0.0,0.04740239,-0.10111982,-0.60931468,-0.43744925,-0.39368144,-0.36472841,0.23024983,Bajo,Presencial,0.0,NO,SIN_IMPUTACION,OK,SIN_IMPUTACION,OK
5591,05591,5,ANTIOQUIA,PUERTO TRIUNFO,Municipio,-74.64119,5.871318,,375998647.01788986,0,0,0.0,0.0000,29.3,10.22808633,,0,0.0,0.0,No es PDET O ZOMAC,No es PDET O ZOMAC,0.0,14.05291906,62.17,0.7553260167850226,0.0,0.0,0.0,0.0193673337637185,62.17,0.0,0.0664323,0.92825852,-0.60931468,-0.43744925,-0.34238274,0.00324882,0.3184448,Medio,Presencial con precaución,0.0,NO,SIN_IMPUTACION,OK,SIN_IMPUTACION,OK
5604,05604,5,ANTIOQUIA,REMEDIOS,Municipio,-74.698135,7.029424,,2032214783.3686483,211,216,0.66,173.2426,42.1,150.8147274,EGC,1,1.0,1.0,ZOMAC-170,ZVTN-52,26.05229251,0.0,66.91,0.5328833429548381,0.0,0.0044406945246236,0.0,0.4263066743638705,66.91,3.29777175,1.0,1.21243169,0.82391607,2.06221752,2.17422517,1.41010319,0.65563276,Alto,Remota,0.65,NO,SIN_IMPUTACION,OK,SIN_IMPUTACION,OK
5607,05607,5,ANTIOQUIA,RETIRO,Municipio,-75.501301,6.062454,,247807424.8599312,6,23,0.58,0.0000,"11,7",11.79662616,,0,0.0,0.0,No es PDET O ZOMAC,No es PDET O ZOMAC,0.0,49.63,56.07,0.2868533644496305,0.0,0.0,0.0,0.0097238428626993,56.07,0.0,0.01975114,0.56255043,-0.60931468,-0.43744925,-0.46822062,-0.1436247,0.28324288,Medio,Presencial con precaución,0.15,NO,SIN_IMPUTACION,OK,SIN_IMPUTACION,OK
5615,05615,5,ANTIOQUIA,RIONEGRO,Municipio,-75.377316,6.147148,,199413438.13348165,1,1,0.03,0.0000,9.5,20.4248366,,0,0.0,0.0,No es PDET O ZOMAC,No es PDET O ZOMAC,0.0,44.9723817,64.73,0.6234164265004223,0.0052241599986068,0.0008706933331011,0.0008706933331011,0.0409225866557539,64.73,0.0,0.02175219,1.08173601,-0.60931468,-0.43744925,-0.4628264,0.03889939,0.32698936,Medio,Presencial con precaución,0.03,NO,SIN_IMPUTACION,OK,SIN_IMPUTACION,OK
5628,05628,5,ANTIOQUIA,SABANALARGA,Municipio,-75.816645,6.850028,,271181586.3604288,343,362,8.34,0.0000,"52,8",31.03020273,,0,0.0,0.0,No es PDET O ZOMAC,No es PDET O ZOMAC,0.0,20.36,46.0,1.15192627671829,0.0127991808524254,0.0255983617048508,0.0,0.0511967234097017,46.0,0.0,0.04681648,-0.04116767,-0.60931468,-0.43744925,-0.39526088,-0.34398207,0.23522221,Bajo,Presencial,7.91,NO,SIN_IMPUTACION,OK,SIN_IMPUTACION,OK
5631,05631,5,ANTIOQUIA,SABANETA,Municipio,-75.615479,6.149903,,16112499.8101049,0,1,0.39,0.0000,"4,5",2.230972593,,0,0.0,0.0,No es PDET O ZOMAC,No es PDET O ZOMAC,0.0,62.82,63.81,0.6982726938625505,0.0147004777655273,0.0024500796275878,0.0036751194413818,0.0539017518069337,63.81,0.0,0.01566907,1.02658004,-0.60931468,-0.43744925,-0.4792246,0.01713507,0.32177299,Medio,Presencial con precaución,0.0,NO,SIN_IMPUTACION,OK,SIN_IMPUTACION,OK
5642,05642,5,ANTIOQUIA,SALGAR,Municipio,-75.976807,5.964198,,292986462.56496185,0,4,0.09,0.0000,"49,7",134.617376,,0,1.0,0.0,No,No,0.0,74.24,53.85,0.6230529595015576,0.0,0.0,0.0,0.0445037828215398,53.85,0.0,0.0132908,0.42945667,-0.60931468,-0.43744925,-0.48563567,-0.19281977,0.27145205,Bajo,Presencial,0.0,NO,SIN_IMPUTACION,OK,SIN_IMPUTACION,OK
5647,05647,5,ANTIOQUIA,SAN ANDRÉS DE CUERQUÍA,Municipio,-75.674564,6.916676,,223229156.48079357,28,29,0.81,0.0000,"48,5",130.7360439,EGC,1,1.0,0.0,No,No,5.789,0.0,67.94,0.7148530579825259,0.0,0.0,0.0,0.0158856235107227,67.94,1.91530366,1.0,1.2741824,0.82391607,1.01432524,2.17422517,1.22213748,0.61058206,Alto,Remota,0.78,NO,SIN_IMPUTACION,OK,SIN_IMPUTACION,OK
5649,05649,5,ANTIOQUIA,SAN CARLOS,Municipio,-74.988097,6.187746,,730896165.2607386,0,0,0.0,0.0000,30.5,23.55157796,,0,1.0,0.0,No,No,5.789398335,0.0,49.15,0.3270020176720239,0.0,0.0,0.0,0.0695748973770263,49.15,1.91536233,1.0,0.14768158,-0.60931468,1.01436971,2.17422517,0.39790187,0.41303331,Alto,Remota,0.0,NO,SIN_IMPUTACION,OK,SIN_IMPUTACION,OK
5652,05652,5,ANTIOQUIA,SAN FRANCISCO,Municipio,-75.101562,5.963476,,362405028.9889858,0,0,0.0,0.0000,46.4,150.1000667,EGC,1,1.0,0.0,No,No,13.23291048,0.0,40.37,0.4977982002680452,0.0,0.0,0.0,0.019146084625694,40.37,2.65555692,1.0,-0.37869825,0.82391607,1.57542729,2.17422517,0.75584967,0.49882448,Alto,Remota,0.0,NO,SIN_IMPUTACION,OK,SIN_IMPUTACION,OK
5656,05656,5,ANTIOQUIA,SAN JERÓNIMO,Municipio,-75.726975,6.44809,,164260789.287767,3,4,0.15,0.0000,"30,5",42.42681375,,0,0.0,0.0,No es PDET O ZOMAC,No es PDET O ZOMAC,0.0,62.24,60.91,0.2741186324526003,0.0,0.0,0.0,0.06852965811315,60.91,0.0,0.01581278,0.85271882,-0.60931468,-0.43744925,-0.47883721,-0.04365825,0.30720235,Medio,Presencial con precaución,0.11,NO,SIN_IMPUTACION,OK,SIN_IMPUTACION,OK
5658,05658,5,ANTIOQUIA,SAN JOSÉ DE LA MONTAÑA,Municipio,-75.683352,6.85009,,128616501.51271744,79,79,3.84,0.0000,"34,0",51.02040816,EGC,1,0.0,0.0,No es PDET O ZOMAC,No es PDET O ZOMAC,0.0,19.87,50.56,0.9485094850948508,0.0,0.0,0.0,0.0,50.56,0.0,0.04791567,0.23221411,0.82391607,-0.43744925,-0.39229781,0.18211524,0.36131463,Medio,Presencial con precaución,3.84,NO,SIN_IMPUTACION,OK,SIN_IMPUTACION,OK
5659,05659,5,ANTIOQUIA,SAN JUAN DE URABÁ,Municipio,-76.52857,8.758964,,259097535.7897672,5,5,0.12,0.0000,61.1,0.0,EGC,1,0.0,0.0,No es PDET O ZOMAC,No es PDET O ZOMAC,0.0,60.65193525,40.63,51.28551420568227,0.0250100040016006,0.0,0.0600240096038415,1.055422168867547,40.63,0.0,0.01622009,-0.3631107,0.82391607,-0.43744925,-0.47773922,-0.03906466,0.30830332,Medio,Presencial con precaución,0.12,NO,SIN_IMPUTACION,OK,SIN_IMPUTACION,OK
5660,05660,5,ANTIOQUIA,SAN LUIS,Municipio,-74.993619,6.043017,,433077296.3316708,0,0,0.0,0.0000,"32,4",14.50221159,EGC,1,1.0,0.0,No,No,5.789,0.0,80.78,0.4595008559329669,0.0270294621137039,0.0,0.0,0.0180196414091359,80.78,1.91530366,1.0,2.04396795,0.82391607,1.01432524,2.17422517,1.49156243,0.67515651,Alto,Remota,0.0,NO,SIN_IMPUTACION,OK,SIN_IMPUTACION,OK
5664,05664,5,ANTIOQUIA,SAN PEDRO DE LOS MILAGROS,Municipio,-75.556743,6.46012,,225095278.09787244,5,5,0.14,0.0000,"19,5",25.4528486,EGC,1,0.0,0.0,No es PDET O ZOMAC,No es PDET O ZOMAC,0.0,59.62,63.19,0.3349001175088131,0.0,0.0,0.0,0.0235017626321974,63.19,0.0,0.01649621,0.98940971,0.82391607,-0.43744925,-0.4769949,0.43442913,0.42178799,Alto,Remota,0.14,NO,SIN_IMPUTACION,OK,SIN_IMPUTACION,OK
5665,05665,5,ANTIOQUIA,SAN PEDRO DE URABÁ,Municipio,-76.380567,8.276884,,618648307.5796653,43,57,0.58,0.0000,62.3,0.0,EGC,1,1.0,1.0,ZOMAC-170,ZOMAC-NO 52,0.0,26.33263613,37.05,1.084353379457158,0.0,0.0532197977647684,0.0,1.902607770090473,37.05,0.0,0.0365863,-0.57773938,0.82391607,-0.43744925,-0.42283826,-0.10594955,0.29227267,Medio,Presencial con precaución,0.43,NO,SIN_IMPUTACION,OK,SIN_IMPUTACION,OK
5667,05667,5,ANTIOQUIA,SAN RAFAEL,Municipio,-75.02849,6.293759,,370706612.5211359,0,0,0.0,0.0000,36.8,18.05380032,EGC,1,1.0,0.0,No,No,0.0,22.23156226,39.24,0.4539300788404874,0.0,0.0,0.0477821135621565,0.0,39.24,0.0,0.04304489,-0.44644418,0.82391607,-0.43744925,-0.40542792,-0.05738468,0.30391246,Medio,Presencial con precaución,0.0,NO,SIN_IMPUTACION,OK,SIN_IMPUTACION,OK
5670,05670,5,ANTIOQUIA,SAN ROQUE,Municipio,-75.019109,6.485939,,433013164.0591873,0,0,0.0,0.0000,40.8,26.12557694,,0,0.0,0.0,No es PDET O ZOMAC,No es PDET O ZOMAC,0.0,35.0763526,59.26,0.3098591549295774,0.0,0.0,0.0,0.0056338028169014,59.26,0.0,0.02771899,0.75379778,-0.60931468,-0.43744925,-0.44674177,-0.0734663,0.3000581,Medio,Presencial con precaución,0.0,NO,SIN_IMPUTACION,OK,SIN_IMPUTACION,OK
5674,05674,5,ANTIOQUIA,SAN VICENTE FERRER,Municipio,-75.332616,6.282164,,234733111.00300488,2,3,0.08,0.0000,27.8,16.98802344,,0,0.0,0.0,No es PDET O ZOMAC,No es PDET O ZOMAC,0.0,45.67448176,75.65,0.1501084116306221,0.0,0.0,0.0,0.0,75.65,0.0,0.02142498,1.73641344,-0.60931468,-0.43744925,-0.46370845,0.26790418,0.3818761,Medio,Presencial con precaución,0.05,NO,SIN_IMPUTACION,OK,SIN_IMPUTACION,OK
5679,05679,5,ANTIOQUIA,SANTA BÁRBARA,Municipio,-75.567351,5.875527,,199420687.77262303,11,15,0.47,0.0000,28.1,21.53470677,,0,0.0,0.0,No es PDET O ZOMAC,No es PDET O ZOMAC,0.0,53.80002397,53.62,0.421322586554314,0.0,0.0,0.0,0.0274775599926726,53.62,0.0,0.01824817,0.41566767,-0.60931468,-0.43744925,-0.47227216,-0.19564139,0.27077577,Bajo,Presencial,0.34,NO,SIN_IMPUTACION,OK,SIN_IMPUTACION,OK
5686,05686,5,ANTIOQUIA,SANTA ROSA DE OSOS,Municipio,-75.460723,6.643366,,881879312.2002628,8,8,0.06,0.0000,30.9,28.16612895,,0,0.0,0.0,No es PDET O ZOMAC,No es PDET O ZOMAC,0.0,37.59415692,66.81,0.4546952224052718,0.0,0.0,0.0,0.0362438220757825,66.81,0.0,0.02591066,1.20643647,-0.60931468,-0.43744925,-0.45161647,0.08422604,0.33785303,Medio,Presencial con precaución,0.06,NO,SIN_IMPUTACION,OK,SIN_IMPUTACION,OK
5690,05690,5,ANTIOQUIA,SANTO DOMINGO,Municipio,-75.164903,6.473032,,271058859.5602502,0,0,0.0,0.0000,"41,5",30.59273423,,0,1.0,0.0,No,No,0.0,45.24,63.99,0.5567226890756303,0.0,0.0,0.0,0.0315126050420168,63.99,0.0,0.0216263,1.03737142,-0.60931468,-0.43744925,-0.46316577,0.02332088,0.32325558,Medio,Presencial con precaución,0.0,NO,SIN_IMPUTACION,OK,SIN_IMPUTACION,OK
5697,05697,5,ANTIOQUIA,EL SANTUARIO,Municipio,-75.265465,6.136871,,84932226.0298337,1,1,0.07,0.0000,22.0,20.98856123,,0,0.0,0.0,No es PDET O ZOMAC,No es PDET O ZOMAC,0.0,30.87876446,66.46,0.2016195670137167,0.0,0.0099157164105106,0.0,0.0099157164105106,66.46,0.0,0.03136884,1.18545322,-0.60931468,-0.43744925,-0.43690289,0.07908894,0.33662179,Medio,Presencial con precaución,0.07,NO,SIN_IMPUTACION,OK,SIN_IMPUTACION,OK
5736,05736,5,ANTIOQUIA,SEGOVIA,Municipio,-74.701596,7.079648,,1153024282.6201675,5,5,0.03,0.0000,42.8,85.52856654,EGC,1,1.0,1.0,ZOMAC-170,ZOMAC-NO 52,26.05229251,0.0,74.09,2.6418492945061542,0.0030021014710297,0.0030021014710297,0.0,1.7232062443710598,74.09,3.29777175,1.0,1.64288809,0.82391607,2.06221752,2.17422517,1.56076293,0.69174214,Alto,Remota,0.03,NO,SIN_IMPUTACION,OK,SIN_IMPUTACION,OK
5756,05756,5,ANTIOQUIA,SONSÓN,Municipio,-75.309596,5.714851,,1368670758.1540663,184,185,0.84,0.0000,"37,9",59.70924195,,0,1.0,0.0,No,No,13.23,0.0,56.69,0.5411734919931641,0.0,0.0,0.0,0.0221533008418254,56.69,2.65535241,1.0,0.59972076,-0.60931468,1.57527227,2.17422517,0.66829609,0.47784007,Alto,Remota,0.84,NO,SIN_IMPUTACION,OK,SIN_IMPUTACION,OK
5761,05761,5,ANTIOQUIA,SOPETRÁN,Municipio,-75.747378,6.500745,,223202633.90471676,4,4,0.11,0.0000,28.7,12.43085338,,0,0.0,0.0,No es PDET O ZOMAC,No es PDET O ZOMAC,0.0,54.21468983,62.61,12.2109563060763,0.0145889561601867,0.0072944780800933,0.0,0.0218834342402801,62.61,0.0,0.01811112,0.95463746,-0.60931468,-0.43744925,-0.47264159,-0.00705738,0.31597467,Medio,Presencial con precaución,0.11,NO,SIN_IMPUTACION,OK,SIN_IMPUTACION,OK
5789,05789,5,ANTIOQUIA,TÁMESIS,Municipio,-75.714429,5.664645,,256205468.0836841,0,0,0.0,0.0000,36.6,,,0,0.0,0.0,No es PDET O ZOMAC,No es PDET O ZOMAC,0.0,71.96621879,43.13,0.5130282165519103,0.0,0.0,0.0135007425408397,1.0530579181855002,43.13,0.0,0.01370497,-0.21323033,-0.60931468,-0.43744925,-0.4845192,-0.41759275,0.21757956,Bajo,Presencial,0.0,NO,SIN_IMPUTACION,OK,SIN_IMPUTACION,OK
5790,05790,5,ANTIOQUIA,TARAZÁ,Municipio,-75.401407,7.580127,,1175828184.8846295,0,0,0.0,"42,973.1774",53.5,79.08672031,"Caparros, EGC, EMBF",3,1.0,1.0,ZOMAC-170,ZOMAC-NO 52,64.09691014,0.0,50.27,1.9842491970610237,0.0043996656254124,0.0,0.0043996656254124,0.3651722469092349,50.27,4.17587708,1.0,0.21482799,3.69037756,2.72780959,2.17422517,2.05399876,0.80995849,Alto,Remota,0.0,NO,SIN_IMPUTACION,OK,SIN_IMPUTACION,OK
5792,05792,5,ANTIOQUIA,TARSO,Municipio,-75.822956,5.864542,,122442364.66841456,0,0,0.0,0.0000,"42,6",15.25553013,,0,0.0,0.0,No es PDET O ZOMAC,No es PDET O ZOMAC,0.0,81.0,58.86,0.3010981225646475,0.0177116542685086,0.0,0.0,0.0,58.86,0.0,0.01219512,0.72981692,-0.60931468,-0.43744925,-0.48858928,-0.08813672,0.29654197,Medio,Presencial con precaución,0.0,NO,SIN_IMPUTACION,OK,SIN_IMPUTACION,OK
5809,05809,5,ANTIOQUIA,TITIRIBÍ,Municipio,-75.791887,6.062391,,142733468.55932263,1,1,0.04,0.0000,30.3,105.5966209,,0,0.0,0.0,No es PDET O ZOMAC,No es PDET O ZOMAC,0.0,79.89291249,61.41,0.3423401393813424,0.0,0.0,0.0,0.0244528670986673,61.41,0.0,0.01236202,0.88269489,-0.60931468,-0.43744925,-0.48813937,-0.03456195,0.30938251,Medio,Presencial con precaución,0.04,NO,SIN_IMPUTACION,OK,SIN_IMPUTACION,OK
5819,05819,5,ANTIOQUIA,TOLEDO,Municipio,-75.692281,7.010328,,125147567.39439864,115,121,6.04,0.0000,"53,5",132.9282188,EGC,1,1.0,0.0,No,No,0.0,6.828,59.41,0.609508329947176,0.0,0.0,0.0,0.2438033319788703,59.41,0.0,0.12774655,0.7627906,0.82391607,-0.43744925,-0.1770986,0.40009689,0.4135594,Alto,Remota,5.74,NO,SIN_IMPUTACION,OK,SIN_IMPUTACION,OK
5837,05837,5,ANTIOQUIA,TURBO,Municipio,-76.728858,8.089929,,2990170644.5404816,708,842,1.76,0.0484,49.9,19.32841202,EGC,1,1.0,1.0,ZOMAC-170,ZOMAC-NO 52,28.94699168,0.0,50.66,63.49595489090464,0.009631212131825,0.0017511294785136,0.0026266942177704,2.0330613245543376,50.66,3.39942887,1.0,0.23820932,0.82391607,2.13927226,2.17422517,1.08453631,0.57760248,Alto,Remota,1.48,NO,SIN_IMPUTACION,OK,SIN_IMPUTACION,OK
5842,05842,5,ANTIOQUIA,URAMITA,Municipio,-76.173284,6.898393,,271259503.3883252,255,277,6.38,0.0000,"55,6",13.74192662,EGC,1,1.0,0.0,No,No,0.0,37.95,63.77,0.7971792120190095,0.0,0.0,0.0,1.6863406408094437,63.77,0.0,0.02567394,1.02418195,0.82391607,-0.43744925,-0.45225458,0.45031047,0.42559435,Alto,Remota,5.88,NO,SIN_IMPUTACION,OK,SIN_IMPUTACION,OK
5847,05847,5,ANTIOQUIA,URRAO,Municipio,-76.133951,6.317343,,2608291774.5816603,552,584,1.4,0.0000,"46,1",71.56414325,ELN,1,1.0,0.0,No,No,0.0,55.72,57.66,4.13028413028413,0.0103950103950103,0.0,0.0034650034650034,5.973665973665974,57.66,0.0,0.01763047,0.65787434,0.82391607,-0.43744925,-0.47393729,0.3188504,0.39408664,Medio,Presencial con precaución,1.32,NO,SIN_IMPUTACION,OK,SIN_IMPUTACION,OK
5854,05854,5,ANTIOQUIA,VALDIVIA,Municipio,-75.439274,7.1652,,580387516.4315239,26,42,0.45,0.0001,59.3,122.2659965,"ELN, EMBF",2,1.0,1.0,ZOMAC-170,ZOMAC-NO 52,64.09691014,0.0,53.16,0.7557988011467293,0.0,0.0,0.0,0.0173746850838328,53.16,4.17587708,1.0,0.38808969,2.25714682,2.72780959,2.17422517,1.68467113,0.72143985,Alto,Remota,0.28,NO,SIN_IMPUTACION,OK,SIN_IMPUTACION,OK
5856,05856,5,ANTIOQUIA,VALPARAÍSO,Municipio,-75.624452,5.614555,,128158690.19552262,0,0,0.0,0.0000,"25,9",0.0,,0,0.0,0.0,No es PDET O ZOMAC,No es PDET O ZOMAC,0.0,64.74,54.19,0.2770594754340598,0.0,0.0,0.0,5.319541928333949,54.19,0.0,0.01521144,0.4498404,-0.60931468,-0.43744925,-0.48045823,-0.18490885,0.2733481,Bajo,Presencial,0.0,NO,SIN_IMPUTACION,OK,SIN_IMPUTACION,OK
5858,05858,5,ANTIOQUIA,VEGACHÍ,Municipio,-74.798714,6.773525,,535912204.7161345,19,19,0.22,0.0000,41.0,63.71455878,,0,1.0,0.0,No,No,26.05229251,0.0,62.91,0.8622238189329979,0.0,0.0,0.0,0.4041674151248428,62.91,3.29777175,1.0,0.97262311,-0.60931468,2.06221752,2.17422517,0.89620096,0.53246319,Alto,Remota,0.22,NO,SIN_IMPUTACION,OK,SIN_IMPUTACION,OK
5861,05861,5,ANTIOQUIA,VENECIA,Municipio,-75.735544,5.964693,,142001392.8143321,0,0,0.0,0.0000,25.8,56.80895958,,0,0.0,0.0,No es PDET O ZOMAC,No es PDET O ZOMAC,0.0,75.60057891,57.13,0.4207024752959593,0.0,0.0,0.0,0.0782702279620389,57.13,0.0,0.01305473,0.62609971,-0.60931468,-0.43744925,-0.48627204,-0.12409016,0.28792482,Medio,Presencial con precaución,0.0,NO,SIN_IMPUTACION,OK,SIN_IMPUTACION,OK
5873,05873,5,ANTIOQUIA,VIGÍA DEL FUERTE,Municipio,-76.896004,6.588164,,1690666758.5921245,7,9,0.03,0.0000,76.1,20.50861362,,0,1.0,1.0,ZOMAC-170,ZVTN-52,13.23291048,0.0,10.19,82.14373615555009,0.049224710804824,0.0,0.049224710804824,12.736893920748216,10.19,2.65555692,1.0,-2.188054,-0.60931468,1.57542729,2.17422517,-0.30739407,0.24399144,Bajo,Presencial,0.03,NO,SIN_IMPUTACION,OK,SIN_IMPUTACION,OK
5885,05885,5,ANTIOQUIA,YALÍ,Municipio,-74.840059,6.676554,,449839346.78427565,8,8,0.11,0.0000,"44,0",49.43764677,,0,1.0,0.0,No,No,13.23,0.0,57.82,0.6256015399422521,0.0,0.0,0.0,0.1604106512672441,57.82,2.65535241,1.0,0.66746669,-0.60931468,1.57527227,2.17422517,0.69200717,0.48352303,Alto,Remota,0.11,NO,SIN_IMPUTACION,OK,SIN_IMPUTACION,OK
5887,05887,5,ANTIOQUIA,YARUMAL,Municipio,-75.418828,6.963832,,753817412.3773804,345,357,2.96,0.0000,33.8,78.72775941,"EGC, ELN, EMBF",3,1.0,0.0,ZOMAC-NO 170,ZOMAC-NO 52,34.73639001,0.0,62.12,0.4045533173372022,0.0027900228781876,0.0,0.0,0.0334802745382512,62.12,3.5761695,1.0,0.92526091,3.69037756,2.27323928,2.17422517,2.21173622,0.84776423,Alto,Remota,2.86,NO,SIN_IMPUTACION,OK,SIN_IMPUTACION,OK
5890,05890,5,ANTIOQUIA,YOLOMBÓ,Municipio,-75.013385,6.594511,,1032759044.2629488,1,1,0.01,0.0000,45,37.46409691,,0,1.0,0.0,No,No,13.23291048,0.0,61.58,0.5551149881046789,0.0,0.0,0.0,0.0264340470526037,61.58,2.65555692,1.0,0.89288675,-0.60931468,1.57542729,2.17422517,0.77093519,0.50244011,Alto,Remota,0.01,NO,SIN_IMPUTACION,OK,SIN_IMPUTACION,OK
5893,05893,5,ANTIOQUIA,YONDÓ,Municipio,-73.912445,7.00396,,1935521419.434336,7,11,0.04,"180,048.0794",46.3,77.19399817,,0,1.0,1.0,ZOMAC-170,ZOMAC-NO 52,19.02230882,0.0,67.46,3.6814725890356144,0.011433144686446,0.0,0.062882295775453,0.11433144686446,67.46,2.99684709,1.0,1.24540537,-0.60931468,1.83412066,2.17422517,0.94605538,0.54441205,Alto,Remota,0.02,NO,SIN_IMPUTACION,OK,SIN_IMPUTACION,OK
5895,05895,5,ANTIOQUIA,ZARAGOZA,Municipio,-74.867075,7.488583,,1194963070.9039829,0,0,0.0,0.0000,58,41.97351853,EGC,1,1.0,1.0,ZOMAC-170,ZOMAC-NO 52,38.45814609,0.0,50.13,32.78313653750208,0.0249459504407117,0.0,0.0,8.169798769333111,50.13,3.67524052,1.0,0.20643469,0.82391607,2.34833378,2.17422517,1.11522749,0.5849584,Alto,Remota,0.0,NO,SIN_IMPUTACION,OK,SIN_IMPUTACION,OK
8001,08001,8,ATLÁNTICO,BARRANQUILLA,Municipio,-74.815546,10.977961,,160981703.87648168,1114,1248,48.45,0.0000,17.4,30.87277793,,0,0.0,0.0,No es PDET O ZOMAC,No es PDET O ZOMAC,0.0,72.68178758,71.04,5.137425021134381,0.0241151574970797,0.0017033010871543,0.0628428453734308,0.1127764614547446,71.04,0.0,0.01357187,1.46003405,-0.60931468,-0.43744925,-0.48487798,0.16799597,0.35793059,Medio,Presencial con precaución,43.25,SI,SIN_IMPUTACION,OK,SIN_IMPUTACION,OK
8078,08078,8,ATLÁNTICO,BARANOA,Municipio,-74.916077,10.79445,,126518689.90950692,20,23,1.14,0.0000,33.5,14.33794537,,0,0.0,0.0,No es PDET O ZOMAC,No es PDET O ZOMAC,0.0,91.5454367,67.36,1.013898382319435,0.0065097809458711,0.0048823357094033,0.0162744523646779,11.924291247599518,67.36,0.0,0.0108055,1.23941015,-0.60931468,-0.43744925,-0.49233526,0.08965901,0.33915518,Medio,Presencial con precaución,0.99,NO,SIN_IMPUTACION,OK,SIN_IMPUTACION,OK
8137,08137,8,ATLÁNTICO,CAMPO DE LA CRUZ,Municipio,-74.880847,10.378291,,103996475.40612222,0,0,0.0,0.0000,64.6,23.95496467,,0,0.0,0.0,No es PDET O ZOMAC,No es PDET O ZOMAC,0.0,117.3265854,45.31,5.094256904866287,0.013152126260412,0.0,0.0,0.0438404208680403,45.31,0.0,0.00845119,-0.08253465,-0.60931468,-0.43744925,-0.49868177,-0.37397365,0.22803397,Bajo,Presencial,0.0,NO,SIN_IMPUTACION,OK,SIN_IMPUTACION,OK
8141,08141,8,ATLÁNTICO,CANDELARIA,Municipio,-74.879717,10.461903,,141279722.42068,0,0,0.0,0.0000,52,5.639521769,,0,0.0,0.0,No es PDET O ZOMAC,No es PDET O ZOMAC,0.0,109.9128923,41.34,47.11790672381805,0.0,0.0,0.0,0.1919263003006845,41.34,0.0,0.00901608,-0.32054467,-0.60931468,-0.43744925,-0.49715898,-0.45704873,0.20812295,Bajo,Presencial,0.0,NO,SIN_IMPUTACION,OK,SIN_IMPUTACION,OK
8296,08296,8,ATLÁNTICO,GALAPA,Municipio,-74.870385,10.919033,,101740720.9693754,12,17,1.04,0.0000,23.8,14.57853457,,0,0.0,0.0,No es PDET O ZOMAC,No es PDET O ZOMAC,0.0,82.47909906,61.58,0.8161558875922492,0.0054531573781219,0.0054531573781219,0.0072708765041625,12.64223652161268,61.58,0.0,0.01197905,0.89288675,-0.60931468,-0.43744925,-0.48917175,-0.03114965,0.31020035,Medio,Presencial con precaución,0.74,NO,SIN_IMPUTACION,OK,SIN_IMPUTACION,OK
8372,08372,8,ATLÁNTICO,JUAN DE ACOSTA,Municipio,-75.041032,10.83254,,175106566.87228373,315,365,13.03,0.0000,36.7,12.72858416,,0,0.0,0.0,No es PDET O ZOMAC,No es PDET O ZOMAC,0.0,104.8915905,58.03,13.490545995326112,0.0,0.0,0.005311238580837,0.5417463352453792,58.03,0.0,0.00944362,0.68005664,-0.60931468,-0.43744925,-0.49600647,-0.1066654,0.2921011,Medio,Presencial con precaución,11.24,NO,SIN_IMPUTACION,OK,SIN_IMPUTACION,OK
8421,08421,8,ATLÁNTICO,LURUACO,Municipio,-75.14199,10.610491,,233608940.18058807,28,32,0.86,0.0000,55.4,12.82338986,EGC,1,0.0,0.0,No es PDET O ZOMAC,No es PDET O ZOMAC,0.0,122.3480374,46.32,76.51824791116577,0.0289362317792165,0.003617028972402,0.003617028972402,0.1844684775925055,46.32,0.0,0.00810714,-0.02198299,0.82391607,-0.43744925,-0.4996092,0.07704954,0.336133,Medio,Presencial con precaución,0.75,NO,SIN_IMPUTACION,OK,SIN_IMPUTACION,OK
8433,08433,8,ATLÁNTICO,MALAMBO,Municipio,-74.776923,10.857086,,102158912.59433562,0,0,0.0,0.0000,30.0,44.4598819,,0,0.0,0.0,No es PDET O ZOMAC,No es PDET O ZOMAC,0.0,77.58888138,62.08,0.5304751720911582,0.0083539397179709,0.000835393971797,0.0033415758871883,6.288845819688565,62.08,0.0,0.01272445,0.92286283,-0.60931468,-0.43744925,-0.48716239,-0.02035662,0.31278717,Medio,Presencial con precaución,0.0,NO,SIN_IMPUTACION,OK,SIN_IMPUTACION,OK
8436,08436,8,ATLÁNTICO,MANATÍ,Municipio,-74.956867,10.449089,,222908253.0223046,0,0,0.0,0.0000,48.4,0.0,EGC,1,0.0,0.0,No es PDET O ZOMAC,No es PDET O ZOMAC,0.0,120.7145104,41.82,30.395674101804197,0.2235740654084126,0.005199396869963,0.0259969843498154,0.0987885405292986,41.82,0.0,0.00821595,-0.29176764,0.82391607,-0.43744925,-0.4993159,-0.01733109,0.31351231,Medio,Presencial con precaución,0.0,NO,SIN_IMPUTACION,OK,SIN_IMPUTACION,OK
8520,08520,8,ATLÁNTICO,PALMAR DE VARELA,Municipio,-74.754765,10.738591,,96218176.3762146,0,0,0.0,0.0000,36.0,27.80781709,EGC,1,0.0,0.0,No es PDET O ZOMAC,No es PDET O ZOMAC,0.0,85.26894607,53.34,0.7014434968804223,0.0,0.0,0.0,0.0516853102964521,53.34,0.0,0.01159166,0.39888107,0.82391607,-0.43744925,-0.49021604,0.22576094,0.37177542,Medio,Presencial con precaución,0.0,NO,SIN_IMPUTACION,OK,SIN_IMPUTACION,OK
8549,08549,8,ATLÁNTICO,PIOJÓ,Municipio,-75.107592,10.749216,,263632003.2621933,452,488,11.57,0.0000,45.2,0.0,,0,0.0,0.0,No es PDET O ZOMAC,No es PDET O ZOMAC,0.0,115.3962012,45.12,4.7374024130589065,0.0,0.0354861603974449,0.0532292405961674,24.183818310858765,45.12,0.0,0.00859135,-0.09392556,-0.60931468,-0.43744925,-0.49830394,-0.37790379,0.22709202,Bajo,Presencial,10.72,NO,SIN_IMPUTACION,OK,SIN_IMPUTACION,OK
8558,08558,8,ATLÁNTICO,POLONUEVO,Municipio,-74.852981,10.777363,,77001686.56222372,0,0,0.0,0.0000,30.5,9.897560251,,0,0.0,0.0,No es PDET O ZOMAC,No es PDET O ZOMAC,0.0,87.02761528,51.76,1.7199926021823562,0.0,0.0,0.0061648480364959,0.1602860489488934,51.76,0.0,0.01136007,0.30415668,-0.60931468,-0.43744925,-0.49084032,-0.23745546,0.26075398,Bajo,Presencial,0.0,NO,SIN_IMPUTACION,OK,SIN_IMPUTACION,OK
8560,08560,8,ATLÁNTICO,PONEDERA,Municipio,-74.753885,10.641779,,215071510.00212628,0,0,0.0,0.0000,46.7,11.24058601,EGC,1,0.0,0.0,No es PDET O ZOMAC,No es PDET O ZOMAC,0.0,95.42643744,47.48,1.2472236459935075,0.0,0.0,0.0,0.0085426277122842,47.48,0.0,0.0103706,0.0475615,0.82391607,-0.43744925,-0.49350762,0.10230535,0.34218619,Medio,Presencial con precaución,0.0,NO,SIN_IMPUTACION,OK,SIN_IMPUTACION,OK
8573,08573,8,ATLÁNTICO,PUERTO COLOMBIA,Municipio,-74.888627,11.015322,,73678182.37631431,817,933,79.14,0.0000,14.4,25.24205326,EGC,1,0.0,0.0,No es PDET O ZOMAC,No es PDET O ZOMAC,0.0,79.93322865,82.5,1.344727912529848,0.046081018809434,0.0041891835281303,0.0020945917640651,2.3249968581123537,82.5,0.0,0.01235586,2.14708564,0.82391607,-0.43744925,-0.48815597,0.83794155,0.51849986,Alto,Remota,69.3,SI,SIN_IMPUTACION,OK,SIN_IMPUTACION,OK
8606,08606,8,ATLÁNTICO,REPELÓN,Municipio,-75.125534,10.493357,,373087083.6267248,11,12,0.2,0.0000,54.6,3.446374414,EGC,1,0.0,0.0,No es PDET O ZOMAC,No es PDET O ZOMAC,0.0,127.8098568,49.43,85.18474889072132,0.0431931519220952,0.0,0.0157066006989437,0.1531393568147014,49.43,0.0,0.00776338,0.16446818,0.82391607,-0.43744925,-0.50053588,0.14216845,0.35174038,Medio,Presencial con precaución,0.18,NO,SIN_IMPUTACION,OK,SIN_IMPUTACION,OK
8634,08634,8,ATLÁNTICO,SABANAGRANDE,Municipio,-74.759496,10.792453,,44953232.54754753,0,0,0.0,0.0000,31.9,27.54820937,EGC,1,0.0,0.0,No es PDET O ZOMAC,No es PDET O ZOMAC,0.0,77.50015988,59.38,1.8598980963395957,0.0031258791535119,0.0,0.0,0.0562658247632146,59.38,0.0,0.01273883,0.76099203,0.82391607,-0.43744925,-0.48712362,0.35296364,0.40226274,Alto,Remota,0.0,NO,SIN_IMPUTACION,OK,SIN_IMPUTACION,OK
8638,08638,8,ATLÁNTICO,SABANALARGA,Municipio,-74.921256,10.632091,,412279604.20206136,0,0,0.0,0.0000,36.5,12.46380702,,0,0.0,0.0,No es PDET O ZOMAC,No es PDET O ZOMAC,0.0,105.6374796,54.78,1.1378043626670136,0.0162543480381001,0.0650173921524007,0.00108362320254,0.0736863777727208,54.78,0.0,0.00937757,0.48521216,-0.60931468,-0.43744925,-0.49618454,-0.17488768,0.27574992,Bajo,Presencial,0.0,NO,SIN_IMPUTACION,OK,SIN_IMPUTACION,OK
8675,08675,8,ATLÁNTICO,SANTA LUCÍA,Municipio,-74.959204,10.324303,,59640933.31351266,0,0,0.0,0.0000,47.2,0.0,EGC,1,0.0,0.0,No es PDET O ZOMAC,No es PDET O ZOMAC,0.0,127.5426552,43.85,35.090909090909086,0.0,0.0,0.0,0.0237154150197628,43.85,0.0,0.00777952,-0.17006479,0.82391607,-0.43744925,-0.50049237,0.02508844,0.32367922,Medio,Presencial con precaución,0.0,NO,SIN_IMPUTACION,OK,SIN_IMPUTACION,OK
8685,08685,8,ATLÁNTICO,SANTO TOMÁS,Municipio,-74.757859,10.758735,,67755387.9087714,0,0,0.0,0.0000,25.8,11.99292417,,0,0.0,0.0,No es PDET O ZOMAC,No es PDET O ZOMAC,0.0,83.5640883,67.5,0.4260520342238519,0.0244456085210406,0.00349222978872,0.0,0.0593679064082416,67.5,0.0,0.01182535,1.24780345,-0.60931468,-0.43744925,-0.48958607,0.09300905,0.33995809,Medio,Presencial con precaución,0.0,NO,SIN_IMPUTACION,OK,SIN_IMPUTACION,OK
8758,08758,8,ATLÁNTICO,SOLEDAD,Municipio,-74.786054,10.909921,,61938594.1558013,121,132,13.32,0.0000,18.6,28.01264235,,0,0.0,0.0,No es PDET O ZOMAC,No es PDET O ZOMAC,0.0,71.57242984,59.47,1.2898612685036004,0.0134418890334721,0.001120157419456,0.0209096051631789,0.0827049561365023,59.47,0.0,0.01377934,0.76638773,-0.60931468,-0.43744925,-0.48431873,-0.07469636,0.29976329,Medio,Presencial con precaución,12.21,NO,SIN_IMPUTACION,OK,SIN_IMPUTACION,OK
8770,08770,8,ATLÁNTICO,SUAN,Municipio,-74.881687,10.335432,,44234912.59835415,0,0,0.0,0.0000,43.8,0.0,EGC,1,0.0,0.0,No es PDET O ZOMAC,No es PDET O ZOMAC,0.0,127.3069185,38.76,43.93900232618248,0.0,0.0,0.0,0.1981562850004307,38.76,0.0,0.00779381,-0.47522121,0.82391607,-0.43744925,-0.50045384,-0.08171053,0.29808216,Medio,Presencial con precaución,0.0,NO,SIN_IMPUTACION,OK,SIN_IMPUTACION,OK
8832,08832,8,ATLÁNTICO,TUBARÁ,Municipio,-74.978704,10.873586,,190925690.0847672,716,806,26.38,0.0000,32.8,10.38259876,,0,0.0,0.0,No es PDET O ZOMAC,No es PDET O ZOMAC,0.0,91.64576358,44.95,0.5897153640509514,0.0,0.0157257430413587,0.0157257430413587,63.39833307123761,44.95,0.0,0.0107938,-0.10411743,-0.60931468,-0.43744925,-0.4923668,-0.38058037,0.22645051,Bajo,Presencial,23.44,SI,SIN_IMPUTACION,OK,SIN_IMPUTACION,OK
8849,08849,8,ATLÁNTICO,USIACURÍ,Municipio,-74.976985,10.74298,,105658772.90849486,5,6,0.35,0.0000,32.7,7.303534911,,0,0.0,0.0,No es PDET O ZOMAC,No es PDET O ZOMAC,0.0,100.2680058,45.68,0.3562820915854553,0.020957770093262,0.0,0.010478885046631,47.95137797338363,45.68,0.0,0.00987479,-0.06035236,-0.60931468,-0.43744925,-0.49484418,-0.36563421,0.23003273,Bajo,Presencial,0.3,NO,SIN_IMPUTACION,OK,SIN_IMPUTACION,OK
11001,11001,11,"BOGOTÁ, D.C.","BOGOTÁ, D.C.",Municipio,-74.106992,4.649251,,1643005756.4900987,3431,3651,13.89,"22,956.5517",9,12.63629575,,0,0.0,0.0,No es PDET O ZOMAC,No es PDET O ZOMAC,0.0,121.0425329,71.16,0.910116533632169,0.014630344621544,0.0079865456777262,0.0030491540415837,0.2595977018889649,71.16,0.0,0.00819386,1.46722831,-0.60931468,-0.43744925,-0.49937543,0.16833934,0.35801289,Medio,Presencial con precaución,13.05,NO,SIN_IMPUTACION,OK,SIN_IMPUTACION,OK
13001,13001,13,BOLÍVAR,CARTAGENA DE INDIAS,Municipio,-75.496269,10.385126,,621546521.6384479,673,769,7.73,0.0000,19.9,32.27553873,EGC,1,0.0,0.0,No es PDET O ZOMAC,No es PDET O ZOMAC,0.0,162.5710193,63.8,20.13019183784273,0.0541806171387204,0.001809790969143,0.1624287394805899,0.1469324043073025,63.8,0.0,0.00611355,1.02598052,0.82391607,-0.43744925,-0.5049833,0.44303066,0.42384956,Alto,Remota,6.77,NO,SIN_IMPUTACION,OK,SIN_IMPUTACION,OK
13006,13006,13,BOLÍVAR,ACHÍ,Municipio,-74.557676,8.570107,,979874899.996376,2,3,0.02,0.0000,62.4,29.34057067,ELN,1,0.0,0.0,No es PDET O ZOMAC,No es PDET O ZOMAC,5.789398335,0.0,30.77,0.4452926208651399,0.0053011026293469,0.0053011026293469,0.0212044105173876,3.2018659881255305,30.77,1.91536233,1.0,-0.95423885,0.82391607,1.01436971,2.17422517,0.44219894,0.42365022,Alto,Remota,0.01,NO,SIN_IMPUTACION,OK,SIN_IMPUTACION,OK
13030,13030,13,BOLÍVAR,ALTOS DEL ROSARIO,Municipio,-74.164905,8.791865,,312951439.38758016,0,0,0.0,0.0000,70.7,16.04805245,EGC,1,0.0,0.0,No es PDET O ZOMAC,No es PDET O ZOMAC,5.789398335,0.0,17.61,50.92685092685093,0.0,0.0,0.0,0.0555000555000555,17.61,1.91536233,1.0,-1.74320909,0.82391607,1.01436971,2.17422517,0.16605936,0.35746644,Medio,Presencial con precaución,0.0,NO,SIN_IMPUTACION,OK,SIN_IMPUTACION,OK
13042,13042,13,BOLÍVAR,ARENAL,Municipio,-73.941099,8.458865,,474906646.305281,6,6,0.08,"11,163.3338",62.0,37.48125937,"EGC, ELN",2,1.0,1.0,ZOMAC-170,ZOMAC-NO 52,51.27752811,0.0,55.92,33.37982982284837,0.0139489468545124,0.0,0.0418468405635374,0.0697447342725624,55.92,3.95656661,1.0,0.55355761,2.25714682,2.56157519,2.17422517,1.70933802,0.72735189,Alto,Remota,0.08,NO,SIN_IMPUTACION,OK,SIN_IMPUTACION,OK
13052,13052,13,BOLÍVAR,ARJONA,Municipio,-75.344332,10.25666,,612068967.2857957,0,0,0.0,0.0000,47.4,14.47463649,EGC,1,0.0,0.0,No es PDET O ZOMAC,No es PDET O ZOMAC,0.0,173.4081816,59.74,26.481371087928466,0.014903129657228,0.0,0.0283159463487332,0.7570789865871833,59.74,0.0,0.00573368,0.78257481,0.82391607,-0.43744925,-0.50600733,0.35768505,0.40339434,Alto,Remota,0.0,NO,SIN_IMPUTACION,OK,SIN_IMPUTACION,OK
13062,13062,13,BOLÍVAR,ARROYOHONDO,Municipio,-75.019215,10.250075,,170178344.0442046,0,0,0.0,0.0000,68.4,,,0,0.0,0.0,No es PDET O ZOMAC,No es PDET O ZOMAC,0.0,141.384381,25.34,22.1891288160834,0.0,0.0,0.0868701911144204,0.0744601638123603,25.34,0.0,0.00702324,-1.279779,-0.60931468,-0.43744925,-0.50253106,-0.79358656,0.12746321,Bajo,Presencial,0.0,NO,SIN_IMPUTACION,OK,SIN_IMPUTACION,OK
13074,13074,13,BOLÍVAR,BARRANCO DE LOBA,Municipio,-74.104391,8.947787,,443978241.6856578,1,1,0.01,0.0000,68.9,24.48429944,,0,0.0,0.0,No es PDET O ZOMAC,No es PDET O ZOMAC,26.05229251,0.0,33.73,95.37235885001732,0.0,0.0,0.0138552130239002,0.0069276065119501,33.73,3.29777175,1.0,-0.7767805,-0.60931468,2.06221752,2.17422517,0.2839097,0.38571223,Medio,Presencial con precaución,0.01,NO,SIN_IMPUTACION,OK,SIN_IMPUTACION,OK
13140,13140,13,BOLÍVAR,CALAMAR,Municipio,-74.916144,10.250431,,265249520.8086879,0,0,0.0,0.0000,62.5,4.0374677,"EGC, EMBF",2,0.0,0.0,No es PDET O ZOMAC,No es PDET O ZOMAC,0.0,141.6374131,47.97,0.9863976218358708,0.0,0.0135122961895324,0.0,0.0405368885685974,47.97,0.0,0.00701078,0.07693805,2.25714682,-0.43744925,-0.50256464,0.54119782,0.44737778,Alto,Remota,0.0,NO,SIN_IMPUTACION,OK,SIN_IMPUTACION,OK
13160,13160,13,BOLÍVAR,CANTAGALLO,Municipio,-73.914605,7.378678,,901551130.7633816,0,0,0.0,"13,162.1800",50.6,54.93901769,,0,1.0,1.0,ZOMAC-170,ZOMAC-NO 52,55.41281264,0.0,58.44,5.542624381728252,0.0,0.0,0.0145475705557171,0.0290951411114343,58.44,4.03269631,1.0,0.70463702,-0.60931468,2.61928048,2.17422517,0.91381842,0.53668566,Alto,Remota,0.0,NO,SIN_IMPUTACION,OK,SIN_IMPUTACION,OK
13188,13188,13,BOLÍVAR,CICUCO,Municipio,-74.645981,9.274281,,137558766.12438977,0,0,0.0,0.0000,61.3,13.54921753,,0,0.0,0.0,No es PDET O ZOMAC,No es PDET O ZOMAC,0.0,80.75041512,39.09,4.123475609756098,0.0304878048780487,0.0,0.0076219512195121,0.0990853658536585,39.09,0.0,0.01223235,-0.455437,-0.60931468,-0.43744925,-0.48848892,-0.50296054,0.19711903,Bajo,Presencial,0.0,NO,SIN_IMPUTACION,OK,SIN_IMPUTACION,OK
13212,13212,13,BOLÍVAR,CÓRDOBA,Municipio,-74.827399,9.586942,,617978101.4439319,0,0,0.0,"14,618.5617",61.9,0.0,EGC,1,1.0,1.0,ZOMAC-170,ZOMAC-NO 52,0.0,120.8494964,38.38,0.3135005336179295,0.0,0.0,0.0,0.113393810032017,38.38,0.0,0.00820685,-0.49800302,0.82391607,-0.43744925,-0.49934043,-0.08951715,0.29621111,Medio,Presencial con precaución,0.0,NO,SIN_IMPUTACION,OK,SIN_IMPUTACION,OK
13222,13222,13,BOLÍVAR,CLEMENCIA,Municipio,-75.328469,10.567452,,88856199.37279114,1,1,0.07,0.0000,63.0,6.163708087,,0,0.0,0.0,No es PDET O ZOMAC,No es PDET O ZOMAC,0.0,141.8182614,51.45,1.4470732942623543,0.0,0.0,0.0,0.1664134288401707,51.45,0.0,0.00700191,0.28557152,-0.60931468,-0.43744925,-0.50258858,-0.24572251,0.25877258,Bajo,Presencial,0.07,NO,SIN_IMPUTACION,OK,SIN_IMPUTACION,OK
13244,13244,13,BOLÍVAR,EL CARMEN DE BOLÍVAR,Municipio,-75.121178,9.718653,,979768968.5856032,1,1,0.01,0.0000,58.4,28.73938602,"EGC, EMBF",2,1.0,1.0,ZOMAC-170,ZOMAC-NO 52,0.0,153.5485838,54.8,3.81441462835431,0.0,0.007421040132985,0.002968416053194,1.7409760151982905,54.8,0.0,0.00647046,0.48641121,2.25714682,-0.43744925,-0.5040212,0.68429494,0.4816746,Alto,Remota,0.01,NO,SIN_IMPUTACION,OK,SIN_IMPUTACION,OK
13248,13248,13,BOLÍVAR,EL GUAMO,Municipio,-74.976084,10.030958,,397587284.9615591,0,0,0.0,"18,121.6977",59.5,,,0,1.0,1.0,ZOMAC-170,ZOMAC-NO 52,0.0,154.0890142,29.99,15.799516600941358,0.0,0.0,0.0,0.0,29.99,0.0,0.00644791,-1.00100152,-0.60931468,-0.43744925,-0.50408198,-0.69624708,0.15079306,Bajo,Presencial,0.0,NO,SIN_IMPUTACION,OK,SIN_IMPUTACION,OK
13268,13268,13,BOLÍVAR,EL PEÑÓN,Municipio,-73.949274,8.988271,,328788007.1701075,0,0,0.0,0.0000,67.7,0.0,EGC,1,0.0,0.0,No es PDET O ZOMAC,No es PDET O ZOMAC,0.0,26.57971408,31.4,2.197954105612386,0.0138236107271219,0.0,0.0138236107271219,0.0967652750898534,31.4,0.0,0.03625853,-0.916469,0.82391607,-0.43744925,-0.42372181,-0.22463745,0.26382614,Bajo,Presencial,0.0,NO,SIN_IMPUTACION,OK,SIN_IMPUTACION,OK
13300,13300,13,BOLÍVAR,HATILLO DE LOBA,Municipio,-74.077912,8.956014,,200463854.61016372,0,0,0.0,0.0000,73.8,,EGC,1,0.0,0.0,No es PDET O ZOMAC,No es PDET O ZOMAC,0.0,29.38081944,31.88,0.6796941376380629,0.0084961767204757,0.0,0.0,0.0424808836023789,31.88,0.0,0.0329155,-0.88769197,0.82391607,-0.43744925,-0.43273358,-0.21591726,0.26591615,Bajo,Presencial,0.0,NO,SIN_IMPUTACION,OK,SIN_IMPUTACION,OK
13430,13430,13,BOLÍVAR,MAGANGUÉ,Municipio,-74.766742,9.263799,,1166671190.7529335,0,0,0.0,0.0000,49.1,18.46747331,EGC,1,0.0,0.0,No es PDET O ZOMAC,No es PDET O ZOMAC,0.0,80.75232313,56.59,0.940606098642044,0.0094139059080104,0.0007844921590008,0.0039224607950043,0.1019839806701131,56.59,0.0,0.01223207,0.59372555,0.82391607,-0.43744925,-0.48848969,0.29421546,0.38818226,Medio,Presencial con precaución,0.0,NO,SIN_IMPUTACION,OK,SIN_IMPUTACION,OK
13433,13433,13,BOLÍVAR,MAHATES,Municipio,-75.191643,10.233285,,448767905.0586661,0,0,0.0,0.0000,54.3,16.47337902,,0,0.0,0.0,No es PDET O ZOMAC,No es PDET O ZOMAC,0.0,157.6060226,48.71,63.44870401986652,0.0155207201614154,0.0,9.483160018624863,0.5859071860934347,48.71,0.0,0.00630493,0.12130264,-0.60931468,-0.43744925,-0.5044674,-0.30349844,0.24492513,Bajo,Presencial,0.0,NO,SIN_IMPUTACION,OK,SIN_IMPUTACION,OK
13440,13440,13,BOLÍVAR,MARGARITA,Municipio,-74.286785,9.153489,,303068832.109011,0,0,0.0,0.0000,65.6,16.92333728,,0,0.0,0.0,No es PDET O ZOMAC,No es PDET O ZOMAC,0.0,37.70944875,34.71,0.3292181069958848,0.0102880658436214,0.0,0.0,0.0823045267489712,34.71,0.0,0.02583349,-0.7180274,-0.60931468,-0.43744925,-0.4518245,-0.58936752,0.17640943,Bajo,Presencial,0.0,NO,SIN_IMPUTACION,OK,SIN_IMPUTACION,OK
13442,13442,13,BOLÍVAR,MARÍA LA BAJA,Municipio,-75.300516,9.982402,,580620949.7241195,0,0,0.0,0.0000,63.2,19.64752343,EGC,1,1.0,1.0,ZOMAC-170,ZOMAC-NO 52,0.0,186.2693497,44.72,93.16431676264864,0.0066194479380419,0.0022064826460139,0.0066194479380419,0.9377551245559456,44.72,0.0,0.0053399,-0.11790642,0.82391607,-0.43744925,-0.50706882,0.0423574,0.32781816,Medio,Presencial con precaución,0.0,NO,SIN_IMPUTACION,OK,SIN_IMPUTACION,OK
13458,13458,13,BOLÍVAR,MONTECRISTO,Municipio,-74.471176,8.297234,,2148083540.0660768,1,3,0.01,0.0000,70.1,27.21829069,"EGC, ELN",2,1.0,0.0,No,No,38.45814609,0.0,37.06,19.68819599109132,0.0148478099480326,0.0,0.0,0.2301410541945063,37.06,3.67524052,1.0,-0.57713986,2.25714682,2.34833378,2.17422517,1.27094563,0.62228015,Alto,Remota,0.0,NO,SIN_IMPUTACION,OK,SIN_IMPUTACION,OK
13468,13468,13,BOLÍVAR,SANTA CRUZ DE MOMPOX,Municipio,-74.42818,9.244241,,673269499.0683272,0,0,0.0,0.0000,49.1,10.2461116,,0,0.0,0.0,No es PDET O ZOMAC,No es PDET O ZOMAC,0.0,62.49284714,61.12,0.499895855030202,0.0023143326621768,0.0,0.0,0.0185146612974148,61.12,0.0,0.01574981,0.86530877,-0.60931468,-0.43744925,-0.47900696,-0.03927723,0.30825237,Medio,Presencial con precaución,0.0,NO,SIN_IMPUTACION,OK,SIN_IMPUTACION,OK
13473,13473,13,BOLÍVAR,MORALES,Municipio,-73.868172,8.276558,,1384837298.5246477,18,21,0.09,"16,231.6692",57.6,28.21329249,"EGC, ELN, EMBF",3,1.0,1.0,ZOMAC-170,ZOMAC-NO 52,26.05229251,0.0,57.06,0.8352071956312238,0.0053538922796873,0.0,0.0,0.0053538922796873,57.06,3.29777175,1.0,0.62190306,3.69037756,2.06221752,2.17422517,2.06335662,0.81220133,Alto,Remota,0.08,NO,SIN_IMPUTACION,OK,SIN_IMPUTACION,OK
13490,13490,13,BOLÍVAR,NOROSÍ,Municipio,-74.038003,8.526259,,428443434.49221605,11,12,0.18,0.0000,66.2,,EGC,1,0.0,0.0,No es PDET O ZOMAC,No es PDET O ZOMAC,38.45814609,0.0,48.93,2.814401622718053,0.0,0.0,0.0126774847870182,0.0253549695740365,48.93,3.67524052,1.0,0.13449211,0.82391607,2.34833378,2.17422517,1.09004759,0.5789234,Alto,Remota,0.16,NO,SIN_IMPUTACION,OK,SIN_IMPUTACION,OK
13549,13549,13,BOLÍVAR,PINILLOS,Municipio,-74.462279,8.914947,,799542855.4505444,0,0,0.0,0.0000,67.5,7.497938067,,0,0.0,0.0,No es PDET O ZOMAC,No es PDET O ZOMAC,0.0,29.18460943,28.69,1.4775793395862775,0.0,0.0,0.0,0.0,28.69,0.0,0.03312947,-1.07893931,-0.60931468,-0.43744925,-0.43215681,-0.71273653,0.14684095,Bajo,Presencial,0.0,NO,SIN_IMPUTACION,OK,SIN_IMPUTACION,OK
13580,13580,13,BOLÍVAR,REGIDOR,Municipio,-73.821638,8.666258,,188974923.35418493,0,0,0.0,0.0000,48.9,52.89605924,ELN,1,0.0,0.0,No es PDET O ZOMAC,No es PDET O ZOMAC,0.0,27.79316146,47.79,1.3495782567947516,0.0,0.0,0.0,0.1124648547328959,47.79,0.0,0.03473047,0.06614667,0.82391607,-0.43744925,-0.427841,0.11866015,0.34610603,Medio,Presencial con precaución,0.0,NO,SIN_IMPUTACION,OK,SIN_IMPUTACION,OK
13600,13600,13,BOLÍVAR,RÍO VIEJO,Municipio,-73.840466,8.58795,,869647955.6987106,4,5,0.04,29.8270,57.3,60.69013352,"ELN, EMBF",2,1.0,0.0,No,No,26.05229251,0.0,44.36,1.5138461538461538,0.0,0.0,0.0,0.0246153846153846,44.36,3.29777175,1.0,-0.13948919,2.25714682,2.06221752,2.17422517,1.36690011,0.64527805,Alto,Remota,0.03,NO,SIN_IMPUTACION,OK,SIN_IMPUTACION,OK
13620,13620,13,BOLÍVAR,SAN CRISTÓBAL,Municipio,-75.065076,10.392836,,43946561.21241259,0,0,0.0,0.0000,49.9,0.0,EGC,1,0.0,0.0,No es PDET O ZOMAC,No es PDET O ZOMAC,0.0,134.1719651,37.51,43.11778910651999,0.0,0.0,0.0268312315535283,0.0536624631070566,37.51,0.0,0.00739798,-0.55016139,0.82391607,-0.43744925,-0.50152087,-0.10809965,0.29175735,Medio,Presencial con precaución,0.0,NO,SIN_IMPUTACION,OK,SIN_IMPUTACION,OK
13647,13647,13,BOLÍVAR,SAN ESTANISLAO,Municipio,-75.153101,10.398602,,220014536.9519805,0,0,0.0,0.0000,50.7,10.00650423,,0,0.0,0.0,No es PDET O ZOMAC,No es PDET O ZOMAC,0.0,145.013836,46.94,34.937643782540256,0.0,0.0,0.0,0.1816200508536142,46.94,0.0,0.00684867,0.01518734,-0.60931468,-0.43744925,-0.50300166,-0.34041893,0.2360762,Bajo,Presencial,0.0,NO,SIN_IMPUTACION,OK,SIN_IMPUTACION,OK
13650,13650,13,BOLÍVAR,SAN FERNANDO,Municipio,-74.323811,9.214183,,327526671.22273505,0,0,0.0,0.0000,64.3,7.224911495,,0,0.0,0.0,No es PDET O ZOMAC,No es PDET O ZOMAC,0.0,46.18667578,27.65,0.3580196399345335,0.0,0.0,0.0,0.0,27.65,0.0,0.02119242,-1.14128954,-0.60931468,-0.43744925,-0.46433536,-0.7393859,0.14045376,Bajo,Presencial,0.0,NO,SIN_IMPUTACION,OK,SIN_IMPUTACION,OK
13654,13654,13,BOLÍVAR,SAN JACINTO,Municipio,-75.12105,9.830275,,458977943.1036277,10,10,0.14,0.0000,60.3,34.74366893,EGC,1,1.0,1.0,ZOMAC-170,ZOMAC-NO 52,0.0,160.7756537,52.07,4.713175661330729,0.004246104199397,0.0,0.0,0.3142117107553819,52.07,0.0,0.0061814,0.32274185,0.82391607,-0.43744925,-0.5048004,0.19692456,0.36486405,Medio,Presencial con precaución,0.14,NO,SIN_IMPUTACION,OK,SIN_IMPUTACION,OK
13655,13655,13,BOLÍVAR,SAN JACINTO DEL CAUCA,Municipio,-74.721156,8.25158,,585595399.4973776,0,0,0.0,0.0000,66.7,26.99541078,"EGC, ELN",2,0.0,0.0,No es PDET O ZOMAC,No es PDET O ZOMAC,26.05229251,0.0,36.5,0.4827330115113257,0.0,0.0,0.0,0.0618888476296571,36.5,3.29777175,1.0,-0.61071306,2.25714682,2.06221752,2.17422517,1.20197175,0.60574883,Alto,Remota,0.0,NO,SIN_IMPUTACION,OK,SIN_IMPUTACION,OK
13657,13657,13,BOLÍVAR,SAN JUAN NEPOMUCENO,Municipio,-75.081761,9.953751,,654653839.3990265,3,3,0.03,269.9629,56.2,9.916945581,EGC,1,1.0,1.0,ZOMAC-170,ZOMAC-NO 52,0.0,168.3596157,62.34,6.672879249971761,0.0056478030046311,0.0,0.0141195075115779,0.8076358296622614,62.34,0.0,0.0059046,0.93845038,0.82391607,-0.43744925,-0.50554658,0.41231062,0.41648673,Alto,Remota,0.03,NO,SIN_IMPUTACION,OK,SIN_IMPUTACION,OK
13667,13667,13,BOLÍVAR,SAN MARTÍN DE LOBA,Municipio,-74.039134,8.937485,,463918589.7979716,1,1,0.01,0.0000,60.6,6.219292245,"EGC, ELN",2,0.0,0.0,No es PDET O ZOMAC,No es PDET O ZOMAC,5.789398335,0.0,44.82,1.041307496034756,0.0,0.0,0.0,0.0,44.82,1.91536233,1.0,-0.11191121,2.25714682,1.01436971,2.17422517,1.16698284,0.59736286,Alto,Remota,0.01,NO,SIN_IMPUTACION,OK,SIN_IMPUTACION,OK
13670,13670,13,BOLÍVAR,SAN PABLO,Municipio,-73.924602,7.476747,,2068725502.1493168,0,0,0.0,"1,619.5638",54,83.97715821,"EGC, ELN",2,1.0,1.0,ZOMAC-170,ZOMAC-NO 52,64.09691014,0.0,82.13,0.4730831973898858,0.0040783034257748,0.0040783034257748,0.0,0.0897226753670473,82.13,4.17587708,1.0,2.12490334,2.25714682,2.72780959,2.17422517,2.29255591,0.86713469,Alto,Remota,0.0,NO,SIN_IMPUTACION,OK,SIN_IMPUTACION,OK
13673,13673,13,BOLÍVAR,SANTA CATALINA,Municipio,-75.287855,10.605294,,179931940.7873454,389,450,15.63,0.0000,54.8,18.70440801,EGC,1,0.0,0.0,No es PDET O ZOMAC,No es PDET O ZOMAC,0.0,131.9341593,57.87,24.97328869577605,0.0071230144597193,0.0071230144597193,0.0142460289194387,0.0427380867583161,57.87,0.0,0.00752252,0.67046429,0.82391607,-0.43744925,-0.50118516,0.3191697,0.39416317,Medio,Presencial con precaución,13.51,NO,SIN_IMPUTACION,OK,SIN_IMPUTACION,OK
13683,13683,13,BOLÍVAR,SANTA ROSA,Municipio,-75.369824,10.444396,,160881715.50363886,0,0,0.0,0.0000,54.3,8.729050279,,0,1.0,0.0,No,No,0.0,151.3869702,73.83,4.32108843537415,0.0816326530612245,0.0,0.0054421768707483,0.1088435374149659,73.83,0.0,0.00656224,1.62730054,-0.60931468,-0.43744925,-0.50377378,0.22370487,0.37128263,Medio,Presencial con precaución,0.0,NO,SIN_IMPUTACION,OK,SIN_IMPUTACION,OK
13688,13688,13,BOLÍVAR,SANTA ROSA DEL SUR,Municipio,-74.052243,7.963938,,2442928365.7516074,2,2,0.01,0.0000,43.6,77.53225896,"EGC, ELN",2,1.0,1.0,ZOMAC-170,ZOMAC-NO 52,64.09691014,0.0,76.75,0.3885060841518839,0.0,0.0,0.0036651517372819,0.1026242486438938,76.75,4.17587708,1.0,1.8023608,2.25714682,2.72780959,2.17422517,2.17966602,0.8400778,Alto,Remota,0.01,NO,SIN_IMPUTACION,OK,SIN_IMPUTACION,OK
13744,13744,13,BOLÍVAR,SIMITÍ,Municipio,-73.947264,7.953916,,1389376295.1580496,0,0,0.0,634.4317,54.8,84.72042261,"EGC, ELN, EMBF",3,1.0,1.0,ZOMAC-170,ZOMAC-NO 52,64.09691014,0.0,55.86,0.8123689727463311,0.0327568134171907,0.0,0.0,0.0655136268343815,55.86,4.17587708,1.0,0.54996048,3.69037756,2.72780959,2.17422517,2.17129513,0.8380715,Alto,Remota,0.0,NO,SIN_IMPUTACION,OK,SIN_IMPUTACION,OK
13760,13760,13,BOLÍVAR,SOPLAVIENTO,Municipio,-75.136404,10.38839,,96254510.60929167,0,0,0.0,0.0000,39.4,0.0,,0,0.0,0.0,No es PDET O ZOMAC,No es PDET O ZOMAC,0.0,140.492794,31.86,13.225209535212802,0.0108849461195167,0.0,0.0217698922390334,0.0653096767171002,31.86,0.0,0.0070675,-0.88889101,-0.60931468,-0.43744925,-0.50241176,-0.65675787,0.16025764,Bajo,Presencial,0.0,NO,SIN_IMPUTACION,OK,SIN_IMPUTACION,OK
13780,13780,13,BOLÍVAR,TALAIGUA NUEVO,Municipio,-74.567479,9.30403,,257621008.1574335,0,0,0.0,0.0000,50.7,7.15000715,,0,0.0,0.0,No es PDET O ZOMAC,No es PDET O ZOMAC,0.0,83.70255194,32.21,0.4048267808485792,0.0,0.0,0.0,0.0155702608018684,32.21,0.0,0.01180602,-0.86790776,-0.60931468,-0.43744925,-0.48963818,-0.6474977,0.16247707,Bajo,Presencial,0.0,NO,SIN_IMPUTACION,OK,SIN_IMPUTACION,OK
13810,13810,13,BOLÍVAR,TIQUISIO,Municipio,-74.262922,8.558666,,784831299.9835858,2,3,0.02,0.0000,73.0,5.085435313,"EGC, ELN",2,1.0,0.0,No,No,38.45814609,0.0,31.05,0.2176582207835695,0.0,0.0,0.0,0.1451054805223797,31.05,3.67524052,1.0,-0.93745225,2.25714682,2.34833378,2.17422517,1.14483629,0.59205489,Alto,Remota,0.02,NO,SIN_IMPUTACION,OK,SIN_IMPUTACION,OK
13836,13836,13,BOLÍVAR,TURBACO,Municipio,-75.427249,10.348316,,209932392.61075208,0,0,0.0,0.0000,30.4,14.71300976,EGC,1,0.0,0.0,No es PDET O ZOMAC,No es PDET O ZOMAC,0.0,160.560961,58.69,1.740191095751169,0.019312868469201,0.0,0.0437080707460866,0.1656840821305143,58.69,0.0,0.00618961,0.71962505,0.82391607,-0.43744925,-0.50477826,0.335837,0.39815791,Medio,Presencial con precaución,0.0,NO,SIN_IMPUTACION,OK,SIN_IMPUTACION,OK
13838,13838,13,BOLÍVAR,TURBANA,Municipio,-75.44265,10.274585,,198495730.58878577,1,1,0.03,0.0000,42.8,5.577555915,,0,0.0,0.0,No es PDET O ZOMAC,No es PDET O ZOMAC,0.0,177.7805823,50.8,3.1845084920226454,0.0,0.0128667009778692,0.0,0.1351003602676274,50.8,0.0,0.00559345,0.24660262,-0.60931468,-0.43744925,-0.50638534,-0.25993114,0.25536712,Bajo,Presencial,0.03,NO,SIN_IMPUTACION,OK,SIN_IMPUTACION,OK
13873,13873,13,BOLÍVAR,VILLANUEVA,Municipio,-75.275613,10.444089,,142619281.12334105,1,1,0.04,0.0000,54.1,46.20538293,,0,0.0,0.0,No es PDET O ZOMAC,No es PDET O ZOMAC,0.0,144.6158716,43.22,28.14762242725337,0.0236574402649633,0.0,0.0,0.0189259522119706,43.22,0.0,0.00686738,-0.20783464,-0.60931468,-0.43744925,-0.50295121,-0.41846906,0.21736953,Bajo,Presencial,0.04,NO,SIN_IMPUTACION,OK,SIN_IMPUTACION,OK
13894,13894,13,BOLÍVAR,ZAMBRANO,Municipio,-74.817879,9.746306,,320232803.1955775,0,0,0.0,"10,215.6875",62.4,7.760360081,,0,1.0,1.0,ZOMAC-170,ZOMAC-NO 52,0.0,137.8435823,52.32,4.425090173308701,0.0,0.0,0.0263921879123779,0.4486671945104249,52.32,0.0,0.00720235,0.33772989,-0.60931468,-0.43744925,-0.50204824,-0.22738603,0.26316738,Bajo,Presencial,0.0,NO,SIN_IMPUTACION,OK,SIN_IMPUTACION,OK
15001,15001,15,BOYACÁ,TUNJA,Municipio,-73.355539,5.53988,,121587178.534974,916,1018,52.33,0.0000,11.4,3.73759918,,0,0.0,0.0,No es PDET O ZOMAC,No es PDET O ZOMAC,0.0,93.93545086,58.41,0.3859754270302667,0.0035960443512136,0.0011986814504045,0.0047947258016182,0.0551393467186095,58.41,0.0,0.01053347,0.70283845,-0.60931468,-0.43744925,-0.49306857,-0.09825108,0.29411781,Medio,Presencial con precaución,47.09,SI,SIN_IMPUTACION,OK,SIN_IMPUTACION,OK
15022,15022,15,BOYACÁ,ALMEIDA,Municipio,-73.378933,4.970857,,58482880.80861572,28,30,3.21,0.0000,"37,5",,,0,0.0,0.0,No es PDET O ZOMAC,No es PDET O ZOMAC,0.0,136.4,24.36,0.0632111251580278,0.0,0.0,0.0,0.0,24.36,0.0,0.00727802,-1.3385321,-0.60931468,-0.43744925,-0.50184426,-0.81404713,0.12255932,Bajo,Presencial,2.99,NO,SIN_IMPUTACION,OK,SIN_IMPUTACION,OK
15047,15047,15,BOYACÁ,AQUITANIA,Municipio,-72.88399,5.518602,,956552737.2869328,1416,1510,9.87,0.0000,33.5,18.2038835,,0,0.0,0.0,No es PDET O ZOMAC,No es PDET O ZOMAC,0.0,148.1486261,34.41,0.2236652236652236,0.0,0.0,0.0,0.0649350649350649,34.41,0.0,0.00670472,-0.73601304,-0.60931468,-0.43744925,-0.50338969,-0.60339727,0.17304685,Bajo,Presencial,9.25,NO,SIN_IMPUTACION,OK,SIN_IMPUTACION,OK
15051,15051,15,BOYACÁ,ARCABUCO,Municipio,-73.437503,5.755673,,140199156.28553003,152,168,7.49,0.0000,24.8,15.77038322,,0,0.0,0.0,No es PDET O ZOMAC,No es PDET O ZOMAC,0.0,77.15138278,33.24,0.05507618872774,0.0183587295759133,0.0,0.0,0.0367174591518266,33.24,0.0,0.01279568,-0.80615705,-0.60931468,-0.43744925,-0.48697037,-0.62548478,0.16775302,Bajo,Presencial,6.78,NO,SIN_IMPUTACION,OK,SIN_IMPUTACION,OK
15087,15087,15,BOYACÁ,BELÉN,Municipio,-72.911641,5.98923,,165909306.84583557,49,62,2.34,0.0000,25.2,0.0,,0,0.0,0.0,No es PDET O ZOMAC,No es PDET O ZOMAC,0.0,133.9756447,43.33,0.2185195301830101,0.0,0.0,0.0,0.0,43.33,0.0,0.00740874,-0.2012399,-0.60931468,-0.43744925,-0.50149187,-0.415942,0.21797521,Bajo,Presencial,1.85,NO,SIN_IMPUTACION,OK,SIN_IMPUTACION,OK
15090,15090,15,BOYACÁ,BERBEO,Municipio,-73.12721,5.227451,,58870121.045953184,7,15,1.59,0.0000,40.5,0.0,,0,0.0,0.0,No es PDET O ZOMAC,No es PDET O ZOMAC,0.0,137.0519391,6.58,0.1386962552011095,0.0,0.0,0.0,0.0693481276005547,6.58,0.0,0.00724365,-2.40448125,-0.60931468,-0.43744925,-0.50193691,-1.18714323,0.03313748,Bajo,Presencial,0.74,NO,SIN_IMPUTACION,OK,SIN_IMPUTACION,OK
15092,15092,15,BOYACÁ,BETÉITIVA,Municipio,-72.809014,5.909978,,103627364.5418059,99,119,7.18,0.0000,43.3,0.0,,0,0.0,0.0,No es PDET O ZOMAC,No es PDET O ZOMAC,0.0,139.0481302,22.34,0.1055408970976253,0.0,0.0,0.0,0.0527704485488126,22.34,0.0,0.0071404,-1.45963544,-0.60931468,-0.43744925,-0.50221523,-0.85648894,0.11238708,Bajo,Presencial,5.97,NO,SIN_IMPUTACION,OK,SIN_IMPUTACION,OK
15097,15097,15,BOYACÁ,BOAVITA,Municipio,-72.584905,6.330703,,147969740.1404325,131,153,6.46,0.0000,48.1,18.44337883,,0,0.0,0.0,No es PDET O ZOMAC,No es PDET O ZOMAC,0.0,167.8236447,30.38,0.2230332522303325,0.0,0.0,0.0,0.0202757502027575,30.38,0.0,0.00592334,-0.97762019,-0.60931468,-0.43744925,-0.50549605,-0.68827573,0.15270359,Bajo,Presencial,5.53,NO,SIN_IMPUTACION,OK,SIN_IMPUTACION,OK
15104,15104,15,BOYACÁ,BOYACÁ,Municipio,-73.361945,5.454578,,48771898.34153036,127,149,19.09,0.0000,39.7,0.0,,0,0.0,0.0,No es PDET O ZOMAC,No es PDET O ZOMAC,0.0,98.41682137,33.56,0.0894454382826475,0.0,0.0,0.0,0.0,33.56,0.0,0.01005866,-0.78697236,-0.60931468,-0.43744925,-0.49434852,-0.61987686,0.1690971,Bajo,Presencial,16.27,SI,SIN_IMPUTACION,OK,SIN_IMPUTACION,OK
15106,15106,15,BOYACÁ,BRICEÑO,Municipio,-73.92326,5.690879,,65668250.55328508,16,33,3.14,0.0000,48.5,0.0,,0,0.0,0.0,No es PDET O ZOMAC,No es PDET O ZOMAC,0.0,37.93625262,22.11,0.0978952520802741,0.0,0.0,0.0,0.0,22.11,0.0,0.02568301,-1.47342443,-0.60931468,-0.43744925,-0.45223015,-0.85381733,0.1130274,Bajo,Presencial,1.52,NO,SIN_IMPUTACION,OK,SIN_IMPUTACION,OK
15109,15109,15,BOYACÁ,BUENAVISTA,Municipio,-73.94217,5.512594,,111909123.06664136,38,55,3.07,0.0000,44.9,0.0,,0,0.0,0.0,No es PDET O ZOMAC,No es PDET O ZOMAC,0.0,54.12785731,25.44,0.330188679245283,0.0,0.0,0.0,0.0,25.44,0.0,0.01813965,-1.27378379,-0.60931468,-0.43744925,-0.47256469,-0.78699328,0.12904346,Bajo,Presencial,2.12,NO,SIN_IMPUTACION,OK,SIN_IMPUTACION,OK
15114,15114,15,BOYACÁ,BUSBANZÁ,Municipio,-72.884158,5.831393,,25776037.124006268,67,89,21.58,0.0000,"31,3",0.0,,0,0.0,0.0,No es PDET O ZOMAC,No es PDET O ZOMAC,0.0,136.6,12.22,0.3348214285714285,0.0,0.0,0.0,0.2232142857142857,12.22,0.0,0.00726744,-2.06635115,-0.60931468,-0.43744925,-0.50187277,-1.06878807,0.06150426,Bajo,Presencial,16.25,SI,SIN_IMPUTACION,OK,SIN_IMPUTACION,OK
15131,15131,15,BOYACÁ,CALDAS,Municipio,-73.865553,5.55458,,80244391.7325672,399,461,35.91,0.0000,"43,7",0.0,,0,0.0,0.0,No es PDET O ZOMAC,No es PDET O ZOMAC,0.0,48.94,56.28,0.2269043760129659,0.0,0.0,0.0,0.0,56.28,0.0,0.02002403,0.57514038,-0.60931468,-0.43744925,-0.46748499,-0.13910787,0.28432545,Medio,Presencial con precaución,31.08,SI,SIN_IMPUTACION,OK,SIN_IMPUTACION,OK
15135,15135,15,BOYACÁ,CAMPOHERMOSO,Municipio,-73.104173,5.031676,,302938835.4272996,0,2,0.04,0.0000,"52,3",0.0,,0,0.0,0.0,No es PDET O ZOMAC,No es PDET O ZOMAC,0.0,149.5,23.13,0.22181146025878,0.0,0.0,0.0,0.0369685767097966,23.13,0.0,0.00664452,-1.41227324,-0.60931468,-0.43744925,-0.50355198,-0.84011268,0.11631206,Bajo,Presencial,0.0,NO,SIN_IMPUTACION,OK,SIN_IMPUTACION,OK
15162,15162,15,BOYACÁ,CERINZA,Municipio,-72.947918,5.955939,,64671503.90229175,3,6,0.58,0.0000,29.4,0.0,,0,0.0,0.0,No es PDET O ZOMAC,No es PDET O ZOMAC,0.0,126.1486085,19.54,0.165016501650165,0.0275027502750275,0.0,0.0,0.0825082508250825,19.54,0.0,0.00786481,-1.62750144,-0.60931468,-0.43744925,-0.50026245,-0.91494913,0.09837563,Bajo,Presencial,0.29,NO,SIN_IMPUTACION,OK,SIN_IMPUTACION,OK
15172,15172,15,BOYACÁ,CHINAVITA,Municipio,-73.368476,5.167486,,138392852.32869312,11,15,0.68,0.0000,"41,1",,,0,0.0,0.0,No es PDET O ZOMAC,No es PDET O ZOMAC,0.0,118.8,18.73,0.0354358610914245,0.0,0.0,0.0,0.0,18.73,0.0,0.00834725,-1.67606268,-0.60931468,-0.43744925,-0.49896196,-0.93175049,0.09434876,Bajo,Presencial,0.5,NO,SIN_IMPUTACION,OK,SIN_IMPUTACION,OK
15176,15176,15,BOYACÁ,CHIQUINQUIRÁ,Municipio,-73.818745,5.61379,,167710421.72861248,252,292,10.88,0.0000,17.3,1.64644286,,0,0.0,0.0,No es PDET O ZOMAC,No es PDET O ZOMAC,0.0,49.76455541,52.85,0.3656591589839343,0.0019449955265102,0.0019449955265102,0.0,0.0661298479013498,52.85,0.0,0.01969878,0.36950452,-0.60931468,-0.43744925,-0.46836175,-0.21121193,0.2670439,Bajo,Presencial,9.39,NO,SIN_IMPUTACION,OK,SIN_IMPUTACION,OK
15180,15180,15,BOYACÁ,CHISCAS,Municipio,-72.500957,6.553136,,671696881.7576997,8,8,0.07,0.0000,"60,1",0.0,,0,0.0,0.0,No es PDET O ZOMAC,No es PDET O ZOMAC,0.0,162.2,22.96,0.0278784499581823,0.0,0.0,0.0,0.1115137998327293,22.96,0.0,0.00612745,-1.42246511,-0.60931468,-0.43744925,-0.50494583,-0.84388892,0.11540699,Bajo,Presencial,0.07,NO,SIN_IMPUTACION,OK,SIN_IMPUTACION,OK
15183,15183,15,BOYACÁ,CHITA,Municipio,-72.471892,6.187083,,689045274.9722271,2905,3009,27.29,0.0000,"69,1",0.0,ELN,1,0.0,0.0,No es PDET O ZOMAC,No es PDET O ZOMAC,0.0,184.5,53.03,0.1809954751131221,0.0,0.0,0.0,0.8661926308985133,53.03,0.0,0.00539084,0.38029591,0.82391607,-0.43744925,-0.50693152,0.21674881,0.36961543,Medio,Presencial con precaución,26.35,SI,SIN_IMPUTACION,OK,SIN_IMPUTACION,OK
15185,15185,15,BOYACÁ,CHITARAQUE,Municipio,-73.4471,6.027425,,161312855.3929786,0,0,0.0,0.0001,46.4,16.06167684,,0,0.0,0.0,No es PDET O ZOMAC,No es PDET O ZOMAC,0.0,75.05857198,32.29,0.0398962696987831,0.0,0.0,0.0,0.0,32.29,0.0,0.01314776,-0.86311159,-0.60931468,-0.43744925,-0.48602126,-0.6452765,0.16300944,Bajo,Presencial,0.0,NO,SIN_IMPUTACION,OK,SIN_IMPUTACION,OK
15187,15187,15,BOYACÁ,CHIVATÁ,Municipio,-73.282529,5.558949,,50322902.53508034,275,311,38.63,0.0000,"42,3",0.0,,0,0.0,0.0,No es PDET O ZOMAC,No es PDET O ZOMAC,0.0,102.8,43.1,1.5091627739849085,0.0359324469996406,0.0,0.0,0.0,43.1,0.0,0.00963391,-0.2150289,-0.60931468,-0.43744925,-0.49549351,-0.41986839,0.21703415,Bajo,Presencial,34.15,SI,SIN_IMPUTACION,OK,SIN_IMPUTACION,OK
15189,15189,15,BOYACÁ,CIÉNEGA,Municipio,-73.296049,5.408694,,54823715.58905493,0,13,1.48,0.0000,"40,5",,,0,0.0,0.0,No es PDET O ZOMAC,No es PDET O ZOMAC,0.0,110.4,24.04,0.1335707925200356,0.0,0.0,0.0,0.0667853962600178,24.04,0.0,0.00897666,-1.35771679,-0.60931468,-0.43744925,-0.49726525,-0.82007492,0.12111461,Bajo,Presencial,0.0,NO,SIN_IMPUTACION,OK,SIN_IMPUTACION,OK
15204,15204,15,BOYACÁ,CÓMBITA,Municipio,-73.323957,5.634545,,147661336.70379654,476,529,22.39,0.0000,36.1,7.122507123,,0,0.0,0.0,No es PDET O ZOMAC,No es PDET O ZOMAC,0.0,90.8306846,51.89,0.0428219676694144,0.0,0.0,0.0,0.0,51.89,0.0,0.01088961,0.31195046,-0.60931468,-0.43744925,-0.49210855,-0.23491787,0.26136218,Bajo,Presencial,20.15,SI,SIN_IMPUTACION,OK,SIN_IMPUTACION,OK
15212,15212,15,BOYACÁ,COPER,Municipio,-74.045636,5.475074,,152231187.56434345,13,17,0.7,0.0000,"38,8",,,0,0.0,0.0,No es PDET O ZOMAC,No es PDET O ZOMAC,0.0,53.65,30.51,0.0331235508446505,0.0331235508446505,0.0,0.0,0.0993706525339516,30.51,0.0,0.01829826,-0.96982641,-0.60931468,-0.43744925,-0.47213712,-0.68054406,0.15455668,Bajo,Presencial,0.53,NO,SIN_IMPUTACION,OK,SIN_IMPUTACION,OK
15215,15215,15,BOYACÁ,CORRALES,Municipio,-72.844795,5.828064,,61861982.32492592,93,113,11.42,0.0000,26.6,0.0,,0,0.0,0.0,No es PDET O ZOMAC,No es PDET O ZOMAC,0.0,140.1251711,40.1,0.2016942315449778,0.0,0.0,0.0,0.0,40.1,0.0,0.00708591,-0.39488533,-0.60931468,-0.43744925,-0.50236213,-0.48384844,0.20169972,Bajo,Presencial,9.4,NO,SIN_IMPUTACION,OK,SIN_IMPUTACION,OK
15218,15218,15,BOYACÁ,COVARACHÍA,Municipio,-72.738978,6.500177,,104393877.34364024,227,238,14.25,0.0000,"55,6",0.0,,0,0.0,0.0,No es PDET O ZOMAC,No es PDET O ZOMAC,0.0,156.6,14.03,0.2698535080956052,0.0,0.0,0.0,0.0,14.03,0.0,0.00634518,-1.95783777,-0.60931468,-0.43744925,-0.50435891,-1.03118131,0.07051767,Bajo,Presencial,13.59,NO,SIN_IMPUTACION,OK,SIN_IMPUTACION,OK
15223,15223,15,BOYACÁ,CUBARÁ,Municipio,-72.107939,6.997275,,1201306474.1208863,10,20,0.1,0.0000,69.7,0.0,ELN,1,0.0,0.0,No es PDET O ZOMAC,No es PDET O ZOMAC,0.0,148.1971531,23.61,0.4224502112251056,0.0,0.0,0.0,53.14825990746329,23.61,0.0,0.00670254,-1.38349621,0.82391607,-0.43744925,-0.50339557,-0.40004804,0.22178459,Bajo,Presencial,0.05,NO,SIN_IMPUTACION,OK,SIN_IMPUTACION,OK
15224,15224,15,BOYACÁ,CUCAITA,Municipio,-73.454338,5.544452,,42798621.01793014,515,582,84.99,0.0000,"25,9",0.0,,0,0.0,0.0,No es PDET O ZOMAC,No es PDET O ZOMAC,0.0,87.05,31.06,0.0,0.0,0.0,0.0,0.0,31.06,0.0,0.01135718,-0.93685273,-0.60931468,-0.43744925,-0.4908481,-0.67180992,0.15665004,Bajo,Presencial,75.21,SI,SIN_IMPUTACION,OK,SIN_IMPUTACION,OK
15226,15226,15,BOYACÁ,CUÍTIVA,Municipio,-72.965923,5.580367,,44832646.13132487,315,362,50.47,0.0000,40.7,0.0,,0,0.0,0.0,No es PDET O ZOMAC,No es PDET O ZOMAC,0.0,135.295455,39.82,0.2457002457002457,0.0,0.0,0.0,0.1228501228501228,39.82,0.0,0.007337,-0.41167193,-0.60931468,-0.43744925,-0.50168526,-0.48962222,0.20031589,Bajo,Presencial,43.91,SI,SIN_IMPUTACION,OK,SIN_IMPUTACION,OK
15232,15232,15,BOYACÁ,CHÍQUIZA,Municipio,-73.449463,5.639834,,118412569.80448848,650,716,37.79,0.0000,"51,3",0.0,,0,0.0,0.0,No es PDET O ZOMAC,No es PDET O ZOMAC,0.0,80.78,34.81,0.0460087416609155,0.0,0.0,0.0,0.0,34.81,0.0,0.01222793,-0.71203218,-0.60931468,-0.43744925,-0.48850084,-0.59277064,0.17559378,Bajo,Presencial,34.31,SI,SIN_IMPUTACION,OK,SIN_IMPUTACION,OK
15236,15236,15,BOYACÁ,CHIVOR,Municipio,-73.368398,4.888173,,110178910.53090914,0,0,0.0,0.0000,"45,8",,,0,1.0,0.0,No,No,0.0,145.6,24.21,0.0599161174355901,0.0,0.0,0.0,0.0,24.21,0.0,0.00682128,-1.34752492,-0.60931468,-0.43744925,-0.50307548,-0.8173793,0.12176068,Bajo,Presencial,0.0,NO,SIN_IMPUTACION,OK,SIN_IMPUTACION,OK
15238,15238,15,BOYACÁ,DUITAMA,Municipio,-73.03063,5.822964,,238002408.40199023,720,733,19.25,0.0000,10.5,8.277273617,,0,0.0,0.0,No es PDET O ZOMAC,No es PDET O ZOMAC,0.0,115.0325485,54.34,0.2038770912392814,0.0154192758080128,0.0,0.0,0.0419746952551461,54.34,0.0,0.00861827,0.45883322,-0.60931468,-0.43744925,-0.49823136,-0.18442733,0.27346351,Bajo,Presencial,18.91,SI,SIN_IMPUTACION,OK,SIN_IMPUTACION,OK
15244,15244,15,BOYACÁ,EL COCUY,Municipio,-72.444537,6.407738,,242683581.976276,687,726,18.7,0.0000,"49,4",0.0,,0,0.0,0.0,No es PDET O ZOMAC,No es PDET O ZOMAC,0.0,190.0,25.27,0.2277327935222672,0.0,0.0,0.0,0.0506072874493927,25.27,0.0,0.0052356,-1.28397565,-0.60931468,-0.43744925,-0.50734998,-0.79577823,0.12693792,Bajo,Presencial,17.69,SI,SIN_IMPUTACION,OK,SIN_IMPUTACION,OK
15248,15248,15,BOYACÁ,EL ESPINO,Municipio,-72.497007,6.483027,,70710897.97577111,0,0,0.0,0.0000,"31,3",,,0,0.0,0.0,No es PDET O ZOMAC,No es PDET O ZOMAC,0.0,179.4,28.25,0.4235656526761648,0.0,0.0,0.0,0.2695417789757413,28.25,0.0,0.00554324,-1.10531826,-0.60931468,-0.43744925,-0.50652069,-0.73312375,0.14195464,Bajo,Presencial,0.0,NO,SIN_IMPUTACION,OK,SIN_IMPUTACION,OK
15272,15272,15,BOYACÁ,FIRAVITOBA,Municipio,-72.993392,5.668885,,111111670.4242468,82,91,5.12,0.0000,21.7,,,0,0.0,0.0,No es PDET O ZOMAC,No es PDET O ZOMAC,0.0,124.0963801,46.38,0.1226429556952322,0.0,0.0,0.0,0.0459911083857121,46.38,0.0,0.00799384,-0.01838586,-0.60931468,-0.43744925,-0.49991464,-0.3517065,0.23337086,Bajo,Presencial,4.61,NO,SIN_IMPUTACION,OK,SIN_IMPUTACION,OK
15276,15276,15,BOYACÁ,FLORESTA,Municipio,-72.918111,5.859519,,89608037.2088377,100,135,9.42,0.0000,"43,9",,,0,0.0,0.0,No es PDET O ZOMAC,No es PDET O ZOMAC,0.0,131.0,35.59,0.0,0.0,0.0314070351758793,0.0,0.157035175879397,35.59,0.0,0.00757576,-0.66526951,-0.60931468,-0.43744925,-0.50104165,-0.57828483,0.17906567,Bajo,Presencial,6.97,NO,SIN_IMPUTACION,OK,SIN_IMPUTACION,OK
15293,15293,15,BOYACÁ,GACHANTIVÁ,Municipio,-73.549092,5.751891,,89638955.67989513,435,448,31.24,0.0000,51.2,0.0,,0,0.0,0.0,No es PDET O ZOMAC,No es PDET O ZOMAC,0.0,66.48417173,35.45,0.1822157434402332,0.0,0.0,0.0,0.0,35.45,0.0,0.01481829,-0.67366281,-0.60931468,-0.43744925,-0.48151804,-0.57829394,0.17906349,Bajo,Presencial,30.33,SI,SIN_IMPUTACION,OK,SIN_IMPUTACION,OK
15296,15296,15,BOYACÁ,GÁMEZA,Municipio,-72.80553,5.802333,,125715305.15514068,706,752,37.39,0.0000,43.7,0.0,,0,0.0,0.0,No es PDET O ZOMAC,No es PDET O ZOMAC,0.0,152.4894468,29.2,0.1820250284414107,0.0,0.0,0.0227531285551763,0.0,29.2,0.0,0.00651511,-1.04836372,-0.60931468,-0.43744925,-0.50390084,-0.71279668,0.14682653,Bajo,Presencial,35.1,SI,SIN_IMPUTACION,OK,SIN_IMPUTACION,OK
15299,15299,15,BOYACÁ,GARAGOA,Municipio,-73.364413,5.083234,,196306469.517458,17,17,0.54,0.0000,20.3,0.0,,0,0.0,0.0,No es PDET O ZOMAC,No es PDET O ZOMAC,0.0,129.9090312,45.37,0.214638334406525,0.0,0.0,0.0071546111468841,0.0143092222937683,45.37,0.0,0.00763889,-0.07893753,-0.60931468,-0.43744925,-0.50087146,-0.37304311,0.228257,Bajo,Presencial,0.54,NO,SIN_IMPUTACION,OK,SIN_IMPUTACION,OK
15317,15317,15,BOYACÁ,GUACAMAYAS,Municipio,-72.500812,6.459667,,58728346.11557962,0,0,0.0,0.0000,"30,4",,,0,0.0,0.0,No es PDET O ZOMAC,No es PDET O ZOMAC,0.0,181.8,32.85,0.0566893424036281,0.0,0.0,0.0,0.0,32.85,0.0,0.00547046,-0.82953839,-0.60931468,-0.43744925,-0.50671688,-0.63663022,0.16508174,Bajo,Presencial,0.0,NO,SIN_IMPUTACION,OK,SIN_IMPUTACION,OK
15322,15322,15,BOYACÁ,GUATEQUE,Municipio,-73.471207,5.007321,,36655331.63332608,6,7,1.19,0.0000,19.4,0.0,,0,0.0,0.0,No es PDET O ZOMAC,No es PDET O ZOMAC,0.0,124.6552229,44.56,0.087227414330218,0.0,0.0,0.0,0.0124610591900311,44.56,0.0,0.00795828,-0.12749876,-0.60931468,-0.43744925,-0.50001048,-0.38991039,0.22421433,Bajo,Presencial,1.02,NO,SIN_IMPUTACION,OK,SIN_IMPUTACION,OK
15325,15325,15,BOYACÁ,GUAYATÁ,Municipio,-73.489698,4.967122,,101369366.77572614,0,0,0.0,0.0000,"36,1",,,0,0.0,0.0,No es PDET O ZOMAC,No es PDET O ZOMAC,0.0,132.0,36.78,0.0323729362253156,0.0,0.0,0.0,0.0323729362253156,36.78,0.0,0.0075188,-0.59392646,-0.60931468,-0.43744925,-0.5011952,-0.55333779,0.18504486,Bajo,Presencial,0.0,NO,SIN_IMPUTACION,OK,SIN_IMPUTACION,OK
15332,15332,15,BOYACÁ,GÜICÁN DE LA SIERRA,Municipio,-72.411763,6.462864,,970195344.0330902,5,5,0.03,0.0000,"48,1",,ELN,1,0.0,0.0,No es PDET O ZOMAC,No es PDET O ZOMAC,0.0,180.5,30.19,0.1275510204081632,0.0,0.0,0.0,20.637755102040817,30.19,0.0,0.00550964,-0.98901109,0.82391607,-0.43744925,-0.50661125,-0.2624606,0.25476087,Bajo,Presencial,0.03,NO,SIN_IMPUTACION,OK,SIN_IMPUTACION,OK
15362,15362,15,BOYACÁ,IZA,Municipio,-72.979559,5.611577,,34794708.09419358,50,69,12.39,0.0000,24.8,0.0,,0,0.0,0.0,No es PDET O ZOMAC,No es PDET O ZOMAC,0.0,131.116024,39.09,0.3086419753086419,0.0,0.0,0.0,0.51440329218107,39.09,0.0,0.0075691,-0.455437,-0.60931468,-0.43744925,-0.50105958,-0.50484614,0.1966671,Bajo,Presencial,8.98,NO,SIN_IMPUTACION,OK,SIN_IMPUTACION,OK
15367,15367,15,BOYACÁ,JENESANO,Municipio,-73.363738,5.385813,,59916308.99490927,41,48,5.01,0.0000,"38,8",0.0,,0,0.0,0.0,No es PDET O ZOMAC,No es PDET O ZOMAC,0.0,103.0,43.93,0.0317057704502219,0.0,0.0,0.0634115409004438,0.0,43.93,0.0,0.00961538,-0.16526862,-0.60931468,-0.43744925,-0.49554345,-0.40245979,0.22120656,Bajo,Presencial,4.28,NO,SIN_IMPUTACION,OK,SIN_IMPUTACION,OK
15368,15368,15,BOYACÁ,JERICÓ,Municipio,-72.571122,6.145735,,134051212.38072322,601,644,30.03,0.0000,"64,7",0.0,,0,0.0,0.0,No es PDET O ZOMAC,No es PDET O ZOMAC,0.0,168.6,25.91,0.1694915254237288,0.0,0.0,0.0,0.0,25.91,0.0,0.00589623,-1.24560628,-0.60931468,-0.43744925,-0.50556914,-0.78208182,0.13022061,Bajo,Presencial,28.02,SI,SIN_IMPUTACION,OK,SIN_IMPUTACION,OK
15377,15377,15,BOYACÁ,LABRANZAGRANDE,Municipio,-72.57777,5.562687,,590232071.981821,47,56,0.59,0.0000,57.4,0.0,ELN,1,1.0,0.0,No,No,0.0,173.8572884,46.27,0.0,0.0,0.0,0.0,0.032520325203252,46.27,0.0,0.00571895,-0.02498059,0.82391607,-0.43744925,-0.50604703,0.07503471,0.33565009,Medio,Presencial con precaución,0.5,NO,SIN_IMPUTACION,OK,SIN_IMPUTACION,OK
15380,15380,15,BOYACÁ,LA CAPILLA,Municipio,-73.444347,5.095687,,57760892.158222,3,6,0.65,0.0000,31.6,,,0,0.0,0.0,No es PDET O ZOMAC,No es PDET O ZOMAC,0.0,117.5907208,36.17,0.0,0.0,0.0,0.0,0.0,36.17,0.0,0.00843236,-0.63049726,-0.60931468,-0.43744925,-0.49873251,-0.56576817,0.1820656,Bajo,Presencial,0.32,NO,SIN_IMPUTACION,OK,SIN_IMPUTACION,OK
15401,15401,15,BOYACÁ,LA VICTORIA,Municipio,-74.234393,5.523792,,28453246.1816987,0,0,0.0,0.0000,38.4,4.513857543,,0,0.0,0.0,No es PDET O ZOMAC,No es PDET O ZOMAC,0.0,39.1643532,18.07,0.104602510460251,0.0,0.0,0.0,0.0,18.07,0.0,0.0248977,-1.7156311,-0.60931468,-0.43744925,-0.45434709,-0.9389072,0.09263347,Bajo,Presencial,0.0,NO,SIN_IMPUTACION,OK,SIN_IMPUTACION,OK
15403,15403,15,BOYACÁ,LA UVITA,Municipio,-72.559982,6.31616,,164470750.60294235,571,630,23.94,0.0000,41.9,0.0,,0,0.0,0.0,No es PDET O ZOMAC,No es PDET O ZOMAC,0.0,173.4411771,25.84,0.0360490266762797,0.0,0.0,0.0,0.0,25.84,0.0,0.00573259,-1.24980293,-0.60931468,-0.43744925,-0.50601025,-0.78361682,0.12985271,Bajo,Presencial,21.7,SI,SIN_IMPUTACION,OK,SIN_IMPUTACION,OK
15407,15407,15,BOYACÁ,VILLA DE LEYVA,Municipio,-73.524948,5.632455,,128666735.54266164,318,341,16.56,0.0000,15.2,5.673115108,,0,0.0,0.0,No es PDET O ZOMAC,No es PDET O ZOMAC,0.0,72.77566674,59.28,0.2873764631667484,0.0,0.0,0.0,0.126165276512231,59.28,0.0,0.0135546,0.75499682,-0.60931468,-0.43744925,-0.48492454,-0.07877405,0.29878597,Medio,Presencial con precaución,15.45,SI,SIN_IMPUTACION,OK,SIN_IMPUTACION,OK
15425,15425,15,BOYACÁ,MACANAL,Municipio,-73.319593,4.972464,,202783979.43228173,23,28,0.86,0.0000,"28,9",37.34827264,,0,0.0,0.0,No es PDET O ZOMAC,No es PDET O ZOMAC,0.0,140.5,29.29,0.1137656427758816,0.0,0.0,0.0,0.0284414106939704,29.29,0.0,0.00706714,-1.04296803,-0.60931468,-0.43744925,-0.50241273,-0.71068497,0.14733266,Bajo,Presencial,0.71,NO,SIN_IMPUTACION,OK,SIN_IMPUTACION,OK
15442,15442,15,BOYACÁ,MARIPÍ,Municipio,-74.00405,5.550091,,163285325.12684193,7,13,0.5,0.0000,67.0,32.90556104,,0,0.0,0.0,No es PDET O ZOMAC,No es PDET O ZOMAC,0.0,42.38163492,41.3,0.1494209936496078,0.0,0.0,0.0,0.2054538662682107,41.3,0.0,0.02305123,-0.32294276,-0.60931468,-0.43744925,-0.4593246,-0.45221291,0.20928197,Bajo,Presencial,0.27,NO,SIN_IMPUTACION,OK,SIN_IMPUTACION,OK
15455,15455,15,BOYACÁ,MIRAFLORES,Municipio,-73.14563,5.196515,,262481456.20863,14,21,0.5,0.0000,"21,1",10.54741061,,0,0.0,0.0,No es PDET O ZOMAC,No es PDET O ZOMAC,0.0,135.9,33.61,0.2195389681668496,0.0,0.0,0.0,0.0243932186852055,33.61,0.0,0.0073046,-0.78397476,-0.60931468,-0.43744925,-0.5017726,-0.61994131,0.16908165,Bajo,Presencial,0.33,NO,SIN_IMPUTACION,OK,SIN_IMPUTACION,OK
15464,15464,15,BOYACÁ,MONGUA,Municipio,-72.79809,5.754242,,366170361.4384787,293,319,5.44,0.0000,"50,7",0.0,,0,0.0,0.0,No es PDET O ZOMAC,No es PDET O ZOMAC,0.0,158.8,45.23,0.1162790697674418,0.0,0.0,0.0,0.0,45.23,0.0,0.00625782,-0.08733083,-0.60931468,-0.43744925,-0.50459439,-0.3765392,0.22741908,Bajo,Presencial,5.0,NO,SIN_IMPUTACION,OK,SIN_IMPUTACION,OK
15466,15466,15,BOYACÁ,MONGUÍ,Municipio,-72.849292,5.723486,,69966615.05238982,35,40,3.57,0.0000,28.8,0.0,,0,0.0,0.0,No es PDET O ZOMAC,No es PDET O ZOMAC,0.0,143.6633662,28.81,0.128369704749679,0.0,0.0256739409499358,0.0,0.0,28.81,0.0,0.0069126,-1.07174506,-0.60931468,-0.43744925,-0.50282932,-0.72081942,0.14490368,Bajo,Presencial,3.13,NO,SIN_IMPUTACION,OK,SIN_IMPUTACION,OK
15469,15469,15,BOYACÁ,MONIQUIRÁ,Municipio,-73.573374,5.876331,,222018503.7135741,74,87,2.45,0.0000,27.1,0.0,,0,0.0,0.0,No es PDET O ZOMAC,No es PDET O ZOMAC,0.0,61.27137199,60.07,0.1451589490492089,0.0,0.0,0.0,0.0048386316349736,60.07,0.0,0.01605874,0.80235901,-0.60931468,-0.43744925,-0.47817416,-0.06118472,0.30300169,Medio,Presencial con precaución,2.08,NO,SIN_IMPUTACION,OK,SIN_IMPUTACION,OK
15476,15476,15,BOYACÁ,MOTAVITA,Municipio,-73.367841,5.5777,,61014337.77861386,533,597,61.15,0.0000,"49,8",0.0,,0,0.0,0.0,No es PDET O ZOMAC,No es PDET O ZOMAC,0.0,89.37,41.84,0.0956754688097971,0.0,0.0,0.0,0.0,41.84,0.0,0.01106562,-0.2905686,-0.60931468,-0.43744925,-0.49163407,-0.44572837,0.21083615,Bajo,Presencial,54.6,SI,SIN_IMPUTACION,OK,SIN_IMPUTACION,OK
15480,15480,15,BOYACÁ,MUZO,Municipio,-74.10269,5.532758,,140084816.40532455,3,3,0.13,0.0000,"40,7",0.0,,0,0.0,0.0,No es PDET O ZOMAC,No es PDET O ZOMAC,0.0,41.19,51.7,0.2386634844868735,0.0125612360256249,0.0,0.0,0.1256123602562492,51.7,0.0,0.0237023,0.30055956,-0.60931468,-0.43744925,-0.45756951,-0.23372384,0.26164836,Bajo,Presencial,0.13,NO,SIN_IMPUTACION,OK,SIN_IMPUTACION,OK
15491,15491,15,BOYACÁ,NOBSA,Municipio,-72.937042,5.768046,,56340416.73880821,70,83,9.21,0.0000,10.5,0.0,,0,0.0,0.0,No es PDET O ZOMAC,No es PDET O ZOMAC,0.0,131.1950881,45.95,0.0887311446317657,0.0,0.0,0.0,0.0,45.95,0.0,0.00756458,-0.04416528,-0.60931468,-0.43744925,-0.50107179,-0.36090287,0.23116671,Bajo,Presencial,7.77,NO,SIN_IMPUTACION,OK,SIN_IMPUTACION,OK
15494,15494,15,BOYACÁ,NUEVO COLÓN,Municipio,-73.456759,5.355317,,52185418.50321008,39,49,5.87,0.0000,46.2,,,0,0.0,0.0,No es PDET O ZOMAC,No es PDET O ZOMAC,0.0,98.56866329,35.9,0.0,0.0,0.0,0.0,0.0,35.9,0.0,0.01004332,-0.64668434,-0.60931468,-0.43744925,-0.49438987,-0.57078225,0.18086385,Bajo,Presencial,4.67,NO,SIN_IMPUTACION,OK,SIN_IMPUTACION,OK
15500,15500,15,BOYACÁ,OICATÁ,Municipio,-73.308399,5.595235,,61274813.40280753,291,321,32.74,0.0000,22.8,0.0,,0,0.0,0.0,No es PDET O ZOMAC,No es PDET O ZOMAC,0.0,98.99303271,43.05,0.3932785126921702,0.0,0.0,0.0,0.0,43.05,0.0,0.0100007,-0.2180265,-0.60931468,-0.43744925,-0.49450477,-0.42076924,0.21681824,Bajo,Presencial,29.68,SI,SIN_IMPUTACION,OK,SIN_IMPUTACION,OK
15507,15507,15,BOYACÁ,OTANCHE,Municipio,-74.180965,5.657536,,483030458.2484669,5,5,0.06,0.0000,44.7,11.61035644,,0,0.0,0.0,No es PDET O ZOMAC,No es PDET O ZOMAC,0.0,14.49157452,36.9,0.1001573901845757,0.0,0.0,0.0,0.028616397195593,36.9,0.0,0.06455122,-0.5867322,-0.60931468,-0.43744925,-0.34745355,-0.52775855,0.19117556,Bajo,Presencial,0.06,NO,SIN_IMPUTACION,OK,SIN_IMPUTACION,OK
15511,15511,15,BOYACÁ,PACHAVITA,Municipio,-73.396953,5.140065,,67667893.39026873,9,16,1.48,0.0000,"37,5",,,0,0.0,0.0,No es PDET O ZOMAC,No es PDET O ZOMAC,0.0,118.8,18.65,0.0884564352056612,0.0,0.0,0.0,0.0,18.65,0.0,0.00834725,-1.68085885,-0.60931468,-0.43744925,-0.49896196,-0.93342915,0.09394643,Bajo,Presencial,0.83,NO,SIN_IMPUTACION,OK,SIN_IMPUTACION,OK
15514,15514,15,BOYACÁ,PÁEZ,Municipio,-73.052737,5.097319,,343911287.44712645,14,26,0.47,0.0000,36.5,,,0,0.0,0.0,No es PDET O ZOMAC,No es PDET O ZOMAC,0.0,154.7388629,28.12,0.4102564102564102,0.1709401709401709,0.0,0.0,0.0,28.12,0.0,0.006421,-1.11311204,-0.60931468,-0.43744925,-0.5041545,-0.73549664,0.14138592,Bajo,Presencial,0.25,NO,SIN_IMPUTACION,OK,SIN_IMPUTACION,OK
15516,15516,15,BOYACÁ,PAIPA,Municipio,-73.11782,5.779894,,310238889.4749083,317,373,7.51,0.0000,16.2,8.235197233,,0,0.0,0.0,No es PDET O ZOMAC,No es PDET O ZOMAC,0.0,107.9305293,52.68,0.1350612599286104,0.0032157442840145,0.0032157442840145,0.0,0.0257259542721162,52.68,0.0,0.00918016,0.35931266,-0.60931468,-0.43744925,-0.49671667,-0.21903232,0.26516955,Bajo,Presencial,6.39,NO,SIN_IMPUTACION,OK,SIN_IMPUTACION,OK
15518,15518,15,BOYACÁ,PAJARITO,Municipio,-72.703231,5.293783,,318377697.3721152,9,10,0.2,0.0000,27.8,0.0,,0,1.0,0.0,No,No,0.0,168.3786064,49.98,0.2590673575129534,0.0,0.0,0.0,0.0,49.98,0.0,0.00590393,0.19744186,-0.60931468,-0.43744925,-0.50554837,-0.27701186,0.2512733,Bajo,Presencial,0.18,NO,SIN_IMPUTACION,OK,SIN_IMPUTACION,OK
15522,15522,15,BOYACÁ,PANQUEBA,Municipio,-72.459424,6.443416,,40454035.08540714,1,1,0.15,0.0000,42.7,,,0,0.0,0.0,No es PDET O ZOMAC,No es PDET O ZOMAC,0.0,186.8699009,13.28,0.3705991352686844,0.0,0.0,0.0,0.0617665225447807,13.28,0.0,0.00532283,-2.00280188,-0.60931468,-0.43744925,-0.50711483,-1.04733213,0.06664672,Bajo,Presencial,0.15,NO,SIN_IMPUTACION,OK,SIN_IMPUTACION,OK
15531,15531,15,BOYACÁ,PAUNA,Municipio,-73.978449,5.656323,,256821090.8231408,17,38,0.92,0.0000,"47,4",0.0,,0,0.0,0.0,No es PDET O ZOMAC,No es PDET O ZOMAC,0.0,31.71,38.72,0.1101494885916601,0.03147128245476,0.0,0.0,0.01573564122738,38.72,0.0,0.03057169,-0.47761929,-0.60931468,-0.43744925,-0.43905177,-0.50330877,0.19703557,Bajo,Presencial,0.41,NO,SIN_IMPUTACION,OK,SIN_IMPUTACION,OK
15533,15533,15,BOYACÁ,PAYA,Municipio,-72.423775,5.625699,,450672091.0402913,150,164,2.27,0.0000,"68,2",35.77817531,,0,1.0,0.0,No,No,0.0,195.7,14.29,0.0485201358563803,0.0,0.0,0.0,0.0,14.29,0.0,0.00508388,-1.94225021,-0.60931468,-0.43744925,-0.50775896,-1.02623567,0.07170301,Bajo,Presencial,2.08,NO,SIN_IMPUTACION,OK,SIN_IMPUTACION,OK
15537,15537,15,BOYACÁ,PAZ DE RÍO,Municipio,-72.749137,5.987645,,124820795.67982069,191,222,11.12,0.0000,21.6,0.0,,0,0.0,0.0,No es PDET O ZOMAC,No es PDET O ZOMAC,0.0,147.9418559,41.0,0.0247524752475247,0.0,0.0,0.0,0.0,41.0,0.0,0.00671403,-0.3409284,-0.60931468,-0.43744925,-0.5033646,-0.46511388,0.20618993,Bajo,Presencial,9.56,NO,SIN_IMPUTACION,OK,SIN_IMPUTACION,OK
15542,15542,15,BOYACÁ,PESCA,Municipio,-73.050872,5.558808,,267206572.9973749,131,142,3.32,0.0000,39.3,0.0,,0,0.0,0.0,No es PDET O ZOMAC,No es PDET O ZOMAC,0.0,124.4284403,39.48,0.0605693519079345,0.0,0.0,0.0,0.0,39.48,0.0,0.00797267,-0.43205566,-0.60931468,-0.43744925,-0.49997169,-0.49649949,0.19866758,Bajo,Presencial,3.06,NO,SIN_IMPUTACION,OK,SIN_IMPUTACION,OK
15550,15550,15,BOYACÁ,PISBA,Municipio,-72.486023,5.72141,,472373742.67891467,35,43,0.57,0.0000,"57,9",0.0,,0,1.0,0.0,No,No,0.0,185.2,23.27,0.0632111251580278,0.0,0.0,0.0,0.0,23.27,0.0,0.00537057,-1.40387994,-0.60931468,-0.43744925,-0.50698615,-0.83769016,0.11689268,Bajo,Presencial,0.46,NO,SIN_IMPUTACION,OK,SIN_IMPUTACION,OK
15572,15572,15,BOYACÁ,PUERTO BOYACÁ,Municipio,-74.587782,5.976646,,1540086775.8646622,14,14,0.06,0.0000,33.6,43.42076697,EGC,1,0.0,0.0,No es PDET O ZOMAC,No es PDET O ZOMAC,19.02230882,0.0,63.09,3.661856792812415,0.0249568926399854,0.0,0.0022688084218168,0.589890189672384,63.09,2.99684709,1.0,0.98341449,0.82391607,1.83412066,2.17422517,1.2843278,0.62548753,Alto,Remota,0.06,NO,SIN_IMPUTACION,OK,SIN_IMPUTACION,OK
15580,15580,15,BOYACÁ,QUÍPAMA,Municipio,-74.180033,5.52055,,170029345.66077906,2,3,0.11,0.0000,64.6,18.96813354,,0,0.0,0.0,No es PDET O ZOMAC,No es PDET O ZOMAC,0.0,34.36358259,34.12,0.1192179303767286,0.0238435860753457,0.0,0.0,0.0238435860753457,34.12,0.0,0.02827768,-0.75339916,-0.60931468,-0.43744925,-0.44523572,-0.60075932,0.1736791,Bajo,Presencial,0.07,NO,SIN_IMPUTACION,OK,SIN_IMPUTACION,OK
15599,15599,15,BOYACÁ,RAMIRIQUÍ,Municipio,-73.334839,5.400303,,127590628.8850792,3,10,0.49,0.0000,31.4,0.0,,0,0.0,0.0,No es PDET O ZOMAC,No es PDET O ZOMAC,0.0,112.6761276,43.16,0.0690448791714614,0.0,0.0,0.0,0.0,43.16,0.0,0.00879692,-0.21143177,-0.60931468,-0.43744925,-0.49774977,-0.41894784,0.21725478,Bajo,Presencial,0.15,NO,SIN_IMPUTACION,OK,SIN_IMPUTACION,OK
15600,15600,15,BOYACÁ,RÁQUIRA,Municipio,-73.632543,5.539136,,224169203.7493386,450,510,14.22,0.0000,"31,3",11.73984503,,0,0.0,0.0,No es PDET O ZOMAC,No es PDET O ZOMAC,0.0,73.3,54.85,0.1232539030402629,0.0,0.0136948781155847,0.0,0.2191180498493563,54.85,0.0,0.01345895,0.48940881,-0.60931468,-0.43744925,-0.48518239,-0.17176853,0.27649751,Bajo,Presencial,12.55,NO,SIN_IMPUTACION,OK,SIN_IMPUTACION,OK
15621,15621,15,BOYACÁ,RONDÓN,Municipio,-73.208474,5.357378,,209522699.64213532,27,27,0.81,0.0000,"46,9",0.0,,0,0.0,0.0,No es PDET O ZOMAC,No es PDET O ZOMAC,0.0,119.1,10.26,0.4972875226039783,0.0,0.0,0.0,0.0,10.26,0.0,0.00832639,-2.18385735,-0.60931468,-0.43744925,-0.49901817,-1.10948705,0.05174973,Bajo,Presencial,0.81,NO,SIN_IMPUTACION,OK,SIN_IMPUTACION,OK
15632,15632,15,BOYACÁ,SABOYÁ,Municipio,-73.764456,5.697756,,252779792.949499,307,357,8.83,0.0000,41.8,0.0,,0,0.0,0.0,No es PDET O ZOMAC,No es PDET O ZOMAC,0.0,48.64500965,37.82,0.1164770181883343,0.0089597706298718,0.0,0.0,0.0089597706298718,37.82,0.0,0.02014301,-0.53157622,-0.60931468,-0.43744925,-0.46716425,-0.52641057,0.19149864,Bajo,Presencial,7.59,NO,SIN_IMPUTACION,OK,SIN_IMPUTACION,OK
15638,15638,15,BOYACÁ,SÁCHICA,Municipio,-73.542539,5.584305,,64957108.43839259,577,627,60.33,0.0000,23.8,0.0,,0,0.0,0.0,No es PDET O ZOMAC,No es PDET O ZOMAC,0.0,75.25837998,44.51,0.2488077959776072,0.0207339829981339,0.0,0.0,0.0207339829981339,44.51,0.0,0.01311331,-0.13049637,-0.60931468,-0.43744925,-0.48611412,-0.3888751,0.22446247,Bajo,Presencial,55.52,SI,SIN_IMPUTACION,OK,SIN_IMPUTACION,OK
15646,15646,15,BOYACÁ,SAMACÁ,Municipio,-73.485589,5.492161,,170226379.23565838,1385,1490,54.71,"4,808.4977",21.5,5.037783375,,0,0.0,0.0,No es PDET O ZOMAC,No es PDET O ZOMAC,0.0,84.08052943,40.57,0.1429796968830426,0.0,0.0,0.0,0.1601372605090077,40.57,0.0,0.01175357,-0.36670782,-0.60931468,-0.43744925,-0.48977957,-0.47209893,0.20451579,Bajo,Presencial,50.85,SI,SIN_IMPUTACION,OK,SIN_IMPUTACION,OK
15660,15660,15,BOYACÁ,SAN EDUARDO,Municipio,-73.077747,5.22401,,111084304.4019649,1,4,0.23,0.0000,"35,9",,,0,0.0,0.0,No es PDET O ZOMAC,No es PDET O ZOMAC,0.0,141.6,14.51,0.0,0.0,0.0,0.0,0.0,14.51,0.0,0.00701262,-1.92906074,-0.60931468,-0.43744925,-0.50255969,-1.02083946,0.07299635,Bajo,Presencial,0.06,NO,SIN_IMPUTACION,OK,SIN_IMPUTACION,OK
15664,15664,15,BOYACÁ,SAN JOSÉ DE PARE,Municipio,-73.545397,6.018924,,75713236.53959963,0,0,0.0,0.0000,50.8,0.0,,0,0.0,0.0,No es PDET O ZOMAC,No es PDET O ZOMAC,0.0,61.99146372,46.98,0.021468441391155,0.0,0.0,0.0,0.0,46.98,0.0,0.01587517,0.01758543,-0.60931468,-0.43744925,-0.47866903,-0.33592971,0.23715216,Bajo,Presencial,0.0,NO,SIN_IMPUTACION,OK,SIN_IMPUTACION,OK
15667,15667,15,BOYACÁ,SAN LUIS DE GACENO,Municipio,-73.168076,4.81976,,476192613.1138974,0,0,0.0,0.0000,31.4,17.01548409,,0,0.0,0.0,No es PDET O ZOMAC,No es PDET O ZOMAC,0.0,166.6301393,43.55,0.0882223202470224,0.0,0.0,0.0,0.0882223202470224,43.55,0.0,0.00596551,-0.18805043,-0.60931468,-0.43744925,-0.50538236,-0.41190926,0.21894175,Bajo,Presencial,0.0,NO,SIN_IMPUTACION,OK,SIN_IMPUTACION,OK
15673,15673,15,BOYACÁ,SAN MATEO,Municipio,-72.555264,6.401683,,126177755.15397474,1,4,0.2,0.0000,"45,8",0.0,,0,0.0,0.0,No es PDET O ZOMAC,No es PDET O ZOMAC,0.0,176.1,30.44,0.1814333232537042,0.0,0.0,0.0,0.0,30.44,0.0,0.00564653,-0.97402306,-0.60931468,-0.43744925,-0.50624225,-0.68712866,0.15297852,Bajo,Presencial,0.05,NO,SIN_IMPUTACION,OK,SIN_IMPUTACION,OK
15676,15676,15,BOYACÁ,SAN MIGUEL DE SEMA,Municipio,-73.722009,5.518083,,95504319.57222828,139,143,9.36,0.0000,"35,6",,,0,0.0,0.0,No es PDET O ZOMAC,No es PDET O ZOMAC,0.0,61.44,35.29,0.2412961047914512,0.0,0.0,0.0,0.0,35.29,0.0,0.01601537,-0.68325515,-0.60931468,-0.43744925,-0.47829107,-0.58116722,0.17837484,Bajo,Presencial,9.1,NO,SIN_IMPUTACION,OK,SIN_IMPUTACION,OK
15681,15681,15,BOYACÁ,SAN PABLO DE BORBUR,Municipio,-74.069963,5.650743,,199147702.9986765,16,16,0.5,0.0000,53.7,14.08649106,,0,0.0,0.0,No es PDET O ZOMAC,No es PDET O ZOMAC,0.0,26.60194859,47.01,0.1372919169383902,0.0,0.0,0.0,0.0171614896172987,47.01,0.0,0.03622933,0.01938399,-0.60931468,-0.43744925,-0.42380055,-0.32706994,0.23927563,Bajo,Presencial,0.5,NO,SIN_IMPUTACION,OK,SIN_IMPUTACION,OK
15686,15686,15,BOYACÁ,SANTANA,Municipio,-73.481639,6.056866,,69174850.39223872,0,0,0.0,0.0000,"40,5",0.0,,0,0.0,0.0,No es PDET O ZOMAC,No es PDET O ZOMAC,0.0,68.07,45.55,0.0587285273821758,0.0,0.0,0.0,0.0146821318455439,45.55,0.0,0.01447807,-0.06814614,-0.60931468,-0.43744925,-0.48243518,-0.36650068,0.22982506,Bajo,Presencial,0.0,NO,SIN_IMPUTACION,OK,SIN_IMPUTACION,OK
15690,15690,15,BOYACÁ,SANTA MARÍA,Municipio,-73.263518,4.857193,,313871779.9313272,0,0,0.0,0.0000,29.0,0.0,,0,0.0,0.0,No es PDET O ZOMAC,No es PDET O ZOMAC,0.0,156.9316649,26.78,1.2285806660200451,0.0,0.0,0.0,0.0,26.78,0.0,0.00633185,-1.19344791,-0.60931468,-0.43744925,-0.50439483,-0.76365025,0.1346382,Bajo,Presencial,0.0,NO,SIN_IMPUTACION,OK,SIN_IMPUTACION,OK
15693,15693,15,BOYACÁ,SANTA ROSA DE VITERBO,Municipio,-72.982461,5.874547,,118685188.8858665,21,47,2.48,0.0000,19.0,0.0,,0,0.0,0.0,No es PDET O ZOMAC,No es PDET O ZOMAC,0.0,123.347171,44.71,0.6267858788828464,0.0092174393953359,0.0,0.0092174393953359,0.0645220757673518,44.71,0.0,0.008042,-0.11850594,-0.60931468,-0.43744925,-0.4997848,-0.38672905,0.22497682,Bajo,Presencial,1.11,NO,SIN_IMPUTACION,OK,SIN_IMPUTACION,OK
15696,15696,15,BOYACÁ,SANTA SOFÍA,Municipio,-73.602707,5.713269,,78856306.15855873,574,608,48.19,0.0000,31.4,0.0,,0,0.0,0.0,No es PDET O ZOMAC,No es PDET O ZOMAC,0.0,60.77448116,30.47,0.3419972640218878,0.0,0.0,0.0,0.2393980848153215,30.47,0.0,0.01618791,-0.97222449,-0.60931468,-0.43744925,-0.47782596,-0.68223672,0.15415099,Bajo,Presencial,45.49,SI,SIN_IMPUTACION,OK,SIN_IMPUTACION,OK
15720,15720,15,BOYACÁ,SATIVANORTE,Municipio,-72.708458,6.131132,,164156229.4749017,202,230,8.76,0.0000,51.6,0.0,,0,0.0,0.0,No es PDET O ZOMAC,No es PDET O ZOMAC,0.0,152.5141893,22.41,0.0,0.0,0.0,0.0,0.0513610683102208,22.41,0.0,0.00651406,-1.45543879,-0.60931468,-0.43744925,-0.50390367,-0.85527338,0.11267842,Bajo,Presencial,7.69,NO,SIN_IMPUTACION,OK,SIN_IMPUTACION,OK
15723,15723,15,BOYACÁ,SATIVASUR,Municipio,-72.712435,6.093183,,55839734.91251352,56,78,8.73,0.0000,"29,7",0.0,,0,0.0,0.0,No es PDET O ZOMAC,No es PDET O ZOMAC,0.0,153.8,26.65,0.0,0.0,0.0,0.0,0.0,26.65,0.0,0.00645995,-1.20124169,-0.60931468,-0.43744925,-0.50404952,-0.76632627,0.13399682,Bajo,Presencial,6.27,NO,SIN_IMPUTACION,OK,SIN_IMPUTACION,OK
15740,15740,15,BOYACÁ,SIACHOQUE,Municipio,-73.24466,5.511811,,121096615.86408378,397,415,21.42,0.0000,45.1,0.0,,0,0.0,0.0,No es PDET O ZOMAC,No es PDET O ZOMAC,0.0,110.5931564,34.12,0.1203188449390885,0.0,0.0,0.0,0.0,34.12,0.0,0.00896112,-0.75339916,-0.60931468,-0.43744925,-0.49730714,-0.60857003,0.17180706,Bajo,Presencial,20.49,SI,SIN_IMPUTACION,OK,SIN_IMPUTACION,OK
15753,15753,15,BOYACÁ,SOATÁ,Municipio,-72.684051,6.331945,,125353801.3360778,210,240,11.97,0.0000,17.3,0.0,,0,0.0,0.0,No es PDET O ZOMAC,No es PDET O ZOMAC,0.0,159.2822654,45.79,0.1773888363292337,0.0,0.0,0.0,0.0354777672658467,45.79,0.0,0.00623899,-0.05375762,-0.60931468,-0.43744925,-0.50464515,-0.36479619,0.23023358,Bajo,Presencial,10.47,NO,SIN_IMPUTACION,OK,SIN_IMPUTACION,OK
15755,15755,15,BOYACÁ,SOCOTÁ,Municipio,-72.636653,6.041162,,613704585.5020623,1389,1459,14.86,0.0000,52.9,13.00728408,ELN,1,0.0,0.0,No es PDET O ZOMAC,No es PDET O ZOMAC,0.0,171.0638576,34.46,0.11232799775344,0.0,0.0,0.0,0.0,34.46,0.0,0.0058118,-0.73301543,0.82391607,-0.43744925,-0.50579674,-0.17273994,0.27626468,Bajo,Presencial,14.15,NO,SIN_IMPUTACION,OK,SIN_IMPUTACION,OK
15757,15757,15,BOYACÁ,SOCHA,Municipio,-72.691963,5.996717,,152699592.2692083,927,979,40.07,0.0000,"20,8",46.92082111,,0,0.0,0.0,No es PDET O ZOMAC,No es PDET O ZOMAC,0.0,157.4,48.57,0.1067093504068293,0.0,0.0533546752034146,0.0,0.1067093504068293,48.57,0.0,0.00631313,0.11290934,-0.60931468,-0.43744925,-0.5044453,-0.30643278,0.24422184,Bajo,Presencial,37.94,SI,SIN_IMPUTACION,OK,SIN_IMPUTACION,OK
15759,15759,15,BOYACÁ,SOGAMOSO,Municipio,-72.924355,5.723976,,211656551.12033376,169,184,5.43,0.0000,10.4,8.710864626,,0,0.0,0.0,No es PDET O ZOMAC,No es PDET O ZOMAC,0.0,138.6023016,54.79,0.1807486004535451,0.0016735981523476,0.0033471963046952,0.0,0.0401663556563433,54.79,0.0,0.00716321,0.48581168,-0.60931468,-0.43744925,-0.50215376,-0.17557323,0.27558561,Bajo,Presencial,4.99,NO,SIN_IMPUTACION,OK,SIN_IMPUTACION,OK
15761,15761,15,BOYACÁ,SOMONDOCO,Municipio,-73.433393,4.985726,,59625462.49215704,22,22,2.31,0.0000,"41,0",,,0,0.0,0.0,No es PDET O ZOMAC,No es PDET O ZOMAC,0.0,132.3,17.11,0.0423011844331641,0.0,0.0,0.0,0.0,17.11,0.0,0.00750188,-1.77318516,-0.60931468,-0.43744925,-0.50124081,-0.96608518,0.08611959,Bajo,Presencial,2.31,NO,SIN_IMPUTACION,OK,SIN_IMPUTACION,OK
15762,15762,15,BOYACÁ,SORA,Municipio,-73.450153,5.56684,,48615232.34210367,533,609,78.29,0.0000,"55,3",0.0,,0,0.0,0.0,No es PDET O ZOMAC,No es PDET O ZOMAC,0.0,84.18,29.64,0.0386697602474864,0.0,0.0,0.0,0.0,29.64,0.0,0.01173985,-1.02198477,-0.60931468,-0.43744925,-0.48981657,-0.70145141,0.14954571,Bajo,Presencial,68.52,SI,SIN_IMPUTACION,OK,SIN_IMPUTACION,OK
15763,15763,15,BOYACÁ,SOTAQUIRÁ,Municipio,-73.246585,5.764986,,290065358.550982,655,730,15.73,0.0000,35.4,0.0,,0,0.0,0.0,No es PDET O ZOMAC,No es PDET O ZOMAC,0.0,96.12686554,39.23,0.0125738714950333,0.0125738714950333,0.0,0.0,0.0,39.23,0.0,0.01029581,-0.4470437,-0.60931468,-0.43744925,-0.49370923,-0.50080593,0.19763543,Bajo,Presencial,14.11,NO,SIN_IMPUTACION,OK,SIN_IMPUTACION,OK
15764,15764,15,BOYACÁ,SORACÁ,Municipio,-73.332804,5.500898,,56636153.31838484,429,465,51.31,0.0000,38.5,0.0,,0,0.0,0.0,No es PDET O ZOMAC,No es PDET O ZOMAC,0.0,100.8877226,47.69,0.0512120177534994,0.0512120177534994,0.0,0.0,0.0512120177534994,47.69,0.0,0.00981473,0.06015145,-0.60931468,-0.43744925,-0.49500609,-0.32348216,0.24013553,Bajo,Presencial,47.34,SI,SIN_IMPUTACION,OK,SIN_IMPUTACION,OK
15774,15774,15,BOYACÁ,SUSACÓN,Municipio,-72.690289,6.230332,,185982094.83561292,384,425,14.28,0.0000,"37,1",,,0,0.0,0.0,No es PDET O ZOMAC,No es PDET O ZOMAC,0.0,155.1,37.42,0.0,0.0,0.0,0.0,0.0,37.42,0.0,0.00640615,-0.55555708,-0.60931468,-0.43744925,-0.50419455,-0.54035841,0.18815569,Bajo,Presencial,12.9,NO,SIN_IMPUTACION,OK,SIN_IMPUTACION,OK
15776,15776,15,BOYACÁ,SUTAMARCHÁN,Municipio,-73.620536,5.619781,,105199068.84466118,35,43,2.55,0.0000,"31,1",0.0,,0,0.0,0.0,No es PDET O ZOMAC,No es PDET O ZOMAC,0.0,63.53,31.44,0.1390095569070373,0.0,0.0,0.0,0.0868809730668983,31.44,0.0,0.01549667,-0.91407091,-0.60931468,-0.43744925,-0.47968934,-0.66216247,0.15896229,Bajo,Presencial,2.08,NO,SIN_IMPUTACION,OK,SIN_IMPUTACION,OK
15778,15778,15,BOYACÁ,SUTATENZA,Municipio,-73.452317,5.022989,,41714976.850636914,3,3,0.45,0.0000,"47,4",,,0,0.0,0.0,No es PDET O ZOMAC,No es PDET O ZOMAC,0.0,127.0,39.54,0.0,0.0,0.0,0.0,0.0287273771904625,39.54,0.0,0.0078125,-0.42845853,-0.60931468,-0.43744925,-0.50040347,-0.49530526,0.19895381,Bajo,Presencial,0.45,NO,SIN_IMPUTACION,OK,SIN_IMPUTACION,OK
15790,15790,15,BOYACÁ,TASCO,Municipio,-72.781011,5.909821,,213204016.35249656,937,992,29.08,0.0000,31.4,32.17503218,,0,0.0,0.0,No es PDET O ZOMAC,No es PDET O ZOMAC,0.0,152.7691652,34.61,0.0583657587548638,0.0194552529182879,0.0,0.0,0.0194552529182879,34.61,0.0,0.00650325,-0.72402261,-0.60931468,-0.43744925,-0.50393278,-0.59928208,0.17403315,Bajo,Presencial,27.47,SI,SIN_IMPUTACION,OK,SIN_IMPUTACION,OK
15798,15798,15,BOYACÁ,TENZA,Municipio,-73.421176,5.076781,,46525923.7729935,0,0,0.0,0.0000,"41,1",0.0,,0,0.0,0.0,No es PDET O ZOMAC,No es PDET O ZOMAC,0.0,123.6,27.62,0.1459427904261529,0.0,0.0,0.0,0.1459427904261529,27.62,0.0,0.00802568,-1.14308811,-0.60931468,-0.43744925,-0.49982879,-0.74533941,0.13902685,Bajo,Presencial,0.0,NO,SIN_IMPUTACION,OK,SIN_IMPUTACION,OK
15804,15804,15,BOYACÁ,TIBANÁ,Municipio,-73.396457,5.317251,,123677964.7543514,62,71,3.59,0.0000,47.0,,,0,0.0,0.0,No es PDET O ZOMAC,No es PDET O ZOMAC,0.0,107.1072821,36.29,0.0755191944619257,0.0,0.0,0.0,0.0251730648206419,36.29,0.0,0.00925007,-0.62330301,-0.60931468,-0.43744925,-0.49652822,-0.56291954,0.18274835,Bajo,Presencial,3.13,NO,SIN_IMPUTACION,OK,SIN_IMPUTACION,OK
15806,15806,15,BOYACÁ,TIBASOSA,Municipio,-72.999449,5.74723,,95299061.7390768,14,22,1.44,0.0000,14.3,0.0,,0,0.0,0.0,No es PDET O ZOMAC,No es PDET O ZOMAC,0.0,123.2239788,49.23,0.1542789726835466,0.0,0.0,0.0,0.0363009347490697,49.23,0.0,0.00804998,0.15247776,-0.60931468,-0.43744925,-0.49976331,-0.29188153,0.24770941,Bajo,Presencial,0.92,NO,SIN_IMPUTACION,OK,SIN_IMPUTACION,OK
15808,15808,15,BOYACÁ,TINJACÁ,Municipio,-73.646847,5.579713,,81040352.26339884,0,2,0.15,0.0000,35.2,0.0,,0,0.0,0.0,No es PDET O ZOMAC,No es PDET O ZOMAC,0.0,63.34381538,26.03,0.3485535029627047,0.0,0.0,0.0,0.0348553502962704,26.03,0.0,0.01554151,-1.23841202,-0.60931468,-0.43744925,-0.47956846,-0.77566373,0.13175887,Bajo,Presencial,0.0,NO,SIN_IMPUTACION,OK,SIN_IMPUTACION,OK
15810,15810,15,BOYACÁ,TIPACOQUE,Municipio,-72.691729,6.419203,,73295004.00676209,81,98,8.36,0.0000,41.6,0.0,,0,0.0,0.0,No es PDET O ZOMAC,No es PDET O ZOMAC,0.0,161.9929568,17.2,0.0634115409004438,0.0,0.0317057704502219,0.0,0.0,17.2,0.0,0.00613523,-1.76778946,-0.60931468,-0.43744925,-0.50492485,-0.96474929,0.08643977,Bajo,Presencial,6.91,NO,SIN_IMPUTACION,OK,SIN_IMPUTACION,OK
15814,15814,15,BOYACÁ,TOCA,Municipio,-73.184794,5.566464,,170937404.229745,99,104,3.8,0.0000,30.2,21.21340687,,0,0.0,0.0,No es PDET O ZOMAC,No es PDET O ZOMAC,0.0,112.4958391,36.02,0.1378201447111519,0.0,0.0,0.0,0.0,36.02,0.0,0.0088109,-0.63949009,-0.60931468,-0.43744925,-0.4977121,-0.5687626,0.18134791,Bajo,Presencial,3.62,NO,SIN_IMPUTACION,OK,SIN_IMPUTACION,OK
15816,15816,15,BOYACÁ,TOGÜÍ,Municipio,-73.513655,5.937438,,103200038.57895768,0,0,0.0,"6,949.1618",50,0.0,,0,0.0,0.0,No es PDET O ZOMAC,No es PDET O ZOMAC,0.0,68.16025395,34.18,0.2367424242424242,0.0,0.0,0.0,0.0236742424242424,34.18,0.0,0.01445917,-0.74980203,-0.60931468,-0.43744925,-0.48248611,-0.60508788,0.17264165,Bajo,Presencial,0.0,NO,SIN_IMPUTACION,OK,SIN_IMPUTACION,OK
15820,15820,15,BOYACÁ,TÓPAGA,Municipio,-72.832245,5.768201,,34180702.51419525,163,167,30.54,0.0000,28.7,0.0,,0,0.0,0.0,No es PDET O ZOMAC,No es PDET O ZOMAC,0.0,141.9270265,37.68,0.0849617672047578,0.0,0.0,0.0,0.0,37.68,0.0,0.00699658,-0.53996952,-0.60931468,-0.43744925,-0.50260294,-0.53466403,0.18952049,Bajo,Presencial,29.8,SI,SIN_IMPUTACION,OK,SIN_IMPUTACION,OK
15822,15822,15,BOYACÁ,TOTA,Municipio,-72.985898,5.560497,,199096146.56978577,743,822,25.8,0.0000,47.9,0.0,,0,0.0,0.0,No es PDET O ZOMAC,No es PDET O ZOMAC,0.0,132.2559131,37.4,0.0,0.0220750551876379,0.0,0.0,0.0,37.4,0.0,0.00750436,-0.55675613,-0.60931468,-0.43744925,-0.50123412,-0.54033402,0.18816154,Bajo,Presencial,23.32,SI,SIN_IMPUTACION,OK,SIN_IMPUTACION,OK
15832,15832,15,BOYACÁ,TUNUNGUÁ,Municipio,-73.933155,5.730582,,29709318.803812787,0,0,0.0,0.0000,"42,1",,,0,0.0,0.0,No es PDET O ZOMAC,No es PDET O ZOMAC,0.0,31.72,45.67,0.0655307994757536,0.0,0.0,0.0,0.1965923984272607,45.67,0.0,0.03056235,-0.06095188,-0.60931468,-0.43744925,-0.43907696,-0.35747896,0.23198734,Bajo,Presencial,0.0,NO,SIN_IMPUTACION,OK,SIN_IMPUTACION,OK
15835,15835,15,BOYACÁ,TURMEQUÉ,Municipio,-73.491825,5.323261,,80918635.65004909,9,23,1.78,0.0000,45.1,15.31862745,,0,0.0,0.0,No es PDET O ZOMAC,No es PDET O ZOMAC,0.0,97.68778626,32.02,0.0514138817480719,0.0,0.0,0.0,0.0171379605826906,32.02,0.0,0.01013297,-0.87929867,-0.60931468,-0.43744925,-0.49414821,-0.65216102,0.16135939,Bajo,Presencial,0.7,NO,SIN_IMPUTACION,OK,SIN_IMPUTACION,OK
15837,15837,15,BOYACÁ,TUTA,Municipio,-73.230285,5.689082,,168023692.02530882,5,6,0.22,0.0000,32.8,11.21704992,,0,0.0,0.0,No es PDET O ZOMAC,No es PDET O ZOMAC,0.0,106.7637401,41.97,0.1350853493798354,0.0,0.0,0.0,0.0736829178435466,41.97,0.0,0.00927956,-0.28277482,-0.60931468,-0.43744925,-0.49644873,-0.44372275,0.21131685,Bajo,Presencial,0.19,NO,SIN_IMPUTACION,OK,SIN_IMPUTACION,OK
15839,15839,15,BOYACÁ,TUTAZÁ,Municipio,-72.856035,6.032608,,124149779.25261392,53,59,2.97,0.0000,"36,4",0.0,,0,0.0,0.0,No es PDET O ZOMAC,No es PDET O ZOMAC,0.0,138.1,25.95,0.2229654403567447,0.0,0.0557413600891861,0.0,0.0,25.95,0.0,0.00718907,-1.24320819,-0.60931468,-0.43744925,-0.50208403,-0.78071972,0.13054707,Bajo,Presencial,2.67,NO,SIN_IMPUTACION,OK,SIN_IMPUTACION,OK
15842,15842,15,BOYACÁ,ÚMBITA,Municipio,-73.456917,5.221176,,148262696.1303158,48,71,2.99,0.0000,"49,4",0.0,,0,0.0,0.0,No es PDET O ZOMAC,No es PDET O ZOMAC,0.0,108.4,25.2,0.0868935553946415,0.0144822592324402,0.0,0.0,0.0289645184648805,25.2,0.0,0.00914077,-1.2881723,-0.60931468,-0.43744925,-0.49682287,-0.79566799,0.12696434,Bajo,Presencial,2.02,NO,SIN_IMPUTACION,OK,SIN_IMPUTACION,OK
15861,15861,15,BOYACÁ,VENTAQUEMADA,Municipio,-73.522368,5.368739,,162485930.39884266,128,159,6.12,"3,068.8362","25,7",0.0,,0,0.0,0.0,No es PDET O ZOMAC,No es PDET O ZOMAC,0.0,90.58,42.86,0.064405324173465,0.0,0.0,0.0,0.0,42.86,0.0,0.01091941,-0.22941741,-0.60931468,-0.43744925,-0.49202819,-0.42438458,0.21595173,Bajo,Presencial,4.92,NO,SIN_IMPUTACION,OK,SIN_IMPUTACION,OK
15879,15879,15,BOYACÁ,VIRACACHÁ,Municipio,-73.296894,5.436833,,63554042.01430468,11,31,3.05,0.0000,"45,1",,,0,0.0,0.0,No es PDET O ZOMAC,No es PDET O ZOMAC,0.0,109.0,35.14,0.0774593338497289,0.0,0.0,0.0,0.0,35.14,0.0,0.00909091,-0.69224797,-0.60931468,-0.43744925,-0.49695727,-0.58711464,0.17694939,Bajo,Presencial,1.08,NO,SIN_IMPUTACION,OK,SIN_IMPUTACION,OK
15897,15897,15,BOYACÁ,ZETAQUIRA,Municipio,-73.17098,5.283443,,255273718.43408495,15,21,0.51,0.0000,50.7,20.18570852,,0,0.0,0.0,No es PDET O ZOMAC,No es PDET O ZOMAC,0.0,127.6092603,29.83,0.1872659176029962,0.0,0.0,0.0,0.0234082397003745,29.83,0.0,0.00777549,-1.01059387,-0.60931468,-0.43744925,-0.50050323,-0.69906759,0.15011705,Bajo,Presencial,0.37,NO,SIN_IMPUTACION,OK,SIN_IMPUTACION,OK
17001,17001,17,CALDAS,MANIZALES,Municipio,-75.491025,5.057657,,447160814.493816,113,132,1.84,0.0000,13.9,5.251388336,,0,0.0,0.0,No es PDET O ZOMAC,No es PDET O ZOMAC,0.0,70.98343268,46.29,1.2155159563313702,0.0179383980252602,0.0042951093863299,0.0040424558930164,1.019709499013388,46.29,0.0,0.01389209,-0.02378155,-0.60931468,-0.43744925,-0.4840148,-0.35121002,0.23348985,Bajo,Presencial,1.58,NO,SIN_IMPUTACION,OK,SIN_IMPUTACION,OK
17013,17013,17,CALDAS,AGUADAS,Municipio,-75.45487,5.610244,,483199493.4772162,41,42,0.54,0.0000,"30,0",25.50478215,,0,0.0,0.0,No es PDET O ZOMAC,No es PDET O ZOMAC,0.0,50.89,44.15,0.2338611449451888,0.0048721071863581,0.0,0.0,0.3166869671132765,44.15,0.0,0.01927154,-0.15207914,-0.60931468,-0.43744925,-0.46951347,-0.39393897,0.22324878,Bajo,Presencial,0.53,NO,SIN_IMPUTACION,OK,SIN_IMPUTACION,OK
17042,17042,17,CALDAS,ANSERMA,Municipio,-75.784343,5.236471,,212091748.38395613,15,15,0.44,0.0000,32.5,15.96891385,EGC,1,1.0,0.0,No,No,0.0,49.88029168,43.36,0.8842801704943063,0.0031808639226413,0.0,0.0,2.9136713531395126,43.36,0.0,0.01965398,-0.19944134,0.82391607,-0.43744925,-0.46848253,0.01960812,0.32236572,Medio,Presencial con precaución,0.44,NO,SIN_IMPUTACION,OK,SIN_IMPUTACION,OK
17050,17050,17,CALDAS,ARANZAZU,Municipio,-75.49129,5.271195,,151756649.54445824,12,23,0.95,0.0000,"32,1",0.0,,0,0.0,0.0,No es PDET O ZOMAC,No es PDET O ZOMAC,0.0,77.09,38.36,0.0913334686421757,0.0,0.0,0.0,0.0202963263649279,38.36,0.0,0.01280574,-0.49920207,-0.60931468,-0.43744925,-0.48694325,-0.51804646,0.19350331,Bajo,Presencial,0.49,NO,SIN_IMPUTACION,OK,SIN_IMPUTACION,OK
17088,17088,17,CALDAS,BELALCÁZAR,Municipio,-75.811918,4.993785,,114865244.26945607,0,0,0.0,0.0000,41.2,18.26484018,,0,1.0,0.0,No,No,0.0,36.07478204,53.74,0.3726322326881275,0.0,0.0,0.0,11.023703550357103,53.74,0.0,0.02697251,0.42286193,-0.60931468,-0.43744925,-0.44875404,-0.18959568,0.27222478,Bajo,Presencial,0.0,NO,SIN_IMPUTACION,OK,SIN_IMPUTACION,OK
17174,17174,17,CALDAS,CHINCHINÁ,Municipio,-75.607529,4.985227,,110851668.47679225,0,0,0.0,0.0000,21.8,27.98037643,,0,0.0,0.0,No es PDET O ZOMAC,No es PDET O ZOMAC,0.0,52.08216515,56.99,0.3043604290032713,0.0041409582177315,0.0062114373265973,0.0,0.1656383287092633,56.99,0.0,0.01883872,0.6177064,-0.60931468,-0.43744925,-0.47068021,-0.12468904,0.28778129,Medio,Presencial con precaución,0.0,NO,SIN_IMPUTACION,OK,SIN_IMPUTACION,OK
17272,17272,17,CALDAS,FILADELFIA,Municipio,-75.562474,5.297091,,195400899.75715265,2,2,0.06,0.0000,"36,2",0.0,,0,0.0,0.0,No es PDET O ZOMAC,No es PDET O ZOMAC,0.0,70.25,36.47,0.4681160927910121,0.0104025798398002,0.0,0.0104025798398002,2.038905648600853,36.47,0.0,0.01403509,-0.61251162,-0.60931468,-0.43744925,-0.48362931,-0.55720772,0.18411733,Bajo,Presencial,0.06,NO,SIN_IMPUTACION,OK,SIN_IMPUTACION,OK
17380,17380,17,CALDAS,LA DORADA,Municipio,-74.668819,5.460834,,558005588.4411554,18,18,0.2,0.0000,26.8,26.50832361,EGC,1,0.0,0.0,No es PDET O ZOMAC,No es PDET O ZOMAC,0.0,35.20129721,60.62,1.6298526474249488,0.0014474712676953,0.0,0.008684827606172,0.6238601163766899,60.62,0.0,0.02762332,0.83533269,0.82391607,-0.43744925,-0.44699966,0.38500146,0.4099414,Alto,Remota,0.2,NO,SIN_IMPUTACION,OK,SIN_IMPUTACION,OK
17388,17388,17,CALDAS,LA MERCED,Municipio,-75.546486,5.39647,,89921923.91574652,2,2,0.14,0.0000,"34,5",0.0,,0,0.0,0.0,No es PDET O ZOMAC,No es PDET O ZOMAC,0.0,73.9,36.66,0.1502629601803155,0.0,0.0,0.0,0.3005259203606311,36.66,0.0,0.01335113,-0.60112071,-0.60931468,-0.43744925,-0.48547303,-0.55349746,0.18500659,Bajo,Presencial,0.14,NO,SIN_IMPUTACION,OK,SIN_IMPUTACION,OK
17433,17433,17,CALDAS,MANZANARES,Municipio,-75.152829,5.255699,,200823999.55432025,3,4,0.12,0.0000,"37,5",5.322263026,,0,0.0,0.0,No es PDET O ZOMAC,No es PDET O ZOMAC,0.0,61.8,30.3,0.3999515210277542,0.0,0.0484789722457883,0.0,0.5029693370500545,30.3,0.0,0.01592357,-0.98241636,-0.60931468,-0.43744925,-0.47853855,-0.68591076,0.15327042,Bajo,Presencial,0.09,NO,SIN_IMPUTACION,OK,SIN_IMPUTACION,OK
17442,17442,17,CALDAS,MARMATO,Municipio,-75.600049,5.47422,,37446930.82804602,15,17,2.84,0.0000,"37,6",43.08487721,,0,0.0,0.0,No es PDET O ZOMAC,No es PDET O ZOMAC,0.0,71.21,58.99,11.149086623453153,0.0,0.0,0.0,24.832056570418384,58.99,0.0,0.0138485,0.7376107,-0.60931468,-0.43744925,-0.4841323,-0.08474035,0.29735599,Medio,Presencial con precaución,2.5,NO,SIN_IMPUTACION,OK,SIN_IMPUTACION,OK
17444,17444,17,CALDAS,MARQUETALIA,Municipio,-75.053097,5.297525,,91690730.10150304,0,0,0.0,0.0000,40.7,7.298737318,,0,0.0,0.0,No es PDET O ZOMAC,No es PDET O ZOMAC,0.0,50.48526326,50.5,0.1490189585230565,0.0,0.0,0.0,0.0413941551452934,50.5,0.0,0.01942303,0.22861698,-0.60931468,-0.43744925,-0.46910508,-0.26063407,0.25519865,Bajo,Presencial,0.0,NO,SIN_IMPUTACION,OK,SIN_IMPUTACION,OK
17446,17446,17,CALDAS,MARULANDA,Municipio,-75.259721,5.284304,,382475173.8981705,651,752,12.29,0.0000,"34,6",73.36757153,,0,1.0,0.0,No,No,0.0,67.79,13.95,0.2402691013935608,0.0480538202787121,0.0,0.0,0.0,13.95,0.0,0.014537,-1.96263394,-0.60931468,-0.43744925,-0.48227632,-1.02954758,0.07090923,Bajo,Presencial,10.64,NO,SIN_IMPUTACION,OK,SIN_IMPUTACION,OK
17486,17486,17,CALDAS,NEIRA,Municipio,-75.520006,5.166895,,374616705.1446767,204,238,3.97,0.0000,"31,3",9.240436149,,0,0.0,0.0,No es PDET O ZOMAC,No es PDET O ZOMAC,0.0,73.87,52.29,0.3733726357160403,0.0049127978383689,0.0,0.0,0.4961925816752641,52.29,0.0,0.01335648,0.33593132,-0.60931468,-0.43744925,-0.48545861,-0.22552708,0.26361292,Bajo,Presencial,3.4,NO,SIN_IMPUTACION,OK,SIN_IMPUTACION,OK
17495,17495,17,CALDAS,NORCASIA,Municipio,-74.889543,5.574796,,231240522.8603269,1,1,0.03,0.0000,"41,4",32.5414904,,0,1.0,0.0,No,No,0.0,16.58,48.56,0.4204507231752439,0.0,0.0,0.0,0.134544231416078,48.56,0.0,0.05688282,0.11230982,-0.60931468,-0.43744925,-0.36812515,-0.28619459,0.24907243,Bajo,Presencial,0.03,NO,SIN_IMPUTACION,OK,SIN_IMPUTACION,OK
17513,17513,17,CALDAS,PÁCORA,Municipio,-75.459621,5.527172,,261064163.3045185,58,58,1.39,0.0000,"33,3",0.0,,0,0.0,0.0,No es PDET O ZOMAC,No es PDET O ZOMAC,0.0,60.19,33.67,0.1988679822548569,0.0,0.0,0.0,0.4971699556371424,33.67,0.0,0.01634254,-0.78037763,-0.60931468,-0.43744925,-0.47740913,-0.61502779,0.1702593,Bajo,Presencial,1.39,NO,SIN_IMPUTACION,OK,SIN_IMPUTACION,OK
17524,17524,17,CALDAS,PALESTINA,Municipio,-75.624577,5.017879,,113770205.97529244,0,0,0.0,0.0000,"30,1",68.48462209,,0,1.0,0.0,No,No,0.0,53.47,61.76,0.94885100074129,0.0,0.0074128984432913,0.0,0.6893995552260934,61.76,0.0,0.01835873,0.90367814,-0.60931468,-0.43744925,-0.47197411,-0.02479302,0.31172387,Medio,Presencial con precaución,0.0,NO,SIN_IMPUTACION,OK,SIN_IMPUTACION,OK
17541,17541,17,CALDAS,PENSILVANIA,Municipio,-75.160299,5.383281,,506159055.6852522,379,406,5.01,0.0000,"37,3",0.0,,0,1.0,0.0,No,No,0.0,44.89,30.57,0.5845560296954463,0.0,0.0,0.0,0.6137838311802186,30.57,0.0,0.02179124,-0.96622928,-0.60931468,-0.43744925,-0.46272113,-0.67787267,0.15519695,Bajo,Presencial,4.68,NO,SIN_IMPUTACION,OK,SIN_IMPUTACION,OK
17614,17614,17,CALDAS,RIOSUCIO,Municipio,-75.702104,5.423673,,389889518.66407233,0,0,0.0,0.0000,29.3,1.849180813,,0,1.0,0.0,No,No,0.0,67.60953537,41.32,0.504040656502541,0.0041656252603515,0.0,0.0020828126301757,75.70190785636925,41.32,0.0,0.01457523,-0.32174372,-0.60931468,-0.43744925,-0.48217324,-0.45522054,0.20856112,Bajo,Presencial,0.0,NO,SIN_IMPUTACION,OK,SIN_IMPUTACION,OK
17616,17616,17,CALDAS,RISARALDA,Municipio,-75.76722,5.164509,,91131342.863945,3,3,0.21,0.0000,"39,4",44.11894467,,0,1.0,0.0,No,No,0.0,44.93,40.75,0.426829268292683,0.0,0.0,0.0,2.8252032520325203,40.75,0.0,0.02177226,-0.35591644,-0.60931468,-0.43744925,-0.46277229,-0.46427085,0.20639198,Bajo,Presencial,0.21,NO,SIN_IMPUTACION,OK,SIN_IMPUTACION,OK
17653,17653,17,CALDAS,SALAMINA,Municipio,-75.487223,5.403025,,393898588.6052408,639,707,11.22,0.0000,28.7,9.967108542,,0,0.0,0.0,No es PDET O ZOMAC,No es PDET O ZOMAC,0.0,63.64176939,36.95,1.1374004014354355,0.0,0.0,0.0,0.5474119579101028,36.95,0.0,0.01546987,-0.58373459,-0.60931468,-0.43744925,-0.47976157,-0.5465556,0.18667038,Bajo,Presencial,10.14,NO,SIN_IMPUTACION,OK,SIN_IMPUTACION,OK
17662,17662,17,CALDAS,SAMANÁ,Municipio,-74.992263,5.41308,,770175718.9968367,22,22,0.18,0.0000,39.9,9.339248191,,0,1.0,0.0,No,No,0.0,24.42058455,38.72,23.56519742883379,0.0057392102846648,0.0,0.0172176308539944,0.5624426078971534,38.72,0.0,0.0393382,-0.47761929,-0.60931468,-0.43744925,-0.41542,-0.49976401,0.19788516,Bajo,Presencial,0.18,NO,SIN_IMPUTACION,OK,SIN_IMPUTACION,OK
17665,17665,17,CALDAS,SAN JOSÉ,Municipio,-75.792063,5.08231,,61773261.33613697,0,1,0.1,0.0000,"39,9",40.37956794,,0,0.0,0.0,No es PDET O ZOMAC,No es PDET O ZOMAC,0.0,37.66,38.02,0.3321523472099202,0.0,0.0,0.0,6.244464127546501,38.02,0.0,0.02586653,-0.5195858,-0.60931468,-0.43744925,-0.45173542,-0.5198996,0.19305916,Bajo,Presencial,0.0,NO,SIN_IMPUTACION,OK,SIN_IMPUTACION,OK
17777,17777,17,CALDAS,SUPÍA,Municipio,-75.64966,5.446843,,123440287.07440189,2,2,0.1,0.0000,31.3,26.67555852,ELN,1,0.0,0.0,No es PDET O ZOMAC,No es PDET O ZOMAC,0.0,77.1041727,48.32,4.211358247713673,0.0,0.0037635015618531,0.0037635015618531,31.91449324451469,48.32,0.0,0.01280341,0.0979213,0.82391607,-0.43744925,-0.48694952,0.120915,0.34664646,Medio,Presencial con precaución,0.1,NO,SIN_IMPUTACION,OK,SIN_IMPUTACION,OK
17867,17867,17,CALDAS,VICTORIA,Municipio,-74.911239,5.317437,,567601708.2617356,31,31,0.34,0.0000,"34,9",0.0,,0,0.0,0.0,No es PDET O ZOMAC,No es PDET O ZOMAC,0.0,36.45,50.31,1.3132056946489936,0.0,0.0,0.0,0.0490918016691212,50.31,0.0,0.02670227,0.21722607,-0.60931468,-0.43744925,-0.44948253,-0.26167751,0.25494856,Bajo,Presencial,0.34,NO,SIN_IMPUTACION,OK,SIN_IMPUTACION,OK
17873,17873,17,CALDAS,VILLAMARÍA,Municipio,-75.502487,5.038925,,461250696.1108516,58,67,0.91,0.0000,"17,0",7.244172064,,0,0.0,0.0,No es PDET O ZOMAC,No es PDET O ZOMAC,0.0,77.77,54.53,1.0117290353466848,0.0398946780499481,0.0095747227319875,0.0015957871219979,0.8106598579749461,54.53,0.0,0.01269519,0.47022413,-0.60931468,-0.43744925,-0.48724126,-0.178792,0.27481415,Bajo,Presencial,0.79,NO,SIN_IMPUTACION,OK,SIN_IMPUTACION,OK
17877,17877,17,CALDAS,VITERBO,Municipio,-75.87061,5.062664,,114429231.53825116,0,0,0.0,0.0000,26.0,15.11144692,,0,0.0,0.0,No es PDET O ZOMAC,No es PDET O ZOMAC,0.0,29.94129874,50.51,0.7806841046277666,0.0,0.0080482897384305,0.0080482897384305,1.3843058350100603,50.51,0.0,0.03231926,0.2292165,-0.60931468,-0.43744925,-0.43434086,-0.25520961,0.25649876,Bajo,Presencial,0.0,NO,SIN_IMPUTACION,OK,SIN_IMPUTACION,OK
18001,18001,18,CAQUETÁ,FLORENCIA,Municipio,-75.609831,1.618196,,2565465942.458789,232,322,0.78,0.0000,29.6,12.83245831,"EMBF, SM",2,1.0,1.0,ZOMAC-170,ZOMAC-NO 52,5.789398335,0.0,61.25,1.2985820533336832,0.0111494418720568,0.0072143447407426,0.0065584952188569,0.9116308354211208,61.25,1.91536233,1.0,0.87310254,2.25714682,1.01436971,2.17422517,1.51173765,0.67999201,Alto,Remota,0.57,NO,SIN_IMPUTACION,OK,SIN_IMPUTACION,OK
18029,18029,18,CAQUETÁ,ALBANIA,Municipio,-75.878375,1.328526,,416685914.6858802,0,0,0.0,0.0000,38.8,0.0,,0,1.0,1.0,ZOMAC-170,ZOMAC-NO 52,28.94699168,0.0,49.39,0.7792803117121246,0.0,0.0,0.0,2.4066009626403853,49.39,3.39942887,1.0,0.1620701,-0.60931468,2.13927226,2.17422517,0.62791836,0.46816253,Alto,Remota,0.0,NO,SIN_IMPUTACION,OK,SIN_IMPUTACION,OK
18094,18094,18,CAQUETÁ,BELÉN DE LOS ANDAQUÍES,Municipio,-75.872405,1.415812,,1199276405.1578846,127,194,1.01,0.0000,50,60.56935191,,0,1.0,1.0,ZOMAC-170,DAILD-52,26.05229251,0.0,51.28,0.3895062435559628,0.0,0.0,0.0,3.173330278382404,51.28,3.29777175,1.0,0.27537965,-0.60931468,2.06221752,2.17422517,0.65216576,0.47397403,Alto,Remota,0.66,NO,SIN_IMPUTACION,OK,SIN_IMPUTACION,OK
18150,18150,18,CAQUETÁ,CARTAGENA DEL CHAIRÁ,Municipio,-74.847867,1.332371,,12873017155.238049,0,0,0.0,0.0000,63.3,15.22487135,"EMBF, EMC",2,1.0,1.0,ZOMAC-170,DAILD-52,44.66107287,0.0,54.27,1.3789562474786372,0.0183371841420031,0.0036674368284006,0.0073348736568012,0.645468881798511,54.27,3.82124614,1.0,0.45463657,2.25714682,2.45900409,2.17422517,1.65420144,0.71413703,Alto,Remota,0.0,NO,SIN_IMPUTACION,OK,SIN_IMPUTACION,OK
18205,18205,18,CAQUETÁ,CURILLO,Municipio,-75.919205,1.033473,,405776303.69933057,0,0,0.0,0.0000,"55,4",0.0,,0,1.0,1.0,ZOMAC-170,ZOMAC-NO 52,51.28,0.0,54.92,3.1847133757961785,0.0,0.0,0.0,0.2574874644260739,54.92,3.95661389,1.0,0.49360546,-0.60931468,2.56161103,2.17422517,0.82842349,0.51621862,Alto,Remota,0.0,NO,SIN_IMPUTACION,OK,SIN_IMPUTACION,OK
18247,18247,18,CAQUETÁ,EL DONCELLO,Municipio,-75.283631,1.679951,,1114194991.8295343,4,5,0.03,0.0000,44.3,24.58693942,,0,1.0,1.0,ZOMAC-170,ZOMAC-NO 52,5.789398335,0.0,51.14,6.180286819940815,0.0,0.0113817436831322,0.0,0.6715228773048031,51.14,1.91536233,1.0,0.26698635,-0.60931468,1.01436971,2.17422517,0.43965854,0.42304134,Alto,Remota,0.02,NO,SIN_IMPUTACION,OK,SIN_IMPUTACION,OK
18256,18256,18,CAQUETÁ,EL PAUJÍL,Municipio,-75.326093,1.570226,,1243543579.5902069,21,32,0.16,0.0000,45.5,25.92016589,,0,1.0,1.0,ZOMAC-170,DAILD-52,38.45814609,0.0,69.24,0.5381375760411793,0.0077990953049446,0.0,0.0,4.1881141787552645,69.24,3.67524052,1.0,1.35212019,-0.60931468,2.34833378,2.17422517,1.08624819,0.57801278,Alto,Remota,0.11,NO,SIN_IMPUTACION,OK,SIN_IMPUTACION,OK
18410,18410,18,CAQUETÁ,LA MONTAÑITA,Municipio,-75.436408,1.479173,,1712702379.5505445,1,3,0.01,0.0000,56.2,38.40983292,,0,1.0,1.0,ZOMAC-170,ZVTN-52,44.66107287,0.0,49.73,0.3471017007983339,0.0,0.0,0.0,1.2582436653939604,49.73,3.82124614,1.0,0.18245383,-0.60931468,2.45900409,2.17422517,0.69899903,0.4851988,Alto,Remota,0.0,NO,SIN_IMPUTACION,OK,SIN_IMPUTACION,OK
18460,18460,18,CAQUETÁ,MILÁN,Municipio,-75.506926,1.29021,,1228643081.3391953,0,0,0.0,0.0000,64.6,9.672115292,,0,1.0,1.0,ZOMAC-170,ZOMAC-NO 52,55.41281264,0.0,50.31,0.2435530085959885,0.0,0.0,0.0,27.30659025787965,50.31,4.03269631,1.0,0.21722607,-0.60931468,2.61928048,2.17422517,0.74322459,0.49579857,Alto,Remota,0.0,NO,SIN_IMPUTACION,OK,SIN_IMPUTACION,OK
18479,18479,18,CAQUETÁ,MORELIA,Municipio,-75.724146,1.486611,,465500927.8023419,0,0,0.0,0.0000,42.4,73.20644217,,0,1.0,1.0,ZOMAC-170,ZOMAC-NO 52,0.0,18.71167413,71.82,0.5373134328358209,0.0,0.0,0.0,0.0597014925373134,71.82,0.0,0.05073136,1.50679672,-0.60931468,-0.43744925,-0.38470758,0.19938846,0.36545459,Medio,Presencial con precaución,0.0,NO,SIN_IMPUTACION,OK,SIN_IMPUTACION,OK
18592,18592,18,CAQUETÁ,PUERTO RICO,Municipio,-75.157604,1.909063,,4178282766.174082,52,134,0.2,0.0004,54.3,25.09860165,EMBF,1,1.0,1.0,ZOMAC-170,ZOMAC-NO 52,13.23291048,0.0,49.15,0.9950880758807588,0.0,0.0042344173441734,0.0,2.3246951219512195,49.15,2.65555692,1.0,0.14768158,0.82391607,1.57542729,2.17422517,0.94008261,0.54298053,Alto,Remota,0.08,NO,SIN_IMPUTACION,OK,SIN_IMPUTACION,OK
18610,18610,18,CAQUETÁ,SAN JOSÉ DEL FRAGUA,Municipio,-75.973796,1.330266,,1312573695.138986,0,0,0.0,0.0000,48.7,123.1794797,"CN-EB, EMC, SM",3,1.0,1.0,ZOMAC-170,ZOMAC-NO 52,53.34517038,0.0,59.02,0.8755129958960328,0.0182398540811673,0.0091199270405836,0.0,3.730050159598723,59.02,3.99535575,1.0,0.73940926,3.69037756,2.59097684,2.17422517,2.21023565,0.84740458,Alto,Remota,0.0,NO,SIN_IMPUTACION,OK,SIN_IMPUTACION,OK
18753,18753,18,CAQUETÁ,SAN VICENTE DEL CAGUÁN,Municipio,-74.767894,2.119413,,17595824251.5689,574,592,0.21,"71,887.1048",56.3,36.64681631,"EMBF, SM",2,1.0,1.0,ZOMAC-170,ZVTN_DAILD-52,0.0,26.41356225,67.47,0.9364122174829632,0.0073540226503897,0.0073540226503897,0.0049026817669265,1.7894788449281755,67.47,0.0,0.03647829,1.24600489,2.25714682,-0.43744925,-0.42312941,0.96228649,0.54830225,Alto,Remota,0.2,NO,SIN_IMPUTACION,OK,SIN_IMPUTACION,OK
18756,18756,18,CAQUETÁ,SOLANO,Municipio,-75.253702,0.699077,,42577917418.92285,0,0,0.0,0.0000,71.9,57.7986954,"EMBF, EMC",2,1.0,1.0,ZOMAC-170,ZOMAC-NO 52,64.09691014,0.0,33.72,2.0652967560237823,0.0208615833941796,0.0104307916970898,0.0,20.444351726296027,33.72,4.17587708,1.0,-0.77738002,2.25714682,2.72780959,2.17422517,1.27675673,0.62367293,Alto,Remota,0.0,NO,SIN_IMPUTACION,OK,SIN_IMPUTACION,OK
18785,18785,18,CAQUETÁ,SOLITA,Municipio,-75.619902,0.87654,,479905660.9437068,0,0,0.0,0.0000,"58,1",31.30380341,,0,1.0,1.0,ZOMAC-170,ZOMAC-NO 52,5.789,0.0,49.48,2.0412056466997326,0.0,0.0,0.0,1.1446012972148036,49.48,1.91530366,1.0,0.16746579,-0.60931468,1.01432524,2.17422517,0.40481745,0.4146908,Alto,Remota,0.0,NO,SIN_IMPUTACION,OK,SIN_IMPUTACION,OK
18860,18860,18,CAQUETÁ,VALPARAÍSO,Municipio,-75.70671,1.194619,,1338639154.5030563,0,0,0.0,0.0000,50.0,27.22570106,,0,1.0,1.0,ZOMAC-170,ZOMAC-NO 52,28.94699168,0.0,56.19,0.7044734061289186,0.0,0.0,0.0,0.3346248679112363,56.19,3.39942887,1.0,0.56974469,-0.60931468,2.13927226,2.17422517,0.77060446,0.50236084,Alto,Remota,0.0,NO,SIN_IMPUTACION,OK,SIN_IMPUTACION,OK
19001,19001,19,CAUCA,POPAYÁN,Municipio,-76.599377,2.459641,,483367215.7931626,231,261,3.37,0.0000,18.4,16.32600704,EMC,1,0.0,0.0,No es PDET O ZOMAC,No es PDET O ZOMAC,0.0,22.45935903,84.03,2.100449258686523,0.0080617382573453,0.0032979838325503,0.0054966397209172,3.424406546131465,84.03,0.0,0.04262691,2.23881242,0.82391607,-0.43744925,-0.40655465,0.88228612,0.52912815,Alto,Remota,2.99,NO,SIN_IMPUTACION,OK,SIN_IMPUTACION,OK
19022,19022,19,CAUCA,ALMAGUER,Municipio,-76.85607,1.913429,,238017015.88672876,938,998,26.21,0.0000,62.9,5.089576547,"ELN, EMC",2,0.0,0.0,No es PDET O ZOMAC,No es PDET O ZOMAC,0.0,31.79566464,33.26,0.0665738667312231,0.0,0.0,0.0,20.14767294074926,33.26,0.0,0.03049184,-0.80495801,2.25714682,-0.43744925,-0.43926704,0.24202884,0.37567443,Medio,Presencial con precaución,24.63,SI,SIN_IMPUTACION,OK,SIN_IMPUTACION,OK
19050,19050,19,CAUCA,ARGELIA,Municipio,-77.24905,2.257427,,779863837.6271064,214,325,2.6,0.0000,50.1,163.5381115,EMC,1,1.0,1.0,ZOMAC-170,ZOMAC-NO 52,64.09691014,0.0,98.41,0.6323713927227101,0.0,0.0,0.0100376411543287,0.1957340025094102,98.41,4.17587708,1.0,3.10092427,0.82391607,2.72780959,2.17422517,2.20419401,0.84595655,Alto,Remota,1.72,NO,SIN_IMPUTACION,OK,SIN_IMPUTACION,OK
19075,19075,19,CAUCA,BALBOA,Municipio,-77.215773,2.040998,,415290172.30274487,145,184,2.77,0.0000,47.1,39.73860827,"CN-EB, EMC",2,1.0,1.0,ZOMAC-170,ZOMAC-NO 52,64.09691014,0.0,63.34,12.38891239949217,0.0,0.0,0.0,0.0740584003385526,63.34,4.17587708,1.0,0.99840253,2.25714682,2.72780959,2.17422517,1.89828062,0.77263673,Alto,Remota,2.18,NO,SIN_IMPUTACION,OK,SIN_IMPUTACION,OK
19100,19100,19,CAUCA,BOLÍVAR,Municipio,-76.966215,1.837538,,801979264.3591865,1181,1223,9.53,0.0000,51.1,27.68618963,,0,0.0,0.0,No es PDET O ZOMAC,No es PDET O ZOMAC,0.0,25.58463311,60.72,5.069473684210527,0.0,0.0,0.0,7.180350877192983,60.72,0.0,0.03761572,0.84132791,-0.60931468,-0.43744925,-0.42006327,-0.03882898,0.3083598,Medio,Presencial con precaución,9.2,NO,SIN_IMPUTACION,OK,SIN_IMPUTACION,OK
19110,19110,19,CAUCA,BUENOS AIRES,Municipio,-76.642238,3.015382,,438276020.0285581,10,10,0.14,0.0000,42.5,50.43570848,EMC,1,1.0,1.0,ZOMAC-170,ZVTN-52,64.09691014,0.0,63.25,65.60865430337613,0.035663338088445,0.011887779362815,0.0079251862418766,25.443810429545096,63.25,4.17587708,1.0,0.99300684,0.82391607,2.72780959,2.17422517,1.46642291,0.66913119,Alto,Remota,0.14,NO,SIN_IMPUTACION,OK,SIN_IMPUTACION,OK
19130,19130,19,CAUCA,CAJIBÍO,Municipio,-76.570682,2.623371,,555995736.1486977,0,0,0.0,0.0000,56.9,35.54054955,EMC,1,1.0,1.0,ZOMAC-170,ZOMAC-NO 52,64.09691014,0.0,82.48,3.195284628509385,0.0031022180859314,0.0,0.0062044361718628,6.9955017837754,82.48,4.17587708,1.0,2.14588659,0.82391607,2.72780959,2.17422517,1.86993082,0.76584199,Alto,Remota,0.0,NO,SIN_IMPUTACION,OK,SIN_IMPUTACION,OK
19137,19137,19,CAUCA,CALDONO,Municipio,-76.484319,2.798059,,357354607.7026409,45,71,1.24,0.0000,56.0,25.44882473,ELN,1,1.0,1.0,ZOMAC-170,ZVTN-52,13.23291048,0.0,57.55,0.2563673856099872,0.0027866020174998,0.0,0.0139330100874993,75.36365156328372,57.55,2.65555692,1.0,0.65127961,0.82391607,1.57542729,2.17422517,1.11634192,0.5852255,Alto,Remota,0.79,NO,SIN_IMPUTACION,OK,SIN_IMPUTACION,OK
19142,19142,19,CAUCA,CALOTO,Municipio,-76.408941,3.034531,,268679991.8268897,0,0,0.0,0.0000,37.4,47.54056795,,0,1.0,1.0,ZOMAC-170,ZOMAC-NO 52,5.789398335,0.0,85.39,25.324572514249528,0.0197910069664344,0.0039582013932868,0.0197910069664344,50.340405319822665,85.39,1.91536233,1.0,2.32034734,-0.60931468,1.01436971,2.17422517,1.15833488,0.59529016,Alto,Remota,0.0,NO,SIN_IMPUTACION,OK,SIN_IMPUTACION,OK
19212,19212,19,CAUCA,CORINTO,Municipio,-76.261866,3.173854,,328626848.202844,561,596,11.34,0.0000,33.7,132.7874295,EMC,1,1.0,1.0,ZOMAC-170,ZOMAC-NO 52,19.02230882,0.0,85.21,11.561041002172606,0.0184902694956778,0.0138677021217584,0.0,41.469051911431606,85.21,2.99684709,1.0,2.30955595,0.82391607,1.83412066,2.17422517,1.74847731,0.7367326,Alto,Remota,10.67,NO,SIN_IMPUTACION,OK,SIN_IMPUTACION,OK
19256,19256,19,CAUCA,EL TAMBO,Municipio,-76.810911,2.451409,,2756153543.192897,108,116,0.26,0.0000,46,36.36930431,EMC,1,1.0,1.0,ZOMAC-170,DAILD-52,64.09691014,0.0,90.38,10.3767950349269,0.0,0.002596795554286,0.0,9.971694928458282,90.38,4.17587708,1.0,2.61950854,0.82391607,2.72780959,2.17422517,2.0356985,0.80557237,Alto,Remota,0.24,NO,SIN_IMPUTACION,OK,SIN_IMPUTACION,OK
19290,19290,19,CAUCA,FLORENCIA,Municipio,-77.072547,1.682535,,56925384.70188776,0,0,0.0,0.0000,36.3,18.15211472,,0,1.0,0.0,No,No,0.0,29.36614964,28.81,0.0786009039103949,0.0,0.0,0.0,0.0982511298879937,28.81,0.0,0.03293141,-1.07174506,-0.60931468,-0.43744925,-0.43269071,-0.71029863,0.14742525,Bajo,Presencial,0.0,NO,SIN_IMPUTACION,OK,SIN_IMPUTACION,OK
19300,19300,19,CAUCA,GUACHENÉ,Municipio,-76.392189,3.134153,,99665032.68396458,0,0,0.0,0.0000,20.2,30.46602326,EMC,1,0.0,0.0,No es PDET O ZOMAC,No es PDET O ZOMAC,0.0,8.997078398,67.71,95.43563982066657,0.010803219359369,0.0,0.0,0.3078917517420191,67.71,0.0,0.10002922,1.2603934,0.82391607,-0.43744925,-0.25181588,0.56305028,0.45261527,Alto,Remota,0.0,NO,SIN_IMPUTACION,OK,SIN_IMPUTACION,OK
19318,19318,19,CAUCA,GUAPI,Municipio,-77.88797,2.571337,,2579452961.282779,78,97,0.24,0.0000,68.9,60.69013352,EMC,1,1.0,1.0,ZOMAC-170,ZOMAC-NO 52,64.09691014,0.0,36.81,95.81913774973712,0.0294426919032597,0.0042060988433228,0.0336487907465825,1.0052576235541535,36.81,4.17587708,1.0,-0.59212789,0.82391607,2.72780959,2.17422517,0.91162575,0.53616013,Alto,Remota,0.19,NO,SIN_IMPUTACION,OK,SIN_IMPUTACION,OK
19355,19355,19,CAUCA,INZÁ,Municipio,-76.063503,2.549183,,872655147.0079471,738,854,6.12,0.0000,59,16.07872142,EMC,1,0.0,0.0,No es PDET O ZOMAC,No es PDET O ZOMAC,0.0,40.73076575,71.23,0.1510003775009437,0.0,0.0,0.0037750094375235,50.92487731219328,71.23,0.0,0.02396314,1.47142496,0.82391607,-0.43744925,-0.45686638,0.60615375,0.4629461,Alto,Remota,5.29,NO,SIN_IMPUTACION,OK,SIN_IMPUTACION,OK
19364,19364,19,CAUCA,JAMBALÓ,Municipio,-76.323877,2.777834,,236243836.74640775,877,947,25.05,0.0000,46.5,10.36430533,,0,1.0,1.0,ZOMAC-170,ZOMAC-NO 52,5.789398335,0.0,31.53,0.183452577508714,0.0,0.0,0.0,98.57518498134898,31.53,1.91536233,1.0,-0.90867522,-0.60931468,1.01436971,2.17422517,0.02817699,0.32441947,Medio,Presencial con precaución,23.2,SI,SIN_IMPUTACION,OK,SIN_IMPUTACION,OK
19392,19392,19,CAUCA,LA SIERRA,Municipio,-76.763278,2.179383,,209589993.0708604,39,56,1.67,0.0000,53.6,43.83657724,,0,0.0,0.0,No es PDET O ZOMAC,No es PDET O ZOMAC,0.0,9.34502721,45.05,12.783090085556116,0.0,0.0,0.0,18.36940110719678,45.05,0.0,0.0966648,-0.09812221,-0.60931468,-0.43744925,-0.26088532,-0.34375983,0.23527548,Bajo,Presencial,1.16,NO,SIN_IMPUTACION,OK,SIN_IMPUTACION,OK
19397,19397,19,CAUCA,LA VEGA,Municipio,-76.778771,2.001803,,519067259.6335516,1927,2021,24.33,0.0000,56.7,45.63605248,EMC,1,0.0,0.0,No es PDET O ZOMAC,No es PDET O ZOMAC,0.0,24.35598201,47.21,0.1466349800273044,0.0101127572432623,0.0,0.0,47.88390554684735,47.21,0.0,0.03943843,0.03137442,0.82391607,-0.43744925,-0.41514982,0.10839355,0.34364538,Medio,Presencial con precaución,23.2,SI,SIN_IMPUTACION,OK,SIN_IMPUTACION,OK
19418,19418,19,CAUCA,LÓPEZ DE MICAY,Municipio,-77.247803,2.846788,,3389172279.3423567,9,12,0.02,0.0000,81.2,10.02104419,EMC,1,1.0,1.0,ZOMAC-170,ZOMAC-NO 52,64.09691014,0.0,53.67,85.27485612224648,0.0066150691274723,0.0,0.052920553019779,5.953562214725143,53.67,4.17587708,1.0,0.41866528,0.82391607,2.72780959,2.17422517,1.26540336,0.62095181,Alto,Remota,0.02,NO,SIN_IMPUTACION,OK,SIN_IMPUTACION,OK
19450,19450,19,CAUCA,MERCADERES,Municipio,-77.164319,1.789193,,701292438.9965332,301,301,2.68,0.0000,46.6,55.78355979,,0,1.0,1.0,ZOMAC-170,ZOMAC-NO 52,0.0,17.40896758,94.8,18.26286640551128,0.0,0.0,0.0067540186410914,0.2026205592327435,94.8,0.0,0.05432135,2.88449703,-0.60931468,-0.43744925,-0.37503008,0.68303519,0.48137267,Alto,Remota,2.68,NO,SIN_IMPUTACION,OK,SIN_IMPUTACION,OK
19455,19455,19,CAUCA,MIRANDA,Municipio,-76.228722,3.254651,,191293888.1013628,314,366,11.96,0.0000,21.6,50.37335546,"EMC, FRENTE 57",2,1.0,1.0,ZOMAC-170,ZVTN-52,13.23291048,0.0,73.8,27.46320953048353,0.0070077084793272,0.0035038542396636,0.0,17.92571829011913,73.8,2.65555692,1.0,1.62550197,2.25714682,1.57542729,2.17422517,1.88728897,0.7700023,Alto,Remota,10.26,NO,SIN_IMPUTACION,OK,SIN_IMPUTACION,OK
19473,19473,19,CAUCA,MORALES,Municipio,-76.629106,2.754684,,515024362.29542303,3,4,0.05,0.0000,48.7,54.7397482,EMC,1,1.0,1.0,ZOMAC-170,ZOMAC-NO 52,64.09691014,0.0,61.3,2.115210007734472,0.0033628140027575,0.0033628140027575,0.0100884420082725,50.75831455762182,61.3,4.17587708,1.0,0.87610015,0.82391607,2.72780959,2.17422517,1.42550557,0.65932432,Alto,Remota,0.04,NO,SIN_IMPUTACION,OK,SIN_IMPUTACION,OK
19513,19513,19,CAUCA,PADILLA,Municipio,-76.313265,3.220984,,70258998.62265638,0,0,0.0,0.0000,22.0,28.2832092,EMC,1,0.0,0.0,No es PDET O ZOMAC,No es PDET O ZOMAC,0.0,8.648872841,62.72,94.93324204039712,0.0,0.0,0.0228232340522652,0.775989957777017,62.72,0.0,0.10363905,0.9612322,0.82391607,-0.43744925,-0.24208492,0.4598035,0.42786959,Alto,Remota,0.0,NO,SIN_IMPUTACION,OK,SIN_IMPUTACION,OK
19517,19517,19,CAUCA,PÁEZ,Municipio,-75.970685,2.645724,,1807258301.626536,926,1019,3.52,0.0000,56.3,20.14991537,,0,0.0,0.0,No es PDET O ZOMAC,No es PDET O ZOMAC,0.0,35.22300956,43.69,6.149099710098673,0.0026596452033298,0.0053192904066597,0.0026596452033298,81.36120641506423,43.69,0.0,0.02760676,-0.17965713,-0.60931468,-0.43744925,-0.4470443,-0.40022089,0.22174316,Bajo,Presencial,3.2,NO,SIN_IMPUTACION,OK,SIN_IMPUTACION,OK
19532,19532,19,CAUCA,PATÍA,Municipio,-76.981075,2.115875,,759368554.0833873,12,23,0.19,0.0000,44.1,131.9596001,EMC,1,1.0,1.0,ZOMAC-170,ZOMAC-NO 52,64.09691014,0.0,80.95,70.74856316773034,0.0,0.0,0.0035259687599167,0.1410387503966715,80.95,4.17587708,1.0,2.05415981,0.82391607,2.72780959,2.17422517,1.83782645,0.75814737,Alto,Remota,0.1,NO,SIN_IMPUTACION,OK,SIN_IMPUTACION,OK
19533,19533,19,CAUCA,PIAMONTE,Municipio,-76.327588,1.11754,,1110953450.516715,0,0,0.0,0.0000,44.0,91.77118385,"CN-EB, EMC",2,1.0,0.0,No,No,64.09691014,0.0,44.04,3.060078607523863,0.0,0.0,0.0421111734980348,17.911285794497473,44.04,4.17587708,1.0,-0.15867388,2.25714682,2.72780959,2.17422517,1.49330388,0.67557389,Alto,Remota,0.0,NO,SIN_IMPUTACION,OK,SIN_IMPUTACION,OK
19548,19548,19,CAUCA,PIENDAMÓ - TUNÍA,Municipio,-76.528615,2.64228,,182550128.33167943,0,0,0.0,0.0000,30.7,25.24205326,,0,1.0,1.0,ZOMAC-170,ZOMAC-NO 52,31.84169085,0.0,67.9,1.8502968871828704,0.0029988604330354,0.0029988604330354,0.0,17.639297067114494,67.9,3.49169877,1.0,1.27178431,-0.60931468,2.2092116,2.17422517,1.0303062,0.56460488,Alto,Remota,0.0,NO,SIN_IMPUTACION,OK,SIN_IMPUTACION,OK
19573,19573,19,CAUCA,PUERTO TEJADA,Municipio,-76.417673,3.233254,,110027312.02650842,0,0,0.0,0.0000,16.6,71.73279534,,0,0.0,0.0,No es PDET O ZOMAC,No es PDET O ZOMAC,0.0,20.64931615,71.42,95.46976511744128,0.0074962518740629,0.0049975012493753,0.0199900049975012,0.0224887556221889,71.42,0.0,0.04619084,1.48281586,-0.60931468,-0.43744925,-0.39694742,0.18915919,0.36300289,Medio,Presencial con precaución,0.0,NO,SIN_IMPUTACION,OK,SIN_IMPUTACION,OK
19585,19585,19,CAUCA,PURACÉ,Municipio,-76.496698,2.341507,,853998668.1780168,3832,3929,28.75,0.0000,39.5,5.370857726,,0,0.0,0.0,No es PDET O ZOMAC,No es PDET O ZOMAC,0.0,42.82507044,45.81,0.1742043551088777,0.0,0.0,0.0134003350083752,75.95979899497488,45.81,0.0,0.02281799,-0.05255858,-0.60931468,-0.43744925,-0.45995334,-0.35767276,0.23194089,Bajo,Presencial,28.04,SI,SIN_IMPUTACION,OK,SIN_IMPUTACION,OK
19622,19622,19,CAUCA,ROSAS,Municipio,-76.740336,2.260941,,170117319.66374025,1,3,0.11,0.0000,43.2,16.29859017,EMC,1,0.0,0.0,No es PDET O ZOMAC,No es PDET O ZOMAC,26.05229251,0.0,62.67,1.8637532133676091,0.0,0.0,0.0107112253641816,6.233933161953727,62.67,3.29777175,1.0,0.95823459,0.82391607,2.06221752,2.17422517,1.32113421,0.63430911,Alto,Remota,0.04,NO,SIN_IMPUTACION,OK,SIN_IMPUTACION,OK
19693,19693,19,CAUCA,SAN SEBASTIÁN,Municipio,-76.769467,1.838451,,421395633.10106754,3288,3411,50.59,0.0000,46.4,0.0,,0,0.0,0.0,No es PDET O ZOMAC,No es PDET O ZOMAC,0.0,46.36177068,32.98,0.061418773671819,0.0,0.0,0.0,37.87491043095506,32.98,0.0,0.02111408,-0.82174461,-0.60931468,-0.43744925,-0.46454656,-0.62757685,0.1672516,Bajo,Presencial,48.77,SI,SIN_IMPUTACION,OK,SIN_IMPUTACION,OK
19698,19698,19,CAUCA,SANTANDER DE QUILICHAO,Municipio,-76.485141,3.015008,,522152071.0786911,4,7,0.08,0.0000,23.8,96.58479552,"ELN, EMC",2,1.0,1.0,ZOMAC-170,ZOMAC-NO 52,38.45814609,0.0,87.18,23.009397155682343,0.0104878969669001,0.00419515878676,0.00524394848345,25.785543482820827,87.18,3.67524052,1.0,2.42766168,2.25714682,2.34833378,2.17422517,2.32262616,0.87434178,Alto,Remota,0.05,NO,SIN_IMPUTACION,OK,SIN_IMPUTACION,OK
19701,19701,19,CAUCA,SANTA ROSA,Municipio,-76.573252,1.700916,,3639527958.0070777,1187,1303,2.24,"181,791.9876",66.1,,ELN,1,1.0,0.0,No,No,13.23291048,0.0,37.27,0.6633165829145728,0.0,0.0,0.0,24.643216080402013,37.27,2.65555692,1.0,-0.5645499,0.82391607,1.57542729,2.17422517,0.69080159,0.48323408,Alto,Remota,2.04,NO,SIN_IMPUTACION,OK,SIN_IMPUTACION,OK
19743,19743,19,CAUCA,SILVIA,Municipio,-76.379753,2.611927,,685945494.3078613,4358,4488,40.89,0.0000,43.8,37.12503713,EMC,1,0.0,0.0,No es PDET O ZOMAC,No es PDET O ZOMAC,0.0,19.39187505,59.96,0.0868783702816057,0.0149790293588975,0.0,0.005991611743559,84.39185140802876,59.96,0.0,0.04903914,0.79576428,0.82391607,-0.43744925,-0.38926928,0.37981208,0.40869764,Alto,Remota,39.71,SI,SIN_IMPUTACION,OK,SIN_IMPUTACION,OK
19760,19760,19,CAUCA,SOTARÁ PAISPAMBA,Municipio,-76.613365,2.253156,,519179069.6652287,2975,3065,36.9,0.0000,32.3,0.0,,0,0.0,0.0,No es PDET O ZOMAC,No es PDET O ZOMAC,0.0,18.36180335,49.64,0.109051254089422,0.0,0.0,0.0,43.24301652545927,49.64,0.0,0.05164808,0.17705814,-0.60931468,-0.43744925,-0.38223638,-0.26564936,0.25399661,Bajo,Presencial,35.81,SI,SIN_IMPUTACION,OK,SIN_IMPUTACION,OK
19780,19780,19,CAUCA,SUÁREZ,Municipio,-76.69357,2.959785,,395194411.1308037,0,5,0.08,0.0000,44.1,85.05895465,,0,1.0,1.0,ZOMAC-170,ZOMAC-NO 52,64.09691014,0.0,66.41,56.227068895230325,0.0101916021198532,0.0050958010599266,0.0,22.849571952710967,66.41,4.17587708,1.0,1.18245562,-0.60931468,2.72780959,2.17422517,1.10276076,0.58197043,Alto,Remota,0.0,NO,SIN_IMPUTACION,OK,SIN_IMPUTACION,OK
19785,19785,19,CAUCA,SUCRE,Municipio,-76.926279,2.038237,,136627024.21574387,15,27,1.24,0.0000,75.5,29.86857826,,0,0.0,0.0,No es PDET O ZOMAC,No es PDET O ZOMAC,0.0,16.63953833,45.45,0.2096436058700209,0.0,0.0,0.0,0.0,45.45,0.0,0.05669083,-0.07414135,-0.60931468,-0.43744925,-0.36864271,-0.35153013,0.23341313,Bajo,Presencial,0.69,NO,SIN_IMPUTACION,OK,SIN_IMPUTACION,OK
19807,19807,19,CAUCA,TIMBÍO,Municipio,-76.684476,2.349686,,202561160.772095,0,0,0.0,0.0000,35.7,18.37704445,,0,0.0,0.0,No es PDET O ZOMAC,No es PDET O ZOMAC,26.05229251,0.0,87.58,0.4973577867578489,0.0,0.0124339446689462,0.0,3.316754740441405,87.58,3.29777175,1.0,2.45164254,-0.60931468,2.06221752,2.17422517,1.41385776,0.65653263,Alto,Remota,0.0,NO,SIN_IMPUTACION,OK,SIN_IMPUTACION,OK
19809,19809,19,CAUCA,TIMBIQUÍ,Municipio,-77.667541,2.777312,,2068722449.2081037,44,53,0.16,0.0000,72.4,14.22930525,,0,1.0,1.0,ZOMAC-170,ZOMAC-NO 52,64.09691014,0.0,29.18,79.7816230221153,0.0508929397612658,0.0092532617747756,0.0370130470991024,15.600999352271677,29.18,4.17587708,1.0,-1.04956276,-0.60931468,2.72780959,2.17422517,0.32155432,0.39473471,Medio,Presencial con precaución,0.13,NO,SIN_IMPUTACION,OK,SIN_IMPUTACION,OK
19821,19821,19,CAUCA,TORIBÍO,Municipio,-76.270284,2.953017,,496092600.1960022,1484,1555,19.59,0.0000,45.1,61.1995104,FRENTE 57,1,1.0,1.0,ZOMAC-170,ZOMAC-NO 52,5.789398335,0.0,41.13,0.0978665100802505,0.0,0.00652443400535,0.0,97.72297253213284,41.13,1.91536233,1.0,-0.33313462,0.82391607,1.01436971,2.17422517,0.65958542,0.47575234,Alto,Remota,18.7,SI,SIN_IMPUTACION,OK,SIN_IMPUTACION,OK
19824,19824,19,CAUCA,TOTORÓ,Municipio,-76.403628,2.510252,,407296526.775808,2340,2469,37.89,0.0000,55.1,7.524454477,,0,0.0,0.0,No es PDET O ZOMAC,No es PDET O ZOMAC,0.0,32.92878708,55.62,0.1437470052707235,0.0095831336847149,0.0,0.0,82.87014853857211,55.62,0.0,0.0294735,0.53557197,-0.60931468,-0.43744925,-0.44201216,-0.14913589,0.28192199,Medio,Presencial con precaución,35.91,SI,SIN_IMPUTACION,OK,SIN_IMPUTACION,OK
19845,19845,19,CAUCA,VILLA RICA,Municipio,-76.458025,3.17762,,82278597.36593531,0,0,0.0,0.0000,22.7,72.2152013,,0,0.0,0.0,No es PDET O ZOMAC,No es PDET O ZOMAC,0.0,17.52696666,73.71,93.71035659080006,0.0,0.0,0.0053302062789829,0.0799530941847449,73.71,0.0,0.05397538,1.62010628,-0.60931468,-0.43744925,-0.37596272,0.24035854,0.3752741,Medio,Presencial con precaución,0.0,NO,SIN_IMPUTACION,OK,SIN_IMPUTACION,OK
20001,20001,20,CESAR,VALLEDUPAR,Municipio,-73.259398,10.460472,,4353129365.990463,9254,9492,13.63,0.0000,30.5,16.73734525,EMBF,1,0.0,1.0,No,No,0.0,94.43244985,64.84,7.233844560131334,0.0155826141920304,0.0024142078325681,0.0096568313302724,6.844498678769895,64.84,0.0,0.01047862,1.08833075,0.82391607,-0.43744925,-0.49321645,0.46661826,0.42950292,Alto,Remota,13.29,NO,SIN_IMPUTACION,OK,SIN_IMPUTACION,OK
20011,20011,20,CESAR,AGUACHICA,Municipio,-73.614027,8.306811,,901850517.9162828,1022,1067,7.39,0.0000,37,25.69593148,EGC,1,1.0,0.0,No,No,0.0,34.67653035,76.82,1.221375643655545,0.0156989157282203,0.0,0.0,0.1224515426801189,76.82,0.0,0.02802963,1.80655745,0.82391607,-0.43744925,-0.44590437,0.72509442,0.49145322,Alto,Remota,7.08,NO,SIN_IMPUTACION,OK,SIN_IMPUTACION,OK
20013,20013,20,CESAR,AGUSTÍN CODAZZI,Municipio,-73.238389,10.040454,,1818082619.949918,295,437,1.5,0.0000,44.5,28.1972113,,0,1.0,1.0,ZOMAC-170,ZOMAC-NO 52,0.0,80.66988649,72.85,33.9786233433091,0.0068405301410859,0.0,0.0188114578879863,2.0213766566908933,72.85,0.0,0.01224442,1.56854743,-0.60931468,-0.43744925,-0.4884564,0.20543889,0.36690473,Medio,Presencial con precaución,1.01,NO,SIN_IMPUTACION,OK,SIN_IMPUTACION,OK
20032,20032,20,CESAR,ASTREA,Municipio,-73.975842,9.498062,,659981548.1617796,0,0,0.0,0.0000,52.8,34.33476395,EGC,1,0.0,0.0,No es PDET O ZOMAC,No es PDET O ZOMAC,0.0,80.55867354,46.06,15.867418899858956,0.0,0.0,0.0,0.1952913095367256,46.06,0.0,0.01226111,-0.03757055,0.82391607,-0.43744925,-0.48841139,0.07327357,0.33522799,Medio,Presencial con precaución,0.0,NO,SIN_IMPUTACION,OK,SIN_IMPUTACION,OK
20045,20045,20,CESAR,BECERRIL,Municipio,-73.278707,9.704404,,1269163069.6579585,1828,1979,9.75,0.0000,48.6,15.86797842,,0,1.0,1.0,ZOMAC-170,ZOMAC-NO 52,0.0,58.81456101,70.14,14.559929666894597,0.0146527302920777,0.0,0.0048842434306925,9.895477190583176,70.14,0.0,0.01671834,1.40607712,-0.60931468,-0.43744925,-0.4763961,0.15038332,0.35370928,Medio,Presencial con precaución,9.0,NO,SIN_IMPUTACION,OK,SIN_IMPUTACION,OK
20060,20060,20,CESAR,BOSCONIA,Municipio,-73.888761,9.975098,,608057397.5078359,0,0,0.0,0.0000,43.8,36.28137272,"ACSN, EGC",2,1.0,0.0,No,No,0.0,112.0019834,61.85,1.3973705965492411,0.0080002133390223,0.0080002133390223,0.0026667377796741,0.5093469159177578,61.85,0.0,0.0088494,0.90907383,2.25714682,-0.43744925,-0.4976083,0.83318879,0.51736074,Alto,Remota,0.0,NO,SIN_IMPUTACION,OK,SIN_IMPUTACION,OK
20175,20175,20,CESAR,CHIMICHAGUA,Municipio,-73.813278,9.25875,,1421668621.7751436,1169,1246,5.48,0.0000,52.5,25.20796572,EGC,1,0.0,0.0,No es PDET O ZOMAC,No es PDET O ZOMAC,0.0,45.55909511,55.13,28.59738372093023,0.0132135306553911,0.0,0.0198202959830866,0.2906976744186046,55.13,0.0,0.02147808,0.50619541,0.82391607,-0.43744925,-0.46356531,0.26731857,0.38173575,Medio,Presencial con precaución,5.14,NO,SIN_IMPUTACION,OK,SIN_IMPUTACION,OK
20178,20178,20,CESAR,CHIRIGUANÁ,Municipio,-73.599913,9.361058,,1152403821.9544177,239,274,1.49,0.0000,41.3,43.3557338,EGC,1,1.0,0.0,No,No,0.0,44.76191545,64.88,17.374703440094898,0.0,0.0,0.0,0.2372479240806643,64.88,0.0,0.02185223,1.09072883,0.82391607,-0.43744925,-0.46255672,0.47205655,0.43080634,Alto,Remota,1.3,NO,SIN_IMPUTACION,OK,SIN_IMPUTACION,OK
20228,20228,20,CESAR,CURUMANÍ,Municipio,-73.540843,9.201716,,945290096.2906137,1586,1685,11.14,0.0000,45.8,11.47921115,"ELN, EMBF",2,1.0,0.0,No,No,0.0,23.74674103,57.75,3.8986019004966552,0.0028708408692906,0.0,0.0,0.163637929549565,57.75,0.0,0.04040936,0.66327004,2.25714682,-0.43744925,-0.41253248,0.75991884,0.49979976,Alto,Remota,10.49,NO,SIN_IMPUTACION,OK,SIN_IMPUTACION,OK
20238,20238,20,CESAR,EL COPEY,Municipio,-73.962703,10.149883,,993645403.025362,0,0,0.0,0.0000,48.2,48.5811448,"ACSN, EGC",2,1.0,0.0,ZOMAC-NO 170,ZOMAC-NO 52,0.0,107.2742321,53.62,48.210157618213664,0.0280210157618213,0.0,0.0280210157618213,1.0157618213660249,53.62,0.0,0.00923581,0.41566767,2.25714682,-0.43744925,-0.49656667,0.66065288,0.47600818,Alto,Remota,0.0,NO,SIN_IMPUTACION,OK,SIN_IMPUTACION,OK
20250,20250,20,CESAR,EL PASO,Municipio,-73.742012,9.668461,,842912486.405313,0,0,0.0,0.0000,40.7,16.04805245,,0,0.0,0.0,No es PDET O ZOMAC,No es PDET O ZOMAC,0.0,77.1860447,61.29,79.30675909878683,0.0028885037550548,0.0028885037550548,0.0028885037550548,0.2715193529751589,61.29,0.0,0.01279001,0.87550063,-0.60931468,-0.43744925,-0.48698566,-0.03690688,0.30882048,Medio,Presencial con precaución,0.0,NO,SIN_IMPUTACION,OK,SIN_IMPUTACION,OK
20295,20295,20,CESAR,GAMARRA,Municipio,-73.737558,8.324793,,336044124.78031164,0,0,0.0,0.0000,48.6,17.19000688,,0,0.0,0.0,No es PDET O ZOMAC,No es PDET O ZOMAC,0.0,26.72833587,57.45,18.177434908389586,0.0080360012857602,0.0080360012857602,0.0080360012857602,0.040180006428801,57.45,0.0,0.03606419,0.64528439,-0.60931468,-0.43744925,-0.4242457,-0.10807157,0.29176408,Medio,Presencial con precaución,0.0,NO,SIN_IMPUTACION,OK,SIN_IMPUTACION,OK
20310,20310,20,CESAR,GONZÁLEZ,Municipio,-73.38004,8.389604,,75070379.69078422,348,398,33.14,0.0000,"56,6",0.0,"ELN, EMBF",2,0.0,0.0,No es PDET O ZOMAC,No es PDET O ZOMAC,0.0,7.222,49.29,0.0991571641051065,0.0,0.0,0.0,0.1239464551313832,49.29,0.0,0.12162491,0.15607488,2.25714682,-0.43744925,-0.19360064,0.61524031,0.46512392,Alto,Remota,28.97,SI,SIN_IMPUTACION,OK,SIN_IMPUTACION,OK
20383,20383,20,CESAR,LA GLORIA,Municipio,-73.80321,8.619298,,826565579.9769475,605,671,5.07,0.0000,44.4,25.04759042,ELN,1,1.0,0.0,No,No,0.0,16.62734007,69.97,2.483253264767576,0.0,0.0135327153393328,0.0,0.1420935110629947,69.97,0.0,0.05673006,1.39588525,0.82391607,-0.43744925,-0.36853696,0.59296427,0.45978491,Alto,Remota,4.57,NO,SIN_IMPUTACION,OK,SIN_IMPUTACION,OK
20400,20400,20,CESAR,LA JAGUA DE IBIRICO,Municipio,-73.334143,9.563752,,782122520.7767123,825,911,7.28,0.0000,32.6,7.357268982,EGC,1,1.0,1.0,ZOMAC-170,ZOMAC-NO 52,0.0,46.96744817,69.21,24.217107745378105,0.0,0.0026949819436209,0.0,0.2856680860238236,69.21,0.0,0.02084747,1.35032162,0.82391607,-0.43744925,-0.46526524,0.56250775,0.45248524,Alto,Remota,6.59,NO,SIN_IMPUTACION,OK,SIN_IMPUTACION,OK
20443,20443,20,CESAR,MANAURE BALCÓN DEL CESAR,Municipio,-73.029472,10.390776,,142222323.45188454,48,71,3.12,0.0000,41.2,16.99957501,EGC,1,0.0,1.0,No,No,0.0,93.44184022,45.76,2.902601591055687,0.0322511287895076,0.0,0.0,1.881315846054612,45.76,0.0,0.01058853,-0.05555619,0.82391607,-0.43744925,-0.49292016,0.06630228,0.33355715,Medio,Presencial con precaución,2.11,NO,SIN_IMPUTACION,OK,SIN_IMPUTACION,OK
20517,20517,20,CESAR,PAILITAS,Municipio,-73.625825,8.959399,,548454585.9507743,1008,1065,12.14,0.0000,46.1,36.96516034,"EGC, ELN, EMBF",3,1.0,0.0,No,No,0.0,19.46609927,65.52,1.130952380952381,0.0,0.0059523809523809,0.0,0.1369047619047619,65.52,0.0,0.04886129,1.12909821,3.69037756,-0.43744925,-0.38974871,1.35634548,0.64274837,Alto,Remota,11.49,NO,SIN_IMPUTACION,OK,SIN_IMPUTACION,OK
20550,20550,20,CESAR,PELAYA,Municipio,-73.666735,8.689451,,436209530.8000885,225,248,3.55,0.0000,51.0,28.96152255,"EGC, ELN",2,1.0,0.0,No,No,0.0,17.91428263,78.48,16.714447990479798,0.0,0.0,0.0,0.1244117487964515,78.48,0.0,0.0528701,1.90607801,2.25714682,-0.43744925,-0.3789422,1.19994017,0.60526191,Alto,Remota,3.22,NO,SIN_IMPUTACION,OK,SIN_IMPUTACION,OK
20570,20570,20,CESAR,PUEBLO BELLO,Municipio,-73.586211,10.417321,,773975959.1447134,108,129,1.04,0.0000,74.9,15.96576939,ACSN,1,1.0,1.0,ZOMAC-170,ZOMAC-NO 52,0.0,84.0923962,51.12,0.2416201730879058,0.0,0.0,0.0,62.71141765145192,51.12,0.0,0.01175193,0.26578731,0.82391607,-0.43744925,-0.48978399,0.17924293,0.36062621,Medio,Presencial con precaución,0.87,NO,SIN_IMPUTACION,OK,SIN_IMPUTACION,OK
20614,20614,20,CESAR,RÍO DE ORO,Municipio,-73.386393,8.292292,,564417906.9504434,1281,1339,14.83,0.0000,48.3,40.90606944,"ACSN, EGC, ELN, EMBF",4,0.0,0.0,No es PDET O ZOMAC,No es PDET O ZOMAC,0.0,20.16434836,64.95,0.0832870627429206,0.0,0.0,0.0,0.0208217656857301,64.95,0.0,0.04724927,1.09492548,5.12360831,-0.43744925,-0.39409421,1.77370243,0.74277844,Alto,Remota,14.18,NO,SIN_IMPUTACION,OK,SIN_IMPUTACION,OK
20621,20621,20,CESAR,LA PAZ,Municipio,-73.171365,10.387552,,1114329161.237244,1367,1512,8.48,0.0000,41.7,21.63298102,"EGC, EMBF",2,1.0,1.0,ZOMAC-170,ZVTN-52,0.0,103.0322788,60.66,4.428270446274659,0.0114920513311626,0.0,0.0,3.3135414671518864,60.66,0.0,0.0096124,0.83773078,2.25714682,-0.43744925,-0.49555149,0.80852724,0.51144998,Alto,Remota,7.67,NO,SIN_IMPUTACION,OK,SIN_IMPUTACION,OK
20710,20710,20,CESAR,SAN ALBERTO,Municipio,-73.393889,7.76111,,564146191.523972,0,0,0.0,0.0000,31.9,16.31640778,"EGC, EMBF",2,0.0,0.0,No es PDET O ZOMAC,No es PDET O ZOMAC,0.0,25.76777228,67.5,0.3740268777454008,0.0086982994824511,0.0,0.0,0.0434914974122559,67.5,0.0,0.03735836,1.24780345,2.25714682,-0.43744925,-0.42075703,0.96327185,0.54853841,Alto,Remota,0.0,NO,SIN_IMPUTACION,OK,SIN_IMPUTACION,OK
20750,20750,20,CESAR,SAN DIEGO,Municipio,-73.181208,10.333039,,670874979.7959394,2894,3039,28.31,0.0000,40.7,22.658268,EGC,1,1.0,1.0,ZOMAC-170,ZOMAC-NO 52,0.0,106.0400399,57.04,2.1046950890447924,0.0107933081489476,0.0,0.0053966540744738,0.5936319481921208,57.04,0.0,0.0093423,0.62070401,0.82391607,-0.43744925,-0.49627961,0.30248943,0.39016533,Medio,Presencial con precaución,26.96,SI,SIN_IMPUTACION,OK,SIN_IMPUTACION,OK
20770,20770,20,CESAR,SAN MARTÍN,Municipio,-73.510914,7.999855,,1019078877.7489376,9,14,0.09,0.0000,41.7,19.3162063,,0,0.0,0.0,No es PDET O ZOMAC,No es PDET O ZOMAC,5.789398335,0.0,60.53,0.2444748679835713,0.0,0.0,0.0,0.0293369841580285,60.53,1.91536233,1.0,0.829937,-0.60931468,1.01436971,2.17422517,0.63669126,0.47026518,Alto,Remota,0.06,NO,SIN_IMPUTACION,OK,SIN_IMPUTACION,OK
20787,20787,20,CESAR,TAMALAMEQUE,Municipio,-73.812172,8.861725,,529251227.2878853,0,0,0.0,0.0000,47.5,11.24100719,EGC,1,0.0,0.0,No es PDET O ZOMAC,No es PDET O ZOMAC,0.0,38.15074871,38.89,63.16575410652065,0.0,0.0,0.0071108582805944,0.1208845907701059,38.89,0.0,0.0255423,-0.46742743,0.82391607,-0.43744925,-0.45260946,-0.07180605,0.30045602,Medio,Presencial con precaución,0.0,NO,SIN_IMPUTACION,OK,SIN_IMPUTACION,OK
23001,23001,23,CÓRDOBA,MONTERÍA,Municipio,-75.873096,8.759789,,3225339569.660048,101,103,0.2,0.0000,27.1,13.84001699,,0,0.0,0.0,No es PDET O ZOMAC,No es PDET O ZOMAC,0.0,56.69130153,47.87,1.6979727740047628,0.0097384755575856,0.0041736323818224,0.0039417639161656,0.7065032148562763,47.87,0.0,0.01733364,0.07094284,-0.60931468,-0.43744925,-0.47473745,-0.31666488,0.24176946,Bajo,Presencial,0.2,NO,SIN_IMPUTACION,OK,SIN_IMPUTACION,OK
23068,23068,23,CÓRDOBA,AYAPEL,Municipio,-75.146048,8.313838,,2018694549.9537184,0,0,0.0,0.0000,62.4,2.032892196,EGC,1,0.0,0.0,No es PDET O ZOMAC,No es PDET O ZOMAC,0.0,33.89600277,32.06,4.055028854080792,0.0128812860676009,0.0,0.0077287716405605,4.778957131079968,32.06,0.0,0.02865658,-0.87690058,0.82391607,-0.43744925,-0.44421432,-0.21386238,0.26640866,Bajo,Presencial,0.0,NO,SIN_IMPUTACION,OK,SIN_IMPUTACION,OK
23079,23079,23,CÓRDOBA,BUENAVISTA,Municipio,-75.480897,8.221187,,857264450.8762288,0,0,0.0,0.0000,58,0.0,,0,0.0,0.0,No es PDET O ZOMAC,No es PDET O ZOMAC,0.0,44.18576625,37.93,1.0630178805058874,0.0,0.0,0.0,6.121892716964675,37.93,0.0,0.02213086,-0.52498149,-0.60931468,-0.43744925,-0.46180562,-0.52329862,0.1922445,Bajo,Presencial,0.0,NO,SIN_IMPUTACION,OK,SIN_IMPUTACION,OK
23090,23090,23,CÓRDOBA,CANALETE,Municipio,-76.241476,8.786939,,432090042.64229965,5,5,0.07,0.0000,68.2,12.07510717,EGC,1,0.0,0.0,No es PDET O ZOMAC,No es PDET O ZOMAC,0.0,65.04349305,20.16,0.876542377452633,0.0134852673454251,0.0,0.0,2.265524914031421,20.16,0.0,0.01514154,-1.59033111,0.82391607,-0.43744925,-0.48064666,-0.46902792,0.20525183,Bajo,Presencial,0.07,NO,SIN_IMPUTACION,OK,SIN_IMPUTACION,OK
23162,23162,23,CÓRDOBA,CERETÉ,Municipio,-75.796093,8.888532,,299596536.5147406,1,2,0.04,0.0000,34.4,5.258268627,,0,0.0,0.0,No es PDET O ZOMAC,No es PDET O ZOMAC,0.0,92.40900617,44.71,1.2260177819372953,0.0083190349919409,0.0145583112358966,0.0031196381219778,1.459990641085634,44.71,0.0,0.01070561,-0.11850594,-0.60931468,-0.43744925,-0.49260455,-0.38565202,0.22523496,Bajo,Presencial,0.02,NO,SIN_IMPUTACION,OK,SIN_IMPUTACION,OK
23168,23168,23,CÓRDOBA,CHIMÁ,Municipio,-75.626886,9.149698,,334214307.2453229,0,0,0.0,0.0000,57.8,21.03159998,EGC,1,0.0,0.0,No es PDET O ZOMAC,No es PDET O ZOMAC,0.0,120.6551315,31.73,0.333530981322265,0.0296471983397568,0.0074117995849392,0.0,89.0972428105544,31.73,0.0,0.00821996,-0.89668479,0.82391607,-0.43744925,-0.49930509,-0.22905047,0.26276845,Bajo,Presencial,0.0,NO,SIN_IMPUTACION,OK,SIN_IMPUTACION,OK
23182,23182,23,CÓRDOBA,CHINÚ,Municipio,-75.399633,9.105473,,645789451.2784289,0,0,0.0,0.0000,45.3,11.61912508,EGC,1,0.0,0.0,No es PDET O ZOMAC,No es PDET O ZOMAC,0.0,115.5090156,41.77,1.3403318024182211,0.0164026619177055,0.0046864748336301,0.0,38.091667447745806,41.77,0.0,0.00858303,-0.29476525,0.82391607,-0.43744925,-0.49832637,-0.01823182,0.31329643,Medio,Presencial con precaución,0.0,NO,SIN_IMPUTACION,OK,SIN_IMPUTACION,OK
23189,23189,23,CÓRDOBA,CIÉNAGA DE ORO,Municipio,-75.620807,8.875794,,660511957.3048254,1,1,0.01,0.0000,52.3,10.98728614,EGC,1,0.0,0.0,No es PDET O ZOMAC,No es PDET O ZOMAC,0.0,92.60868565,42.83,0.3447172962791854,0.0106613596787376,0.0053306798393688,0.0017768932797896,18.017697857066707,42.83,0.0,0.01068277,-0.23121598,0.82391607,-0.43744925,-0.49266611,0.00485946,0.31883084,Medio,Presencial con precaución,0.01,NO,SIN_IMPUTACION,OK,SIN_IMPUTACION,OK
23300,23300,23,CÓRDOBA,COTORRA,Municipio,-75.799216,9.037163,,91012340.8193488,0,0,0.0,0.0000,39.7,38.95218619,,0,0.0,0.0,No es PDET O ZOMAC,No es PDET O ZOMAC,0.0,111.6958268,38.53,1.652790625963614,0.0123342584027135,0.0,0.0,2.8368794326241136,38.53,0.0,0.00887344,-0.4890102,-0.60931468,-0.43744925,-0.49754349,-0.51606935,0.19397717,Bajo,Presencial,0.0,NO,SIN_IMPUTACION,OK,SIN_IMPUTACION,OK
23350,23350,23,CÓRDOBA,LA APARTADA,Municipio,-75.336031,8.050125,,294554520.5378974,0,0,0.0,0.0000,52.6,31.63355688,EGC,1,0.0,0.0,No es PDET O ZOMAC,No es PDET O ZOMAC,0.0,39.55984769,43.07,0.9903152989150222,0.007281730139081,0.0,0.0,12.378941236437775,43.07,0.0,0.02465492,-0.21682746,0.82391607,-0.43744925,-0.45500153,0.01554513,0.32139192,Medio,Presencial con precaución,0.0,NO,SIN_IMPUTACION,OK,SIN_IMPUTACION,OK
23417,23417,23,CÓRDOBA,LORICA,Municipio,-75.816084,9.240789,,981005008.9040248,1,1,0.01,0.0000,41.1,10.97500232,,0,0.0,0.0,No es PDET O ZOMAC,No es PDET O ZOMAC,0.0,120.9813398,38.78,1.7839001991141454,0.0193018814254947,0.0010158884960786,0.0142224389451013,7.155918566378154,38.78,0.0,0.00819798,-0.47402216,-0.60931468,-0.43744925,-0.49936434,-0.51109666,0.195169,Bajo,Presencial,0.01,NO,SIN_IMPUTACION,OK,SIN_IMPUTACION,OK
23419,23419,23,CÓRDOBA,LOS CÓRDOBAS,Municipio,-76.35518,8.892098,,376768857.0945823,3,3,0.05,0.0000,60.5,0.0,,0,0.0,0.0,No es PDET O ZOMAC,No es PDET O ZOMAC,0.0,75.80547862,21.54,14.490746569306308,0.0125897016240715,0.0,0.0,2.1150698728440136,21.54,0.0,0.0130199,-1.50759715,-0.60931468,-0.43744925,-0.48636592,-0.87089815,0.10893355,Bajo,Presencial,0.05,NO,SIN_IMPUTACION,OK,SIN_IMPUTACION,OK
23464,23464,23,CÓRDOBA,MOMIL,Municipio,-75.67796,9.240707,,163908368.49596626,0,0,0.0,0.0000,42.1,9.48136911,EGC,1,0.0,0.0,No es PDET O ZOMAC,No es PDET O ZOMAC,0.0,137.659824,32.7,3.910477127397934,0.0553369404820462,0.0,0.0,40.38981800295131,32.7,0.0,0.00721189,-0.83853121,0.82391607,-0.43744925,-0.50202251,-0.20910433,0.26754904,Bajo,Presencial,0.0,NO,SIN_IMPUTACION,OK,SIN_IMPUTACION,OK
23466,23466,23,CÓRDOBA,MONTELÍBANO,Municipio,-75.416818,7.973777,,1589821368.8394563,40,54,0.21,0.0001,41.1,24.236269,"EGC, ELN",2,1.0,1.0,ZOMAC-170,DAILD-52,55.41281264,0.0,41.22,1.039402552527448,0.0027866020174998,0.0,0.0027866020174998,8.189823329432091,41.22,4.03269631,1.0,-0.32773893,2.25714682,2.61928048,2.17422517,1.41242529,0.65618931,Alto,Remota,0.16,NO,SIN_IMPUTACION,OK,SIN_IMPUTACION,OK
23500,23500,23,CÓRDOBA,MOÑITOS,Municipio,-76.1291,9.245223,,209563715.5039036,0,0,0.0,0.0000,65.4,6.170173382,EGC,1,0.0,0.0,No es PDET O ZOMAC,No es PDET O ZOMAC,0.0,118.2086622,25.87,87.28830444311616,0.0079697150826857,0.0039848575413428,0.0159394301653715,2.514445108587368,25.87,0.0,0.00838865,-1.24800436,0.82391607,-0.43744925,-0.49885034,-0.35194411,0.23331391,Bajo,Presencial,0.0,NO,SIN_IMPUTACION,OK,SIN_IMPUTACION,OK
23555,23555,23,CÓRDOBA,PLANETA RICA,Municipio,-75.583241,8.4082,,1171537928.5023782,18,24,0.13,0.0000,43,10.1711662,EGC,1,0.0,0.0,No es PDET O ZOMAC,No es PDET O ZOMAC,0.0,36.93392192,44.03,1.5486762386920077,0.0033197775749024,0.0016598887874512,0.0033197775749024,4.425263507345008,44.03,0.0,0.02636163,-0.1592734,0.82391607,-0.43744925,-0.45040079,0.03637916,0.32638532,Medio,Presencial con precaución,0.1,NO,SIN_IMPUTACION,OK,SIN_IMPUTACION,OK
23570,23570,23,CÓRDOBA,PUEBLO NUEVO,Municipio,-75.508035,8.504099,,873297332.1154542,0,0,0.0,0.0000,52.9,7.76297063,EGC,1,0.0,0.0,No es PDET O ZOMAC,No es PDET O ZOMAC,0.0,67.91078936,26.74,7.004598042124,0.0037080984870958,0.0,0.0037080984870958,16.60486502521507,26.74,0.0,0.01451152,-1.195846,0.82391607,-0.43744925,-0.482345,-0.33121288,0.23828267,Bajo,Presencial,0.0,NO,SIN_IMPUTACION,OK,SIN_IMPUTACION,OK
23574,23574,23,CÓRDOBA,PUERTO ESCONDIDO,Municipio,-76.260411,9.005372,,423459495.5761326,6,6,0.09,0.0000,67.9,0.0,,0,0.0,0.0,No es PDET O ZOMAC,No es PDET O ZOMAC,0.0,94.46878669,29.27,69.18455376399302,0.0256752593201191,0.0051350518640238,0.0,3.512375474992297,29.27,0.0,0.01047463,-1.04416707,-0.60931468,-0.43744925,-0.4932272,-0.70972681,0.1475623,Bajo,Presencial,0.09,NO,SIN_IMPUTACION,OK,SIN_IMPUTACION,OK
23580,23580,23,CÓRDOBA,PUERTO LIBERTADOR,Municipio,-75.671761,7.888859,,1687015091.4340262,1,12,0.04,0.0000,58.9,17.61493747,,0,1.0,1.0,ZOMAC-170,ZOMAC-NO 52,64.09691014,0.0,37.08,1.552276010537348,0.0056652409143698,0.0028326204571849,0.0084978613715548,16.47168795853044,37.08,4.17587708,1.0,-0.57594081,-0.60931468,2.72780959,2.17422517,0.48732201,0.43446509,Alto,Remota,0.0,NO,SIN_IMPUTACION,OK,SIN_IMPUTACION,OK
23586,23586,23,CÓRDOBA,PURÍSIMA DE LA CONCEPCIÓN,Municipio,-75.724987,9.239295,,121553445.38986078,0,0,0.0,0.0000,53.1,10.76368333,,0,0.0,0.0,No es PDET O ZOMAC,No es PDET O ZOMAC,0.0,137.4319163,29.6,0.5237382669024623,0.0204053870221738,0.0,0.0,19.79322541150864,29.6,0.0,0.00722377,-1.02438286,-0.60931468,-0.43744925,-0.5019905,-0.70411683,0.14890688,Bajo,Presencial,0.0,NO,SIN_IMPUTACION,OK,SIN_IMPUTACION,OK
23660,23660,23,CÓRDOBA,SAHAGÚN,Municipio,-75.445834,8.943048,,993737103.6967868,0,0,0.0,0.0000,40.4,9.477121367,,0,0.0,0.0,No es PDET O ZOMAC,No es PDET O ZOMAC,0.0,95.32426855,41.8,0.8339538346984363,0.0042548665035634,0.0446760982874162,0.0010637166258908,16.462078502286992,41.8,0.0,0.0103816,-0.29296669,-0.60931468,-0.43744925,-0.49347797,-0.44684429,0.2105687,Bajo,Presencial,0.0,NO,SIN_IMPUTACION,OK,SIN_IMPUTACION,OK
23670,23670,23,CÓRDOBA,SAN ANDRÉS DE SOTAVENTO,Municipio,-75.50879,9.145448,,213325259.52792397,0,0,0.0,0.0000,76.3,0.0,EGC,1,0.0,0.0,No es PDET O ZOMAC,No es PDET O ZOMAC,0.0,124.9590343,25.39,0.2045622130777098,0.0023786303846245,0.0142717823077471,0.0237863038462453,97.68797126614496,25.39,0.0,0.00793909,-1.27678139,0.82391607,-0.43744925,-0.50006222,-0.36219785,0.23085634,Bajo,Presencial,0.0,NO,SIN_IMPUTACION,OK,SIN_IMPUTACION,OK
23672,23672,23,CÓRDOBA,SAN ANTERO,Municipio,-75.76112,9.376434,,214300665.62888375,0,0,0.0,0.0000,46,21.8692764,EGC,1,0.0,0.0,No es PDET O ZOMAC,No es PDET O ZOMAC,0.0,144.2525095,39.47,59.66652886867851,0.0172247485186716,0.0,0.0103348491112029,9.21524045748932,39.47,0.0,0.00688456,-0.43265518,0.82391607,-0.43744925,-0.5029049,-0.06718008,0.30156475,Medio,Presencial con precaución,0.0,NO,SIN_IMPUTACION,OK,SIN_IMPUTACION,OK
23675,23675,23,CÓRDOBA,SAN BERNARDO DEL VIENTO,Municipio,-75.955107,9.35247,,326221657.4564985,0,0,0.0,0.0000,57,7.488019169,EGC,1,0.0,0.0,No es PDET O ZOMAC,No es PDET O ZOMAC,0.0,137.8951122,32.12,51.91765465230832,0.0271766824064952,0.0,0.0169854265040595,6.006046811835445,32.12,0.0,0.00719968,-0.87330345,0.82391607,-0.43744925,-0.50205544,-0.22127956,0.26463095,Bajo,Presencial,0.0,NO,SIN_IMPUTACION,OK,SIN_IMPUTACION,OK
23678,23678,23,CÓRDOBA,SAN CARLOS,Municipio,-75.698799,8.799282,,459880677.0646786,1,1,0.01,0.0000,58.0,37.65317998,EGC,1,0.0,0.0,No es PDET O ZOMAC,No es PDET O ZOMAC,0.0,75.89516221,32.75,0.2294747577766445,0.0212476627570967,0.0,0.0042495325514193,0.1147373788883222,32.75,0.0,0.01300472,-0.8355336,0.82391607,-0.43744925,-0.48640686,-0.20571282,0.2683619,Bajo,Presencial,0.01,NO,SIN_IMPUTACION,OK,SIN_IMPUTACION,OK
23682,23682,23,CÓRDOBA,SAN JOSÉ DE URÉ,Municipio,-75.533476,7.787303,,538511657.3589804,0,0,0.0,0.0000,61.3,0.0,EGC,1,1.0,1.0,ZOMAC-170,ZOMAC-NO 52,51.27752811,0.0,32.92,23.79962021882629,0.0,0.0,0.0090424088977303,47.62636766434578,32.92,3.95656661,1.0,-0.82534174,0.82391607,2.56157519,2.17422517,0.79675403,0.50862824,Alto,Remota,0.0,NO,SIN_IMPUTACION,OK,SIN_IMPUTACION,OK
23686,23686,23,CÓRDOBA,SAN PELAYO,Municipio,-75.835615,8.958436,,459100650.2721711,0,0,0.0,0.0000,45.8,3.631939274,,0,0.0,0.0,No es PDET O ZOMAC,No es PDET O ZOMAC,0.0,101.5007983,33.65,3.107302900477668,0.0,0.1058748214901265,0.0,2.733047717535825,33.65,0.0,0.00975602,-0.78157667,-0.60931468,-0.43744925,-0.49516434,-0.61811074,0.16952039,Bajo,Presencial,0.0,NO,SIN_IMPUTACION,OK,SIN_IMPUTACION,OK
23807,23807,23,CÓRDOBA,TIERRALTA,Municipio,-76.059797,8.170612,,5056756500.29299,229,258,0.32,"80,285.5437",63.8,10.01973889,EGC,1,1.0,1.0,ZOMAC-170,ZVTN-52,61.61573943,0.0,38.11,8.107163250323378,0.0186451936186824,0.0011653246011676,0.0058266230058382,12.311654411336278,38.11,4.13701668,1.0,-0.5141901,0.82391607,2.69835392,2.17422517,0.93301284,0.54128608,Alto,Remota,0.28,NO,SIN_IMPUTACION,OK,SIN_IMPUTACION,OK
23815,23815,23,CÓRDOBA,TUCHÍN,Municipio,-75.553962,9.186625,,109813815.63479666,0,0,0.0,0.0000,78,,EGC,1,0.0,0.0,No es PDET O ZOMAC,No es PDET O ZOMAC,0.0,135.3953479,22.85,1.2489696000799342,0.0024979392001598,0.017485574401119,0.0024979392001598,97.671920665451,22.85,0.0,0.00733163,-1.42905984,0.82391607,-0.43744925,-0.50169975,-0.41574094,0.2180234,Bajo,Presencial,0.0,NO,SIN_IMPUTACION,OK,SIN_IMPUTACION,OK
23855,23855,23,CÓRDOBA,VALENCIA,Municipio,-76.150756,8.255016,,943204970.3140084,48,75,0.5,0.1551,53.1,0.0,EGC,1,1.0,1.0,ZOMAC-170,ZOMAC-NO 52,13.23291048,0.0,19.65,4.840822743351239,0.0098257565832569,0.0,0.0,0.6386741779116992,19.65,2.65555692,1.0,-1.62090671,0.82391607,1.57542729,2.17422517,0.32107671,0.39462023,Medio,Presencial con precaución,0.32,NO,SIN_IMPUTACION,OK,SIN_IMPUTACION,OK
25001,25001,25,CUNDINAMARCA,AGUA DE DIOS,Municipio,-74.669221,4.375309,,86811857.28097847,0,0,0.0,0.0000,17.9,7.101264025,,0,0.0,0.0,No es PDET O ZOMAC,No es PDET O ZOMAC,0.0,147.2483552,43.35,0.8252566932156223,0.0095960080606467,0.0,0.0095960080606467,0.4798004030323385,43.35,0.0,0.00674544,-0.20004086,-0.60931468,-0.43744925,-0.50327993,-0.41579054,0.21801151,Bajo,Presencial,0.0,NO,SIN_IMPUTACION,OK,SIN_IMPUTACION,OK
25019,25019,25,CUNDINAMARCA,ALBÁN,Municipio,-74.438261,4.878022,,51545369.07784422,104,137,16.61,0.0000,25.8,0.0,,0,0.0,0.0,No es PDET O ZOMAC,No es PDET O ZOMAC,0.0,109.6948943,48.53,0.2702702702702703,0.0,0.0,0.0,0.0,48.53,0.0,0.00903384,0.11051125,-0.60931468,-0.43744925,-0.49711111,-0.30617198,0.24428435,Bajo,Presencial,12.61,NO,SIN_IMPUTACION,OK,SIN_IMPUTACION,OK
25035,25035,25,CUNDINAMARCA,ANAPOIMA,Municipio,-74.528676,4.562737,,125566379.49339704,0,0,0.0,0.0000,22.6,0.0,,0,0.0,0.0,No es PDET O ZOMAC,No es PDET O ZOMAC,0.0,140.4711371,44.93,0.5358615004122012,0.0082440230832646,0.0,0.0,0.2225886232481451,44.93,0.0,0.00706858,-0.10531647,-0.60931468,-0.43744925,-0.50240884,-0.38250634,0.2259889,Bajo,Presencial,0.0,NO,SIN_IMPUTACION,OK,SIN_IMPUTACION,OK
25040,25040,25,CUNDINAMARCA,ANOLAIMA,Municipio,-74.46384,4.7617,,122605325.8860006,55,70,3.57,0.0000,22.7,6.040836052,,0,0.0,0.0,No es PDET O ZOMAC,No es PDET O ZOMAC,0.0,119.7944259,38.85,0.4702970297029702,0.0,0.0082508250825082,0.0,0.2145214521452145,38.85,0.0,0.00827853,-0.46982551,-0.60931468,-0.43744925,-0.4991472,-0.50959526,0.19552885,Bajo,Presencial,2.8,NO,SIN_IMPUTACION,OK,SIN_IMPUTACION,OK
25053,25053,25,CUNDINAMARCA,ARBELÁEZ,Municipio,-74.414901,4.272534,,144190573.24806362,28,33,1.43,0.0000,20.0,0.0,,0,0.0,0.0,No es PDET O ZOMAC,No es PDET O ZOMAC,0.0,119.2927491,54.43,0.0936232185582024,0.0,0.0,0.0,0.0104025798398002,54.43,0.0,0.00831305,0.46422891,-0.60931468,-0.43744925,-0.49905413,-0.18266225,0.27388655,Bajo,Presencial,1.21,NO,SIN_IMPUTACION,OK,SIN_IMPUTACION,OK
25086,25086,25,CUNDINAMARCA,BELTRÁN,Municipio,-74.741666,4.802832,,179210222.90526444,109,136,4.74,0.0000,38.3,46.97040864,,0,0.0,0.0,No es PDET O ZOMAC,No es PDET O ZOMAC,0.0,116.8176339,28.45,0.2326934264107039,0.0,0.0,0.0,0.0,28.45,0.0,0.00848769,-1.09332783,-0.60931468,-0.43744925,-0.49858335,-0.7277365,0.14324583,Bajo,Presencial,3.8,NO,SIN_IMPUTACION,OK,SIN_IMPUTACION,OK
25095,25095,25,CUNDINAMARCA,BITUIMA,Municipio,-74.539609,4.872171,,61889960.1489405,203,252,25.45,0.0000,29.3,0.0,,0,0.0,0.0,No es PDET O ZOMAC,No es PDET O ZOMAC,0.0,110.7722743,24.13,0.0,0.0449842555105713,0.0,0.0,0.0,24.13,0.0,0.00894676,-1.3523211,-0.60931468,-0.43744925,-0.49734585,-0.81819851,0.12156434,Bajo,Presencial,20.5,SI,SIN_IMPUTACION,OK,SIN_IMPUTACION,OK
25099,25099,25,CUNDINAMARCA,BOJACÁ,Municipio,-74.344594,4.737205,,103691991.7703886,1,3,0.18,0.0000,16.8,0.0,,0,0.0,0.0,No es PDET O ZOMAC,No es PDET O ZOMAC,0.0,130.3759322,49.81,0.2486273697296177,0.0,0.0,0.0207189474774681,0.0517973686936703,49.81,0.0,0.00761174,0.18725,-0.60931468,-0.43744925,-0.50094464,-0.27988845,0.25058385,Bajo,Presencial,0.06,NO,SIN_IMPUTACION,OK,SIN_IMPUTACION,OK
25120,25120,25,CUNDINAMARCA,CABRERA,Municipio,-74.484549,3.985164,,426631218.5873151,433,439,6.43,"41,546.6036",39.5,52.92988995,,0,1.0,0.0,No,No,0.0,91.56773957,50.13,0.1405152224824356,0.0,0.0,0.0,0.117096018735363,50.13,0.0,0.0108029,0.20643469,-0.60931468,-0.43744925,-0.49234228,-0.27188345,0.25250245,Bajo,Presencial,6.34,NO,SIN_IMPUTACION,OK,SIN_IMPUTACION,OK
25123,25123,25,CUNDINAMARCA,CACHIPAY,Municipio,-74.435711,4.730957,,54172861.93890888,0,0,0.0,0.0000,20.6,0.0,,0,0.0,0.0,No es PDET O ZOMAC,No es PDET O ZOMAC,0.0,126.5265752,46.08,0.1510737023848063,0.0215819574835437,0.0,0.0,0.0755368511924031,46.08,0.0,0.0078415,-0.0363715,-0.60931468,-0.43744925,-0.50032528,-0.35806307,0.23184734,Bajo,Presencial,0.0,NO,SIN_IMPUTACION,OK,SIN_IMPUTACION,OK
25126,25126,25,CUNDINAMARCA,CAJICÁ,Municipio,-74.02298,4.920009,,52000173.27225058,14,26,3.12,0.0000,6.8,0.0,,0,0.0,0.0,No es PDET O ZOMAC,No es PDET O ZOMAC,0.0,106.9068126,51.13,0.3625797799687089,0.0086919810266471,0.0012417115752353,0.0012417115752353,0.0757444060893535,51.13,0.0,0.00926726,0.26638683,-0.60931468,-0.43744925,-0.4964819,-0.25152115,0.25738279,Bajo,Presencial,1.68,NO,SIN_IMPUTACION,OK,SIN_IMPUTACION,OK
25148,25148,25,CUNDINAMARCA,CAPARRAPÍ,Municipio,-74.491045,5.34758,,625207445.6828842,105,125,1.25,0.0000,41.2,6.752650415,,0,0.0,0.0,No es PDET O ZOMAC,No es PDET O ZOMAC,0.0,60.214709,37.38,0.1655951685174362,0.0,0.0,0.0,0.0,37.38,0.0,0.01633594,-0.55795517,-0.60931468,-0.43744925,-0.47742692,-0.5371826,0.18891685,Bajo,Presencial,1.05,NO,SIN_IMPUTACION,OK,SIN_IMPUTACION,OK
25151,25151,25,CUNDINAMARCA,CÁQUEZA,Municipio,-73.946473,4.404112,,112914129.22362666,146,176,9.74,0.0000,21.7,0.0,,0,0.0,0.0,No es PDET O ZOMAC,No es PDET O ZOMAC,0.0,128.3471955,47.9,0.3109815354713314,0.0,0.0,0.0,0.0842241658568189,47.9,0.0,0.00773113,0.0727414,-0.60931468,-0.43744925,-0.50062281,-0.31991818,0.24098972,Bajo,Presencial,8.08,NO,SIN_IMPUTACION,OK,SIN_IMPUTACION,OK
25154,25154,25,CUNDINAMARCA,CARMEN DE CARUPA,Municipio,-73.901357,5.349119,,303148923.53625137,719,798,16.45,0.0000,31.2,0.0,,0,0.0,0.0,No es PDET O ZOMAC,No es PDET O ZOMAC,0.0,69.2810068,47.26,0.1228668941979522,0.0,0.0,0.0,0.0409556313993174,47.26,0.0,0.0142286,0.03437203,-0.60931468,-0.43744925,-0.48310767,-0.33072019,0.23840075,Bajo,Presencial,14.82,NO,SIN_IMPUTACION,OK,SIN_IMPUTACION,OK
25168,25168,25,CUNDINAMARCA,CHAGUANÍ,Municipio,-74.593455,4.948916,,174453702.24382907,339,396,14.19,0.0000,58.7,20.16535592,,0,1.0,0.0,No,No,0.0,95.51417032,32.11,0.180559735179055,0.0,0.0,0.0,0.0300932891965091,32.11,0.0,0.01036117,-0.87390298,-0.60931468,-0.43744925,-0.49353304,-0.65018025,0.16183413,Bajo,Presencial,12.15,NO,SIN_IMPUTACION,OK,SIN_IMPUTACION,OK
25175,25175,25,CUNDINAMARCA,CHÍA,Municipio,-74.05,4.866508,,81275119.87139498,15,32,2.46,0.0000,6.7,3.061736862,,0,0.0,0.0,No es PDET O ZOMAC,No es PDET O ZOMAC,0.0,113.7260886,55.27,0.3440696527459554,0.0085434902487709,0.0015533618634128,0.0038834046585322,1.5991860383835717,55.27,0.0,0.00871641,0.51458871,-0.60931468,-0.43744925,-0.4979668,-0.16487322,0.27815014,Bajo,Presencial,1.15,NO,SIN_IMPUTACION,OK,SIN_IMPUTACION,OK
25178,25178,25,CUNDINAMARCA,CHIPAQUE,Municipio,-74.044876,4.442671,,152460012.03312817,191,242,9.92,0.0000,31.1,0.0,,0,0.0,0.0,No es PDET O ZOMAC,No es PDET O ZOMAC,0.0,131.2809104,48.87,0.1855287569573284,0.0,0.0,0.011595547309833,0.0463821892393321,48.87,0.0,0.00755967,0.13089498,-0.60931468,-0.43744925,-0.50108502,-0.29963376,0.24585139,Bajo,Presencial,7.83,NO,SIN_IMPUTACION,OK,SIN_IMPUTACION,OK
25181,25181,25,CUNDINAMARCA,CHOACHÍ,Municipio,-73.922894,4.527048,,215205523.3351057,258,289,8.39,0.0000,22.5,86.77991137,,0,0.0,0.0,No es PDET O ZOMAC,No es PDET O ZOMAC,0.0,147.3486245,48.93,0.2508199884236928,0.0,0.0,0.0,0.1157630715801659,48.93,0.0,0.00674088,0.13449211,-0.60931468,-0.43744925,-0.50329222,-0.29870585,0.24607379,Bajo,Presencial,7.49,NO,SIN_IMPUTACION,OK,SIN_IMPUTACION,OK
25183,25183,25,CUNDINAMARCA,CHOCONTÁ,Municipio,-73.683533,5.145224,,304594797.2187772,990,1099,22.55,0.0000,27.5,0.0,,0,0.0,0.0,No es PDET O ZOMAC,No es PDET O ZOMAC,0.0,104.0032138,51.41,0.1529753709652745,0.0,0.0,0.0,0.0611901483861098,51.41,0.0,0.00952352,0.28317343,-0.60931468,-0.43744925,-0.49579109,-0.24554222,0.25881579,Bajo,Presencial,20.31,SI,SIN_IMPUTACION,OK,SIN_IMPUTACION,OK
25200,25200,25,CUNDINAMARCA,COGUA,Municipio,-73.978497,5.061842,,134828081.46597758,6,6,0.28,0.0000,12.6,7.443245255,,0,0.0,0.0,No es PDET O ZOMAC,No es PDET O ZOMAC,0.0,90.37833321,34.54,0.0528820729772607,0.0,0.0,0.0,0.0624969953367626,34.54,0.0,0.01094351,-0.72821926,-0.60931468,-0.43744925,-0.49196323,-0.59895548,0.17411143,Bajo,Presencial,0.28,NO,SIN_IMPUTACION,OK,SIN_IMPUTACION,OK
25214,25214,25,CUNDINAMARCA,COTA,Municipio,-74.102569,4.812564,,54413228.02528264,56,66,7.58,0.0000,9.0,7.441214406,,0,0.0,0.0,No es PDET O ZOMAC,No es PDET O ZOMAC,0.0,120.5133771,55.15,0.4527483739318964,0.0063767376610126,0.0478255324575946,0.0,10.993495727585769,55.15,0.0,0.00822955,0.50739446,-0.60931468,-0.43744925,-0.49927924,-0.16758808,0.27749945,Bajo,Presencial,6.43,NO,SIN_IMPUTACION,OK,SIN_IMPUTACION,OK
25224,25224,25,CUNDINAMARCA,CUCUNUBÁ,Municipio,-73.766113,5.249795,,111491652.86138462,470,527,29.54,0.0000,"25,0",0.0,,0,0.0,0.0,No es PDET O ZOMAC,No es PDET O ZOMAC,0.0,88.1,48.2,0.1713796058269066,0.0,0.0,0.0,0.614110254213082,48.2,0.0,0.01122334,0.09072705,-0.60931468,-0.43744925,-0.49120889,-0.31221112,0.24283691,Bajo,Presencial,26.35,SI,SIN_IMPUTACION,OK,SIN_IMPUTACION,OK
25245,25245,25,CUNDINAMARCA,EL COLEGIO,Municipio,-74.442261,4.577951,,119818630.27634832,0,0,0.0,0.0000,18.3,10.31743302,,0,0.0,0.0,No es PDET O ZOMAC,No es PDET O ZOMAC,0.0,144.7698459,53.35,0.1109680855785876,0.0133161702694305,0.0133161702694305,0.0,0.0133161702694305,53.35,0.0,0.00686013,0.3994806,-0.60931468,-0.43744925,-0.50297076,-0.20591166,0.26831425,Bajo,Presencial,0.0,NO,SIN_IMPUTACION,OK,SIN_IMPUTACION,OK
25258,25258,25,CUNDINAMARCA,EL PEÑÓN,Municipio,-74.290207,5.248747,,136122107.01430592,6,8,0.37,0.0000,"49,5",,,0,1.0,0.0,No,No,0.0,67.3,27.09,0.057836899942163,0.0,0.0,0.0,0.0,27.09,0.0,0.01464129,-1.17486275,-0.60931468,-0.43744925,-0.48199518,-0.75378549,0.13700254,Bajo,Presencial,0.28,NO,SIN_IMPUTACION,OK,SIN_IMPUTACION,OK
25260,25260,25,CUNDINAMARCA,EL ROSAL,Municipio,-74.263103,4.850589,,88431444.34282638,322,342,24.17,0.0000,12.8,3.838476892,,0,0.0,0.0,No es PDET O ZOMAC,No es PDET O ZOMAC,0.0,109.4919861,50.94,0.1005806245142413,0.0,0.0,0.0,0.1188680107895579,50.94,0.0,0.00905043,0.25499592,-0.60931468,-0.43744925,-0.49706639,-0.25559564,0.25640623,Bajo,Presencial,22.76,SI,SIN_IMPUTACION,OK,SIN_IMPUTACION,OK
25269,25269,25,CUNDINAMARCA,FACATATIVÁ,Municipio,-74.350085,4.813353,,160204957.1867834,274,300,11.7,0.0000,10.5,12.21455743,,0,0.0,0.0,No es PDET O ZOMAC,No es PDET O ZOMAC,0.0,114.697237,51.91,0.3106441974777767,0.0029655770642269,0.0,0.0044483655963404,0.1112091399085119,51.91,0.0,0.00864325,0.31314951,-0.60931468,-0.43744925,-0.49816403,-0.23540653,0.26124506,Bajo,Presencial,10.69,NO,SIN_IMPUTACION,OK,SIN_IMPUTACION,OK
25279,25279,25,CUNDINAMARCA,FÓMEQUE,Municipio,-73.892523,4.485474,,466133066.7499471,32,43,0.58,0.0000,27.4,0.0,,0,0.0,0.0,No es PDET O ZOMAC,No es PDET O ZOMAC,0.0,142.7850848,35.11,0.0651223369615778,0.0093031909945111,0.0,0.0,0.0651223369615778,35.11,0.0,0.00695482,-0.69404654,-0.60931468,-0.43744925,-0.50271549,-0.58860787,0.1765915,Bajo,Presencial,0.43,NO,SIN_IMPUTACION,OK,SIN_IMPUTACION,OK
25281,25281,25,CUNDINAMARCA,FOSCA,Municipio,-73.93902,4.339093,,112581671.29994294,55,81,4.5,0.0000,"45,2",14.58151064,,0,0.0,0.0,No es PDET O ZOMAC,No es PDET O ZOMAC,0.0,118.8,24.3,0.0899118863513756,0.0,0.0,0.0,0.3057004135946772,24.3,0.0,0.00834725,-1.34212923,-0.60931468,-0.43744925,-0.49896196,-0.81487378,0.12236119,Bajo,Presencial,3.05,NO,SIN_IMPUTACION,OK,SIN_IMPUTACION,OK
25286,25286,25,CUNDINAMARCA,FUNZA,Municipio,-74.201528,4.710412,,68673486.11330226,0,0,0.0,0.0000,7.8,7.811347284,,0,0.0,0.0,No es PDET O ZOMAC,No es PDET O ZOMAC,0.0,124.6533199,54.34,0.4830704753501709,0.0066174037719201,0.0011029006286533,0.0022058012573067,0.0948494540641888,54.34,0.0,0.0079584,0.45883322,-0.60931468,-0.43744925,-0.50001015,-0.18469415,0.27339956,Bajo,Presencial,0.0,NO,SIN_IMPUTACION,OK,SIN_IMPUTACION,OK
25288,25288,25,CUNDINAMARCA,FÚQUENE,Municipio,-73.795855,5.403997,,78672706.31688379,273,307,24.39,0.0000,23.6,0.0,,0,0.0,0.0,No es PDET O ZOMAC,No es PDET O ZOMAC,0.0,70.35568285,34.47,0.0206270627062706,0.0,0.0,0.0,0.0,34.47,0.0,0.0140143,-0.73241591,-0.60931468,-0.43744925,-0.48368534,-0.59918262,0.17405699,Bajo,Presencial,21.69,SI,SIN_IMPUTACION,OK,SIN_IMPUTACION,OK
25290,25290,25,CUNDINAMARCA,FUSAGASUGÁ,Municipio,-74.37543,4.336723,,196355301.58098003,0,0,0.0,0.0000,12.2,8.800234673,,0,0.0,0.0,No es PDET O ZOMAC,No es PDET O ZOMAC,0.0,128.2802647,57.31,0.3235582290883405,0.0053166845155361,0.0045571581561738,0.0,0.1169670593417944,57.31,0.0,0.00773513,0.63689109,-0.60931468,-0.43744925,-0.50061202,-0.12246417,0.28831453,Medio,Presencial con precaución,0.0,NO,SIN_IMPUTACION,OK,SIN_IMPUTACION,OK
25293,25293,25,CUNDINAMARCA,GACHALÁ,Municipio,-73.520161,4.693579,,390088604.58962846,19,26,0.42,0.0000,51.5,0.0,,0,0.0,0.0,No es PDET O ZOMAC,No es PDET O ZOMAC,0.0,157.8440169,36.07,0.0230255583697904,0.0,0.0,0.0,0.0,36.07,0.0,0.00629548,-0.63649248,-0.60931468,-0.43744925,-0.50449287,-0.56873055,0.1813556,Bajo,Presencial,0.3,NO,SIN_IMPUTACION,OK,SIN_IMPUTACION,OK
25295,25295,25,CUNDINAMARCA,GACHANCIPÁ,Municipio,-73.873464,4.990947,,43675730.303270735,2,8,1.14,0.0000,11.1,4.819509374,,0,0.0,0.0,No es PDET O ZOMAC,No es PDET O ZOMAC,0.0,104.0436323,49.8,0.1566170712607674,0.0060237335100295,0.0060237335100295,0.0060237335100295,0.2831154749713873,49.8,0.0,0.00951985,0.18665048,-0.60931468,-0.43744925,-0.49580097,-0.27932673,0.25071848,Bajo,Presencial,0.29,NO,SIN_IMPUTACION,OK,SIN_IMPUTACION,OK
25297,25297,25,CUNDINAMARCA,GACHETÁ,Municipio,-73.636377,4.816411,,262454338.22494635,2,2,0.05,0.0000,43.2,0.0,,0,0.0,0.0,No es PDET O ZOMAC,No es PDET O ZOMAC,0.0,131.6105914,38.62,0.1735895846249225,0.0,0.0,0.0,0.0123992560446373,38.62,0.0,0.00754088,-0.48361451,-0.60931468,-0.43744925,-0.50113568,-0.51471968,0.19430066,Bajo,Presencial,0.05,NO,SIN_IMPUTACION,OK,SIN_IMPUTACION,OK
25299,25299,25,CUNDINAMARCA,GAMA,Municipio,-73.611037,4.763325,,109135290.43676946,34,34,1.95,0.0000,42.9,,,0,0.0,0.0,No es PDET O ZOMAC,No es PDET O ZOMAC,0.0,146.2152631,26.05,0.0,0.0,0.0,0.0,0.1319261213720316,26.05,0.0,0.00679277,-1.23721298,-0.60931468,-0.43744925,-0.50315233,-0.77878164,0.13101158,Bajo,Presencial,1.95,NO,SIN_IMPUTACION,OK,SIN_IMPUTACION,OK
25307,25307,25,CUNDINAMARCA,GIRARDOT,Municipio,-74.798201,4.313069,,131754864.28776172,107,129,6.12,0.0000,13.4,33.24441129,,0,0.0,0.0,No es PDET O ZOMAC,No es PDET O ZOMAC,0.0,152.9947044,61.28,0.4216505543721667,0.0021847178983013,0.0021847178983013,0.0021847178983013,0.0895734338303566,61.28,0.0,0.00649373,0.87490111,-0.60931468,-0.43744925,-0.50395846,-0.03966263,0.30816,Medio,Presencial con precaución,5.08,NO,SIN_IMPUTACION,OK,SIN_IMPUTACION,OK
25312,25312,25,CUNDINAMARCA,GRANADA,Municipio,-74.350766,4.519763,,61490220.43914837,0,0,0.0,0.0000,19.9,0.0,,0,0.0,0.0,No es PDET O ZOMAC,No es PDET O ZOMAC,0.0,147.4354374,55.0,0.1739382519205682,0.0,0.0,0.0,0.1594433975938542,55.0,0.0,0.00673694,0.49840164,-0.60931468,-0.43744925,-0.50330285,-0.17133911,0.27660043,Bajo,Presencial,0.0,NO,SIN_IMPUTACION,OK,SIN_IMPUTACION,OK
25317,25317,25,CUNDINAMARCA,GUACHETÁ,Municipio,-73.686972,5.383378,,172815580.85688192,643,669,24.19,0.0000,25.7,0.0,,0,0.0,0.0,No es PDET O ZOMAC,No es PDET O ZOMAC,0.0,77.78151231,41.56,0.6450052406675805,0.0,0.0,0.0,0.0161251310166895,41.56,0.0,0.01269333,-0.3073552,-0.60931468,-0.43744925,-0.48724626,-0.45094551,0.20958574,Bajo,Presencial,23.25,SI,SIN_IMPUTACION,OK,SIN_IMPUTACION,OK
25320,25320,25,CUNDINAMARCA,GUADUAS,Municipio,-74.603402,5.072076,,774968753.0949378,447,507,4.09,0.0000,27.2,13.49199924,,0,0.0,0.0,No es PDET O ZOMAC,No es PDET O ZOMAC,0.0,72.95875302,48.33,0.1998857795545402,0.0,0.0,0.0,0.0571102227298686,48.33,0.0,0.01352105,0.09852082,-0.60931468,-0.43744925,-0.48501499,-0.30855421,0.24371338,Bajo,Presencial,3.6,NO,SIN_IMPUTACION,OK,SIN_IMPUTACION,OK
25322,25322,25,CUNDINAMARCA,GUASCA,Municipio,-73.877143,4.866719,,365539618.20910114,91,101,1.73,0.0000,"15,5",0.0,,0,0.0,0.0,No es PDET O ZOMAC,No es PDET O ZOMAC,0.0,126.7,52.35,0.1471178280058847,0.0066871740002674,0.0,0.0,0.0735589140029423,52.35,0.0,0.00783085,0.33952845,-0.60931468,-0.43744925,-0.50035399,-0.22650239,0.26337916,Bajo,Presencial,1.56,NO,SIN_IMPUTACION,OK,SIN_IMPUTACION,OK
25324,25324,25,CUNDINAMARCA,GUATAQUÍ,Municipio,-74.790058,4.517517,,92113939.74947277,66,74,5.02,0.0000,32.9,0.0,,0,0.0,0.0,No es PDET O ZOMAC,No es PDET O ZOMAC,0.0,139.0563929,21.39,0.5065856129685917,0.0,0.0,0.0,0.2026342451874367,21.39,0.0,0.00713998,-1.51658998,-0.60931468,-0.43744925,-0.50221637,-0.8764232,0.10760933,Bajo,Presencial,4.48,NO,SIN_IMPUTACION,OK,SIN_IMPUTACION,OK
25326,25326,25,CUNDINAMARCA,GUATAVITA,Municipio,-73.83293,4.935211,,255913270.787156,437,463,11.31,0.0000,"33,1",0.0,,0,0.0,0.0,No es PDET O ZOMAC,No es PDET O ZOMAC,0.0,118.1,42.23,0.130187144019528,0.016273393002441,0.0,0.032546786004882,0.097640358014646,42.23,0.0,0.00839631,-0.26718726,-0.60931468,-0.43744925,-0.49882971,-0.43862425,0.21253884,Bajo,Presencial,10.67,NO,SIN_IMPUTACION,OK,SIN_IMPUTACION,OK
25328,25328,25,CUNDINAMARCA,GUAYABAL DE SÍQUIMA,Municipio,-74.467437,4.877968,,62735187.274247766,226,259,25.8,0.0000,29.4,18.73711823,,0,1.0,0.0,No,No,0.0,109.8342166,39.37,0.0832408435072142,0.0,0.0,0.0,0.0,39.37,0.0,0.00902248,-0.4386504,-0.60931468,-0.43744925,-0.49714172,-0.49838315,0.19821612,Bajo,Presencial,22.52,SI,SIN_IMPUTACION,OK,SIN_IMPUTACION,OK
25335,25335,25,CUNDINAMARCA,GUAYABETAL,Municipio,-73.815107,4.215306,,225527203.00288,76,95,2.63,0.0000,29.6,0.0,,0,1.0,0.0,No,No,0.0,109.7448205,32.08,0.2065760027543466,0.0,0.0,0.0,0.0688586675847822,32.08,0.0,0.00902977,-0.87570154,-0.60931468,-0.43744925,-0.49712209,-0.65134811,0.16155423,Bajo,Presencial,2.11,NO,SIN_IMPUTACION,OK,SIN_IMPUTACION,OK
25339,25339,25,CUNDINAMARCA,GUTIÉRREZ,Municipio,-74.003042,4.254679,,458668278.8881767,78,82,1.12,0.0000,37.6,0.0,,0,0.0,0.0,No es PDET O ZOMAC,No es PDET O ZOMAC,0.0,102.3699418,40.71,0.0302023557837511,0.0,0.0,0.0,0.0302023557837511,40.71,0.0,0.00967399,-0.35831452,-0.60931468,-0.43744925,-0.49538546,-0.47000216,0.20501833,Bajo,Presencial,1.06,NO,SIN_IMPUTACION,OK,SIN_IMPUTACION,OK
25368,25368,25,CUNDINAMARCA,JERUSALÉN,Municipio,-74.695474,4.562273,,224738554.99406576,134,169,4.7,0.0000,34.9,0.0,,0,0.0,0.0,No es PDET O ZOMAC,No es PDET O ZOMAC,0.0,134.3541136,36.41,0.2470355731225296,0.0,0.0,0.0,0.0988142292490118,36.41,0.0,0.00738803,-0.61610875,-0.60931468,-0.43744925,-0.50154771,-0.56115447,0.18317139,Bajo,Presencial,3.73,NO,SIN_IMPUTACION,OK,SIN_IMPUTACION,OK
25372,25372,25,CUNDINAMARCA,JUNÍN,Municipio,-73.662961,4.79057,,348440874.125698,2,2,0.04,0.0000,57.8,,,0,0.0,0.0,No es PDET O ZOMAC,No es PDET O ZOMAC,0.0,143.2367062,26.81,0.1346930921685587,0.0,0.0,0.0,0.0,26.81,0.0,0.00693305,-1.19164935,-0.60931468,-0.43744925,-0.50277419,-0.76277765,0.13484734,Bajo,Presencial,0.04,NO,SIN_IMPUTACION,OK,SIN_IMPUTACION,OK
25377,25377,25,CUNDINAMARCA,LA CALERA,Municipio,-73.968161,4.721104,,330901006.1654615,768,797,15.05,0.0000,9.8,0.0,,0,0.0,0.0,No es PDET O ZOMAC,No es PDET O ZOMAC,0.0,134.3007247,62.84,0.3309276535821158,0.0070410139060024,0.0035205069530012,0.0,0.091533180778032,62.84,0.0,0.00739094,0.96842646,-0.60931468,-0.43744925,-0.50153985,-0.00656597,0.31609244,Medio,Presencial con precaución,14.51,NO,SIN_IMPUTACION,OK,SIN_IMPUTACION,OK
25386,25386,25,CUNDINAMARCA,LA MESA,Municipio,-74.461588,4.631028,,150164471.1029677,0,0,0.0,0.0000,18.3,4.99950005,,0,0.0,0.0,No es PDET O ZOMAC,No es PDET O ZOMAC,0.0,133.1953813,49.03,0.2865824183412747,0.0034528002209792,0.0034528002209792,0.0034528002209792,0.2451488156895242,49.03,0.0,0.00745182,0.14048733,-0.60931468,-0.43744925,-0.50137574,-0.29632005,0.24664561,Bajo,Presencial,0.0,NO,SIN_IMPUTACION,OK,SIN_IMPUTACION,OK
25394,25394,25,CUNDINAMARCA,LA PALMA,Municipio,-74.391022,5.358816,,193721733.85199127,37,50,1.61,0.0000,39.4,8.955758553,,0,1.0,0.0,No,No,0.0,60.96295472,40.2,0.2594706798131811,0.012973533990659,0.0,0.0,0.0259470679813181,40.2,0.0,0.01613868,-0.38889012,-0.60931468,-0.43744925,-0.47795869,-0.4780896,0.20307997,Bajo,Presencial,1.19,NO,SIN_IMPUTACION,OK,SIN_IMPUTACION,OK
25398,25398,25,CUNDINAMARCA,LA PEÑA,Municipio,-74.394105,5.198945,,130391011.13287716,8,8,0.38,0.0000,"50,3",,,0,0.0,0.0,No es PDET O ZOMAC,No es PDET O ZOMAC,0.0,74.89,32.22,0.2034776174620791,0.0,0.0,0.0,0.0184979652238253,32.22,0.0,0.01317697,-0.86730824,-0.60931468,-0.43744925,-0.48594253,-0.64673352,0.16266023,Bajo,Presencial,0.38,NO,SIN_IMPUTACION,OK,SIN_IMPUTACION,OK
25402,25402,25,CUNDINAMARCA,LA VEGA,Municipio,-74.336885,4.997768,,157653515.86647516,14,21,0.83,0.0000,22.1,0.0,,0,0.0,0.0,No es PDET O ZOMAC,No es PDET O ZOMAC,0.0,98.74919724,41.64,0.0919258464838363,0.0076604872069863,0.0,0.0306419488279454,0.1302282825187682,41.64,0.0,0.01002514,-0.30255903,-0.60931468,-0.43744925,-0.49443887,-0.45034574,0.20972949,Bajo,Presencial,0.56,NO,SIN_IMPUTACION,OK,SIN_IMPUTACION,OK
25407,25407,25,CUNDINAMARCA,LENGUAZAQUE,Municipio,-73.711512,5.306131,,158003804.41803673,1025,1068,42.25,0.0000,"29,1",0.0,,0,0.0,0.0,No es PDET O ZOMAC,No es PDET O ZOMAC,0.0,86.16,35.77,0.0531123858083705,0.0,0.0,0.0,0.1593371574251115,35.77,0.0,0.01147315,-0.65447812,-0.60931468,-0.43744925,-0.49053549,-0.57293192,0.18034863,Bajo,Presencial,40.54,SI,SIN_IMPUTACION,OK,SIN_IMPUTACION,OK
25426,25426,25,CUNDINAMARCA,MACHETÁ,Municipio,-73.608226,5.08007,,232508304.3098297,53,91,2.45,0.0000,38.2,0.0,,0,0.0,0.0,No es PDET O ZOMAC,No es PDET O ZOMAC,0.0,114.8975102,21.86,0.2656924609764198,0.0,0.0,0.0,0.2158751245433411,21.86,0.0,0.00862831,-1.48841247,-0.60931468,-0.43744925,-0.49820429,-0.86595926,0.11011728,Bajo,Presencial,1.42,NO,SIN_IMPUTACION,OK,SIN_IMPUTACION,OK
25430,25430,25,CUNDINAMARCA,MADRID,Municipio,-74.265854,4.732791,,121214606.4973177,69,69,3.56,0.0000,10.4,7.193985828,,0,0.0,0.0,No es PDET O ZOMAC,No es PDET O ZOMAC,0.0,121.3064229,58.13,0.5602240896358543,0.0146944023511043,0.0055104008816641,0.000918400146944,0.2250080360012857,58.13,0.0,0.00817619,0.68605185,-0.60931468,-0.43744925,-0.49942308,-0.10507957,0.29248119,Medio,Presencial con precaución,3.56,NO,SIN_IMPUTACION,OK,SIN_IMPUTACION,OK
25436,25436,25,CUNDINAMARCA,MANTA,Municipio,-73.540444,5.009008,,109437726.08789548,6,10,0.57,0.0000,35.5,0.0,,0,0.0,0.0,No es PDET O ZOMAC,No es PDET O ZOMAC,0.0,123.9337211,23.8,0.0300480769230769,0.0,0.0,0.0,0.0300480769230769,23.8,0.0,0.00800424,-1.3721053,-0.60931468,-0.43744925,-0.49988658,-0.8255041,0.11981337,Bajo,Presencial,0.34,NO,SIN_IMPUTACION,OK,SIN_IMPUTACION,OK
25438,25438,25,CUNDINAMARCA,MEDINA,Municipio,-73.348449,4.506298,,1211959431.2107716,39,40,0.21,0.0000,38.5,10.63377286,,0,1.0,0.0,No,No,0.0,148.1587958,41.44,0.1788416563488788,0.0,0.0,0.0,0.5915531710001375,41.44,0.0,0.00670426,-0.31454946,-0.60931468,-0.43744925,-0.50339092,-0.4558852,0.20840182,Bajo,Presencial,0.2,NO,SIN_IMPUTACION,OK,SIN_IMPUTACION,OK
25473,25473,25,CUNDINAMARCA,MOSQUERA,Municipio,-74.221154,4.70653,,107355007.44723502,19,20,1.16,0.0000,9.6,11.57712617,,0,0.0,0.0,No es PDET O ZOMAC,No es PDET O ZOMAC,0.0,132.3840008,56.12,0.4166666666666667,0.0015518311607697,0.0077591558038485,0.0,0.0713842333954065,56.12,0.0,0.00749715,0.56554804,-0.60931468,-0.43744925,-0.50125355,-0.14753047,0.28230676,Medio,Presencial con precaución,1.11,NO,SIN_IMPUTACION,OK,SIN_IMPUTACION,OK
25483,25483,25,CUNDINAMARCA,NARIÑO,Municipio,-74.824732,4.399837,,55850945.367240034,91,139,15.55,0.0000,27.8,0.0,,0,0.0,0.0,No es PDET O ZOMAC,No es PDET O ZOMAC,0.0,150.2177817,23.49,0.2380952380952381,0.0,0.0,0.0,0.0476190476190476,23.49,0.0,0.00661298,-1.39069047,-0.60931468,-0.43744925,-0.503637,-0.83257147,0.1181195,Bajo,Presencial,10.18,NO,SIN_IMPUTACION,OK,SIN_IMPUTACION,OK
25486,25486,25,CUNDINAMARCA,NEMOCÓN,Municipio,-73.877888,5.068705,,99803124.75365026,41,54,3.38,0.0000,14.2,0.0,,0,0.0,0.0,No es PDET O ZOMAC,No es PDET O ZOMAC,0.0,95.31671499,48.45,0.2623380882111821,0.0,0.0,0.0,0.0573864567961961,48.45,0.0,0.01038241,0.10571508,-0.60931468,-0.43744925,-0.49347578,-0.30730534,0.24401271,Bajo,Presencial,2.57,NO,SIN_IMPUTACION,OK,SIN_IMPUTACION,OK
25488,25488,25,CUNDINAMARCA,NILO,Municipio,-74.620009,4.305838,,227485501.9356141,0,0,0.0,0.0000,22.1,7.605719501,,0,0.0,0.0,No es PDET O ZOMAC,No es PDET O ZOMAC,0.0,136.6216667,39.98,1.9252873563218391,0.0,0.0718390804597701,0.0,0.1580459770114942,39.98,0.0,0.0072663,-0.40207959,-0.60931468,-0.43744925,-0.50187586,-0.48629349,0.20111371,Bajo,Presencial,0.0,NO,SIN_IMPUTACION,OK,SIN_IMPUTACION,OK
25489,25489,25,CUNDINAMARCA,NIMAIMA,Municipio,-74.38604,5.125992,,60375976.77664849,1,3,0.31,0.0000,30.2,0.0,,0,0.0,0.0,No es PDET O ZOMAC,No es PDET O ZOMAC,0.0,82.38636543,50.25,0.0,0.0,0.0,0.0,0.0,50.25,0.0,0.01199237,0.21362894,-0.60931468,-0.43744925,-0.48913584,-0.2688845,0.25322123,Bajo,Presencial,0.1,NO,SIN_IMPUTACION,OK,SIN_IMPUTACION,OK
25491,25491,25,CUNDINAMARCA,NOCAIMA,Municipio,-74.379093,5.069466,,69938903.68120196,1,1,0.09,0.0000,26.2,0.0,,0,0.0,0.0,No es PDET O ZOMAC,No es PDET O ZOMAC,0.0,89.67983926,51.49,0.0770119368502117,0.0,0.0,0.0,0.1155179052753176,51.49,0.0,0.01102781,0.2879696,-0.60931468,-0.43744925,-0.49173599,-0.24325529,0.25936391,Bajo,Presencial,0.09,NO,SIN_IMPUTACION,OK,SIN_IMPUTACION,OK
25506,25506,25,CUNDINAMARCA,VENECIA,Municipio,-74.478301,4.089056,,123634093.61289737,0,0,0.0,"8,728.3072",38.1,19.86886549,,0,0.0,0.0,No es PDET O ZOMAC,No es PDET O ZOMAC,0.0,105.4115339,37.02,0.4140282513395031,0.0,0.0,0.0243546030199707,0.1217730150998538,37.02,0.0,0.00939748,-0.57953794,-0.60931468,-0.43744925,-0.49613086,-0.54754216,0.18643392,Bajo,Presencial,0.0,NO,SIN_IMPUTACION,OK,SIN_IMPUTACION,OK
25513,25513,25,CUNDINAMARCA,PACHO,Municipio,-74.156132,5.136907,,408611047.5766771,24,25,0.38,0.0000,27.7,3.409013432,,0,0.0,0.0,No es PDET O ZOMAC,No es PDET O ZOMAC,0.0,78.2604507,42.14,0.1649257833974711,0.0,0.0,0.0,0.0718907260963335,42.14,0.0,0.01261663,-0.27258296,-0.60931468,-0.43744925,-0.48745302,-0.43880624,0.21249522,Bajo,Presencial,0.37,NO,SIN_IMPUTACION,OK,SIN_IMPUTACION,OK
25518,25518,25,CUNDINAMARCA,PAIME,Municipio,-74.152213,5.370487,,176339528.58861277,0,0,0.0,0.0000,"55,0",0.0,,0,0.0,0.0,No es PDET O ZOMAC,No es PDET O ZOMAC,0.0,54.32,21.59,0.1297353399065905,0.0,0.0,0.0,0.0259470679813181,21.59,0.0,0.01807664,-1.50459955,-0.60931468,-0.43744925,-0.47273453,-0.86780427,0.10967507,Bajo,Presencial,0.0,NO,SIN_IMPUTACION,OK,SIN_IMPUTACION,OK
25524,25524,25,CUNDINAMARCA,PANDI,Municipio,-74.486641,4.190393,,72557845.9765862,0,0,0.0,0.0000,36.7,0.0,,0,0.0,0.0,No es PDET O ZOMAC,No es PDET O ZOMAC,0.0,117.715417,46.45,0.2746092099704267,0.0,0.0,0.0,0.0211237853823405,46.45,0.0,0.00842351,-0.01418921,-0.60931468,-0.43744925,-0.49875638,-0.35006393,0.23376454,Bajo,Presencial,0.0,NO,SIN_IMPUTACION,OK,SIN_IMPUTACION,OK
25530,25530,25,CUNDINAMARCA,PARATEBUENO,Municipio,-73.212825,4.374832,,896620887.6860952,0,0,0.0,0.0000,37.4,29.51303492,EGC,1,1.0,0.0,No,No,0.0,155.8094032,62.26,0.1749781277340332,0.0,0.0,0.0,0.0999875015623047,62.26,0.0,0.00637717,0.93365421,0.82391607,-0.43744925,-0.50427267,0.41082304,0.41613019,Alto,Remota,0.0,NO,SIN_IMPUTACION,OK,SIN_IMPUTACION,OK
25535,25535,25,CUNDINAMARCA,PASCA,Municipio,-74.302276,4.308979,,275061036.946942,770,807,18.34,0.0000,"30,6",0.0,,0,0.0,0.0,No es PDET O ZOMAC,No es PDET O ZOMAC,0.0,121.1,40.67,0.2532811420676951,0.0,0.0,0.0,0.0460511167395809,40.67,0.0,0.00819001,-0.36071261,-0.60931468,-0.43744925,-0.49938582,-0.47144154,0.20467335,Bajo,Presencial,17.5,SI,SIN_IMPUTACION,OK,SIN_IMPUTACION,OK
25572,25572,25,CUNDINAMARCA,PUERTO SALGAR,Municipio,-74.653695,5.465413,,524341485.6731293,0,0,0.0,0.0000,31.0,10.64906022,,0,0.0,0.0,No es PDET O ZOMAC,No es PDET O ZOMAC,0.0,41.77213132,55.99,0.6806888571234089,0.0,0.006806888571234,0.0204206657137022,0.1701722142808522,55.99,0.0,0.02337971,0.55775426,-0.60931468,-0.43744925,-0.45843912,-0.14383613,0.28319221,Medio,Presencial con precaución,0.0,NO,SIN_IMPUTACION,OK,SIN_IMPUTACION,OK
25580,25580,25,CUNDINAMARCA,PULÍ,Municipio,-74.71438,4.682022,,200320242.3752237,226,241,7.52,0.0000,46.0,,,0,1.0,0.0,No,No,0.0,121.6301719,29.38,0.0,0.0,0.0,0.0,0.0,29.38,0.0,0.0081546,-1.03757233,-0.60931468,-0.43744925,-0.49948127,-0.70835676,0.14789067,Bajo,Presencial,7.05,NO,SIN_IMPUTACION,OK,SIN_IMPUTACION,OK
25592,25592,25,CUNDINAMARCA,QUEBRADANEGRA,Municipio,-74.48014,5.118076,,81022107.28552386,68,83,6.4,0.0000,32.1,17.91151711,,0,0.0,0.0,No es PDET O ZOMAC,No es PDET O ZOMAC,0.0,88.24629896,49.25,0.2923319091522374,0.0,0.0,0.0,0.0,49.25,0.0,0.01120495,0.1536768,-0.60931468,-0.43744925,-0.49125849,-0.29018615,0.24811575,Bajo,Presencial,5.25,NO,SIN_IMPUTACION,OK,SIN_IMPUTACION,OK
25594,25594,25,CUNDINAMARCA,QUETAME,Municipio,-73.863214,4.329884,,139548890.98050323,271,306,13.7,0.0000,37.7,0.0,,0,0.0,0.0,No es PDET O ZOMAC,No es PDET O ZOMAC,0.0,120.9705454,30.98,0.4261363636363636,0.0,0.0,0.0,0.0,30.98,0.0,0.0081987,-0.9416489,-0.60931468,-0.43744925,-0.49936239,-0.67476573,0.15594161,Bajo,Presencial,12.14,NO,SIN_IMPUTACION,OK,SIN_IMPUTACION,OK
25596,25596,25,CUNDINAMARCA,QUIPILE,Municipio,-74.533705,4.74481,,129431962.053294,38,51,2.46,0.0000,"44,1",0.0,,0,0.0,0.0,No es PDET O ZOMAC,No es PDET O ZOMAC,0.0,123.3,22.92,0.1309328968903437,0.0,0.0,0.0,0.0490998363338788,22.92,0.0,0.00804505,-1.42486319,-0.60931468,-0.43744925,-0.49977658,-0.84395286,0.11539166,Bajo,Presencial,1.83,NO,SIN_IMPUTACION,OK,SIN_IMPUTACION,OK
25599,25599,25,CUNDINAMARCA,APULO,Municipio,-74.593926,4.520304,,123556969.26157932,0,0,0.0,0.0000,28.4,30.34901366,,0,0.0,0.0,No es PDET O ZOMAC,No es PDET O ZOMAC,0.0,142.8506149,44.6,0.0929614873837981,0.0,0.0132802124833997,0.0,0.1328021248339973,44.6,0.0,0.00695166,-0.12510068,-0.60931468,-0.43744925,-0.50272403,-0.3894781,0.22431794,Bajo,Presencial,0.0,NO,SIN_IMPUTACION,OK,SIN_IMPUTACION,OK
25612,25612,25,CUNDINAMARCA,RICAURTE,Municipio,-74.772861,4.282113,,129868284.84860133,0,0,0.0,0.0000,"17,5",0.0,,0,0.0,0.0,No es PDET O ZOMAC,No es PDET O ZOMAC,0.0,144.8,53.43,0.2503012885881153,0.0,0.0092704180958561,0.0,0.0092704180958561,53.43,0.0,0.00685871,0.40427677,-0.60931468,-0.43744925,-0.50297459,-0.20423357,0.26871644,Bajo,Presencial,0.0,NO,SIN_IMPUTACION,OK,SIN_IMPUTACION,OK
25645,25645,25,CUNDINAMARCA,SAN ANTONIO DEL TEQUENDAMA,Municipio,-74.351443,4.616138,,89729985.50484134,0,0,0.0,0.0000,21.8,0.0,,0,0.0,0.0,No es PDET O ZOMAC,No es PDET O ZOMAC,0.0,140.6120556,45.82,0.1470299941188002,0.0,0.0,0.0,0.00980199960792,45.82,0.0,0.00706155,-0.05195906,-0.60931468,-0.43744925,-0.5024278,-0.3638341,0.23046417,Bajo,Presencial,0.0,NO,SIN_IMPUTACION,OK,SIN_IMPUTACION,OK
25649,25649,25,CUNDINAMARCA,SAN BERNARDO,Municipio,-74.42296,4.179433,,249957429.3932166,58,60,1.5,0.5295,34.8,0.0,,0,0.0,0.0,No es PDET O ZOMAC,No es PDET O ZOMAC,0.0,108.1314882,32.61,0.1620745542949757,0.0135062128579146,0.0,0.0,0.0405186385737439,32.61,0.0,0.00916326,-0.8439269,-0.60931468,-0.43744925,-0.49676224,-0.64017301,0.16423262,Bajo,Presencial,1.45,NO,SIN_IMPUTACION,OK,SIN_IMPUTACION,OK
25653,25653,25,CUNDINAMARCA,SAN CAYETANO,Municipio,-74.024754,5.332938,,292221371.08330417,261,267,5.71,0.0000,36.9,17.43071292,,0,0.0,0.0,No es PDET O ZOMAC,No es PDET O ZOMAC,0.0,64.74653138,25.34,0.1731387583477615,0.0,0.0,0.0,0.0,25.34,0.0,0.01520993,-1.279779,-0.60931468,-0.43744925,-0.4804623,-0.79027625,0.12825661,Bajo,Presencial,5.58,NO,SIN_IMPUTACION,OK,SIN_IMPUTACION,OK
25658,25658,25,CUNDINAMARCA,SAN FRANCISCO,Municipio,-74.289672,4.972917,,120434726.16548,11,50,2.59,0.0000,20.2,0.0,,0,0.0,0.0,No es PDET O ZOMAC,No es PDET O ZOMAC,0.0,100.1425451,46.39,0.117320819112628,0.0,0.0,0.0,0.0959897610921501,46.39,0.0,0.00988704,-0.01778634,-0.60931468,-0.43744925,-0.49481116,-0.35073115,0.23360462,Bajo,Presencial,0.57,NO,SIN_IMPUTACION,OK,SIN_IMPUTACION,OK
25662,25662,25,CUNDINAMARCA,SAN JUAN DE RIOSECO,Municipio,-74.621919,4.847575,,318409266.5265155,625,663,13.01,0.0000,35.6,20.62068254,,0,0.0,0.0,No es PDET O ZOMAC,No es PDET O ZOMAC,0.0,106.3277024,42.78,0.2535361622631438,0.0,0.0,0.0,0.1868161195623165,42.78,0.0,0.00931726,-0.23421358,-0.60931468,-0.43744925,-0.4963471,-0.42671107,0.21539413,Bajo,Presencial,12.27,NO,SIN_IMPUTACION,OK,SIN_IMPUTACION,OK
25718,25718,25,CUNDINAMARCA,SASAIMA,Municipio,-74.432628,4.962167,,113194168.76604818,6,26,1.44,0.0000,22.9,7.743534149,,0,0.0,0.0,No es PDET O ZOMAC,No es PDET O ZOMAC,0.0,103.0925332,51.03,0.0752769114958597,0.0,0.0,0.0,0.3763845574792988,51.03,0.0,0.00960684,0.26039162,-0.60931468,-0.43744925,-0.49556649,-0.25348216,0.25691278,Bajo,Presencial,0.33,NO,SIN_IMPUTACION,OK,SIN_IMPUTACION,OK
25736,25736,25,CUNDINAMARCA,SESQUILÉ,Municipio,-73.796099,5.04476,,143172045.5527565,248,273,11.92,0.0000,"17,7",0.0,,0,0.0,0.0,No es PDET O ZOMAC,No es PDET O ZOMAC,0.0,108.9,31.51,0.1267197682838522,0.0090514120202751,0.0,0.0090514120202751,2.118030412744388,31.51,0.0,0.00909918,-0.90987426,-0.60931468,-0.43744925,-0.49693497,-0.66328049,0.15869433,Bajo,Presencial,10.83,NO,SIN_IMPUTACION,OK,SIN_IMPUTACION,OK
25740,25740,25,CUNDINAMARCA,SIBATÉ,Municipio,-74.257874,4.492625,,123694547.5895797,104,111,5.61,0.0000,13.5,17.05071369,,0,0.0,0.0,No es PDET O ZOMAC,No es PDET O ZOMAC,0.0,139.1923906,61.14,0.2697470724508902,0.0126939798800418,0.0,0.0,0.0602964044301989,61.14,0.0,0.00713305,0.86650781,-0.60931468,-0.43744925,-0.50223504,-0.04234178,0.30751787,Medio,Presencial con precaución,5.25,NO,SIN_IMPUTACION,OK,SIN_IMPUTACION,OK
25743,25743,25,CUNDINAMARCA,SILVANIA,Municipio,-74.405534,4.381981,,164638129.0500696,0,0,0.0,0.0000,23.5,11.46219386,,0,1.0,0.0,No,No,0.0,139.3961395,66.96,0.1167996885341639,0.0097333073778469,0.0,0.0048666536889234,0.0340665758224644,66.96,0.0,0.0071227,1.2154293,-0.60931468,-0.43744925,-0.50226294,0.07977656,0.3367866,Medio,Presencial con precaución,0.0,NO,SIN_IMPUTACION,OK,SIN_IMPUTACION,OK
25745,25745,25,CUNDINAMARCA,SIMIJACA,Municipio,-73.850703,5.505231,,98259582.11918949,567,637,40.52,0.0000,22.4,0.0,,0,0.0,0.0,No es PDET O ZOMAC,No es PDET O ZOMAC,0.0,57.24121112,37.59,0.0870397771781704,0.0,0.0,0.0,0.0522238663069022,37.59,0.0,0.01716997,-0.54536522,-0.60931468,-0.43744925,-0.47517863,-0.53243887,0.19005381,Bajo,Presencial,36.07,SI,SIN_IMPUTACION,OK,SIN_IMPUTACION,OK
25754,25754,25,CUNDINAMARCA,SOACHA,Municipio,-74.215463,4.579268,,189880688.162344,664,735,24.19,0.0000,14.1,18.10845975,EGC,1,0.0,0.0,No es PDET O ZOMAC,No es PDET O ZOMAC,0.0,146.1325387,62.41,0.9837647029629262,0.0063588763710357,0.0044977418234155,0.0027917018214303,0.2555958112065115,62.41,0.0,0.00679659,0.94264703,0.82391607,-0.43744925,-0.50314203,0.41414013,0.41692522,Alto,Remota,21.86,SI,SIN_IMPUTACION,OK,SIN_IMPUTACION,OK
25758,25758,25,CUNDINAMARCA,SOPÓ,Municipio,-73.943328,4.915395,,112635667.57668148,10,16,0.89,0.0000,8.0,6.294256491,,0,0.0,0.0,No es PDET O ZOMAC,No es PDET O ZOMAC,0.0,113.2834433,41.63,0.3147826788813108,0.0,0.0,0.0,0.1170345857379232,41.63,0.0,0.00875017,-0.30315855,-0.60931468,-0.43744925,-0.49787579,-0.45107111,0.20955563,Bajo,Presencial,0.55,NO,SIN_IMPUTACION,OK,SIN_IMPUTACION,OK
25769,25769,25,CUNDINAMARCA,SUBACHOQUE,Municipio,-74.172773,4.929118,,212198694.98358405,747,803,23.65,0.0000,12.6,0.0,,0,0.0,0.0,No es PDET O ZOMAC,No es PDET O ZOMAC,0.0,100.0796719,52.17,0.3095558546433378,0.0201884253028263,0.0,0.0,0.2086137281292059,52.17,0.0,0.00989319,0.32873706,-0.60931468,-0.43744925,-0.49479458,-0.22944547,0.26267378,Bajo,Presencial,22.0,SI,SIN_IMPUTACION,OK,SIN_IMPUTACION,OK
25772,25772,25,CUNDINAMARCA,SUESCA,Municipio,-73.798227,5.103495,,175619551.66811755,939,1031,36.69,0.0000,14,0.0,,0,0.0,0.0,No es PDET O ZOMAC,No es PDET O ZOMAC,0.0,96.74087132,40.28,0.0909386164339071,0.0,0.0,0.0,0.0454693082169535,40.28,0.0,0.01023113,-0.38409395,-0.60931468,-0.43744925,-0.49388358,-0.47879967,0.20290979,Bajo,Presencial,33.42,SI,SIN_IMPUTACION,OK,SIN_IMPUTACION,OK
25777,25777,25,CUNDINAMARCA,SUPATÁ,Municipio,-74.235403,5.06162,,132283513.154054,6,7,0.33,0.0000,28.2,16.04878832,,0,0.0,0.0,No es PDET O ZOMAC,No es PDET O ZOMAC,0.0,89.39589154,29.43,0.2327549724925941,0.0,0.0,0.0,0.0846381718154887,29.43,0.0,0.01106245,-1.03457473,-0.60931468,-0.43744925,-0.49164261,-0.7061318,0.14842394,Bajo,Presencial,0.28,NO,SIN_IMPUTACION,OK,SIN_IMPUTACION,OK
25779,25779,25,CUNDINAMARCA,SUSA,Municipio,-73.813938,5.455291,,105792723.52203842,914,999,59.02,0.0000,"27,1",0.0,,0,0.0,0.0,No es PDET O ZOMAC,No es PDET O ZOMAC,0.0,65.12,29.13,0.1152642845381195,0.0,0.0,0.0,0.0,29.13,0.0,0.01512402,-1.05256037,-0.60931468,-0.43744925,-0.48069389,-0.71078447,0.14730881,Bajo,Presencial,54.0,SI,SIN_IMPUTACION,OK,SIN_IMPUTACION,OK
25781,25781,25,CUNDINAMARCA,SUTATAUSA,Municipio,-73.853159,5.247482,,65828993.25301989,130,162,15.38,0.0000,21.3,0.0,,0,0.0,0.0,No es PDET O ZOMAC,No es PDET O ZOMAC,0.0,82.44182786,43.67,0.3803727653100038,0.0,0.0,0.0,0.0760745530620007,43.67,0.0,0.0119844,-0.18085617,-0.60931468,-0.43744925,-0.48915733,-0.40695751,0.22012856,Bajo,Presencial,12.34,NO,SIN_IMPUTACION,OK,SIN_IMPUTACION,OK
25785,25785,25,CUNDINAMARCA,TABIO,Municipio,-74.096461,4.916832,,76265825.92572644,111,145,11.88,0.0000,9.6,7.545746086,,0,0.0,0.0,No es PDET O ZOMAC,No es PDET O ZOMAC,0.0,103.3410745,49.14,0.2723073182591782,0.0097252613663992,0.0048626306831996,0.0,0.0826647216143933,49.14,0.0,0.00958395,0.14708206,-0.60931468,-0.43744925,-0.49562818,-0.29314976,0.24740545,Bajo,Presencial,9.1,NO,SIN_IMPUTACION,OK,SIN_IMPUTACION,OK
25793,25793,25,CUNDINAMARCA,TAUSA,Municipio,-73.887813,5.196333,,204882615.65213737,4,29,0.88,0.0000,"24,3",10.29760066,,0,0.0,0.0,No es PDET O ZOMAC,No es PDET O ZOMAC,0.0,81.87,37.91,0.0149387511204063,0.0,0.0,0.0,0.0149387511204063,37.91,0.0,0.01206709,-0.52618053,-0.60931468,-0.43744925,-0.48893441,-0.5277876,0.1911686,Bajo,Presencial,0.12,NO,SIN_IMPUTACION,OK,SIN_IMPUTACION,OK
25797,25797,25,CUNDINAMARCA,TENA,Municipio,-74.389193,4.655286,,52120666.08655243,0,0,0.0,0.0000,18.5,8.633341967,,0,0.0,0.0,No es PDET O ZOMAC,No es PDET O ZOMAC,0.0,135.2608474,45.41,0.0992309600595385,0.0,0.0,0.0,0.0372116100223269,45.41,0.0,0.00733887,-0.07653944,-0.60931468,-0.43744925,-0.50168024,-0.37232509,0.22842909,Bajo,Presencial,0.0,NO,SIN_IMPUTACION,OK,SIN_IMPUTACION,OK
25799,25799,25,CUNDINAMARCA,TENJO,Municipio,-74.143724,4.872014,,115818864.43584555,28,70,3.78,0.0000,10.4,0.0,,0,0.0,0.0,No es PDET O ZOMAC,No es PDET O ZOMAC,0.0,114.6901114,50.25,0.2405734485467399,0.0,0.0,0.0,0.0638256087981146,50.25,0.0,0.00864378,0.21362894,-0.60931468,-0.43744925,-0.49816259,-0.27023851,0.2528967,Bajo,Presencial,1.51,NO,SIN_IMPUTACION,OK,SIN_IMPUTACION,OK
25805,25805,25,CUNDINAMARCA,TIBACUY,Municipio,-74.452662,4.348605,,85799754.86294289,0,0,0.0,0.0000,27.4,10.91941472,,0,0.0,0.0,No es PDET O ZOMAC,No es PDET O ZOMAC,0.0,132.3909394,38.44,0.1268069997463859,0.0,0.0253613999492771,0.0,0.0,38.44,0.0,0.00749676,-0.49440589,-0.60931468,-0.43744925,-0.5012546,-0.51851451,0.19339113,Bajo,Presencial,0.0,NO,SIN_IMPUTACION,OK,SIN_IMPUTACION,OK
25807,25807,25,CUNDINAMARCA,TIBIRITA,Municipio,-73.504514,5.052278,,57367524.97717776,10,14,1.53,0.0000,"52,3",0.0,,0,0.0,0.0,No es PDET O ZOMAC,No es PDET O ZOMAC,0.0,116.7,29.07,0.0,0.0,0.0,0.0,0.0,29.07,0.0,0.00849618,-1.0561575,-0.60931468,-0.43744925,-0.49856049,-0.71472345,0.14636473,Bajo,Presencial,1.09,NO,SIN_IMPUTACION,OK,SIN_IMPUTACION,OK
25815,25815,25,CUNDINAMARCA,TOCAIMA,Municipio,-74.636296,4.459279,,248946824.49921763,49,73,1.83,0.0000,24.4,5.295207837,,0,0.0,0.0,No es PDET O ZOMAC,No es PDET O ZOMAC,0.0,148.2025251,49.57,0.1636296020825585,0.0,0.0,0.0,0.0223131275567125,49.57,0.0,0.0067023,0.17286149,-0.60931468,-0.43744925,-0.50339622,-0.28529217,0.24928872,Bajo,Presencial,1.23,NO,SIN_IMPUTACION,OK,SIN_IMPUTACION,OK
25817,25817,25,CUNDINAMARCA,TOCANCIPÁ,Municipio,-73.91207,4.964641,,74283058.36650823,16,29,2.44,0.0000,10.1,4.139244174,,0,0.0,0.0,No es PDET O ZOMAC,No es PDET O ZOMAC,0.0,106.0938142,64.66,0.4598927763803135,0.0177859084787966,0.0025408440683995,0.005081688136799,1.3949233935513377,64.66,0.0,0.00933761,1.07753936,-0.60931468,-0.43744925,-0.49629225,0.03241069,0.32543418,Medio,Presencial con precaución,1.35,NO,SIN_IMPUTACION,OK,SIN_IMPUTACION,OK
25823,25823,25,CUNDINAMARCA,TOPAIPÍ,Municipio,-74.300626,5.336224,,145931806.30016246,3,3,0.13,0.0000,"47,1",0.0,,0,1.0,0.0,No,No,0.0,56.84,23.55,0.2838489923360772,0.0,0.0,0.0,0.0283848992336077,23.55,0.0,0.01728907,-1.38709334,-0.60931468,-0.43744925,-0.47485757,-0.82699556,0.11945591,Bajo,Presencial,0.13,NO,SIN_IMPUTACION,OK,SIN_IMPUTACION,OK
25839,25839,25,CUNDINAMARCA,UBALÁ,Municipio,-73.531489,4.74762,,529503495.3268549,33,36,0.42,0.0000,47,11.10617503,,0,0.0,0.0,No es PDET O ZOMAC,No es PDET O ZOMAC,0.0,153.3652727,30.73,0.3887808941960566,0.0,0.0,0.0,0.0694251596778672,30.73,0.0,0.00647814,-0.95663694,-0.60931468,-0.43744925,-0.50400048,-0.68070725,0.15451757,Bajo,Presencial,0.39,NO,SIN_IMPUTACION,OK,SIN_IMPUTACION,OK
25841,25841,25,CUNDINAMARCA,UBAQUE,Municipio,-73.933477,4.483788,,108471229.58594972,81,92,5.3,0.0000,34.1,10.1711662,,0,0.0,0.0,No es PDET O ZOMAC,No es PDET O ZOMAC,0.0,139.206286,35.34,0.1564945226917058,0.0,0.0,0.0,0.0156494522691705,35.34,0.0,0.00713235,-0.68025755,-0.60931468,-0.43744925,-0.50223694,-0.58370994,0.17776541,Bajo,Presencial,4.67,NO,SIN_IMPUTACION,OK,SIN_IMPUTACION,OK
25843,25843,25,CUNDINAMARCA,VILLA DE SAN DIEGO DE UBATÉ,Municipio,-73.814367,5.307463,,103843661.63318324,86,106,6.38,0.0000,14.2,3.830096901,,0,0.0,0.0,No es PDET O ZOMAC,No es PDET O ZOMAC,0.0,77.62588368,51.85,0.2845129289724802,0.0050356270614598,0.0,0.0100712541229196,0.0730165923911675,51.85,0.0,0.01271846,0.30955238,-0.60931468,-0.43744925,-0.48717853,-0.2350177,0.26133825,Bajo,Presencial,5.18,NO,SIN_IMPUTACION,OK,SIN_IMPUTACION,OK
25845,25845,25,CUNDINAMARCA,UNE,Municipio,-74.025183,4.40245,,211713167.14782867,127,158,4.66,0.0000,"29,6",12.00480192,,0,0.0,0.0,No es PDET O ZOMAC,No es PDET O ZOMAC,0.0,117.7,52.24,0.0869439211708448,0.0,0.0,0.0,0.0869439211708448,52.24,0.0,0.0084246,0.33293371,-0.60931468,-0.43744925,-0.49875344,-0.22857047,0.26288349,Bajo,Presencial,3.75,NO,SIN_IMPUTACION,OK,SIN_IMPUTACION,OK
25851,25851,25,CUNDINAMARCA,ÚTICA,Municipio,-74.483154,5.19055,,93455810.43314733,2,5,0.33,0.0000,"35,5",0.0,,0,0.0,0.0,No es PDET O ZOMAC,No es PDET O ZOMAC,0.0,77.98,30.47,0.2985817367504354,0.0,0.0,0.0,0.0,30.47,0.0,0.01266143,-0.97222449,-0.60931468,-0.43744925,-0.48733225,-0.68366266,0.15380923,Bajo,Presencial,0.13,NO,SIN_IMPUTACION,OK,SIN_IMPUTACION,OK
25862,25862,25,CUNDINAMARCA,VERGARA,Municipio,-74.346163,5.117258,,146781780.36993617,2,2,0.09,0.0000,50,12.42236025,,0,0.0,0.0,No es PDET O ZOMAC,No es PDET O ZOMAC,0.0,81.7171495,45.62,0.0,0.0165672630881378,0.0,0.0,0.0165672630881378,45.62,0.0,0.01208939,-0.06394949,-0.60931468,-0.43744925,-0.4888743,-0.36599772,0.22994561,Bajo,Presencial,0.09,NO,SIN_IMPUTACION,OK,SIN_IMPUTACION,OK
25867,25867,25,CUNDINAMARCA,VIANÍ,Municipio,-74.56132,4.875208,,68053857.7329948,225,294,27.0,0.0000,"31,6",0.0,,0,0.0,0.0,No es PDET O ZOMAC,No es PDET O ZOMAC,0.0,105.5,25.7,0.1839201261166579,0.0,0.0,0.0,0.3152916447714136,25.7,0.0,0.00938967,-1.25819623,-0.60931468,-0.43744925,-0.4961519,-0.78507572,0.12950305,Bajo,Presencial,20.66,SI,SIN_IMPUTACION,OK,SIN_IMPUTACION,OK
25871,25871,25,CUNDINAMARCA,VILLAGÓMEZ,Municipio,-74.195145,5.273024,,63925347.66647629,1,2,0.2,0.0000,"38,2",0.0,,0,0.0,0.0,No es PDET O ZOMAC,No es PDET O ZOMAC,0.0,66.66,11.48,0.3539823008849557,0.1179941002949852,0.0,0.0,0.0,11.48,0.0,0.01477978,-2.11071574,-0.60931468,-0.43744925,-0.48162184,-1.08127804,0.05851073,Bajo,Presencial,0.1,NO,SIN_IMPUTACION,OK,SIN_IMPUTACION,OK
25873,25873,25,CUNDINAMARCA,VILLAPINZÓN,Municipio,-73.595704,5.216393,,229546914.3423672,425,453,12.33,0.0000,31.4,0.0,,0,0.0,0.0,No es PDET O ZOMAC,No es PDET O ZOMAC,0.0,99.6553611,36.33,0.0758821297584418,0.0,0.0,0.0,0.0379410648792209,36.33,0.0,0.00993489,-0.62090492,-0.60931468,-0.43744925,-0.49468216,-0.5618033,0.18301589,Bajo,Presencial,11.57,NO,SIN_IMPUTACION,OK,SIN_IMPUTACION,OK
25875,25875,25,CUNDINAMARCA,VILLETA,Municipio,-74.469686,5.012754,,142905574.09342566,125,158,6.91,0.0000,18.7,12.2492727,,0,0.0,0.0,No es PDET O ZOMAC,No es PDET O ZOMAC,0.0,96.86802064,61.94,0.218161985274066,0.0,0.0116872492111106,0.0,0.0818107444777747,61.94,0.0,0.01021784,0.91446953,-0.60931468,-0.43744925,-0.49391941,-0.02430783,0.31184016,Medio,Presencial con precaución,5.47,NO,SIN_IMPUTACION,OK,SIN_IMPUTACION,OK
25878,25878,25,CUNDINAMARCA,VIOTÁ,Municipio,-74.523131,4.43935,,203879859.06247213,0,0,0.0,0.0000,36.3,6.353643815,,0,1.0,0.0,No,No,0.0,143.8748389,72.32,0.0797575370872547,0.0,0.0079757537087254,0.0,0.1435635667570585,72.32,0.0,0.00690251,1.5367728,-0.60931468,-0.43744925,-0.50285652,0.19215775,0.36372157,Medio,Presencial con precaución,0.0,NO,SIN_IMPUTACION,OK,SIN_IMPUTACION,OK
25885,25885,25,CUNDINAMARCA,YACOPÍ,Municipio,-74.33806,5.459272,,972319099.0659524,16,24,0.15,0.0000,55.5,,,0,0.0,0.0,No es PDET O ZOMAC,No es PDET O ZOMAC,0.0,32.10392436,34.29,0.3031138054560485,0.0367410673280058,0.0,0.0,0.1653348029760264,34.29,0.0,0.0302079,-0.7432073,-0.60931468,-0.43744925,-0.44003244,-0.59641167,0.17472112,Bajo,Presencial,0.1,NO,SIN_IMPUTACION,OK,SIN_IMPUTACION,OK
25898,25898,25,CUNDINAMARCA,ZIPACÓN,Municipio,-74.379566,4.759932,,55007406.67884314,19,22,2.5,0.0000,20.5,0.0,,0,0.0,0.0,No es PDET O ZOMAC,No es PDET O ZOMAC,0.0,123.898157,46.94,0.0474946568511042,0.0,0.0,0.0,0.0712419852766563,46.94,0.0,0.00800652,0.01518734,-0.60931468,-0.43744925,-0.49988044,-0.33995075,0.23618842,Bajo,Presencial,2.16,NO,SIN_IMPUTACION,OK,SIN_IMPUTACION,OK
25899,25899,25,CUNDINAMARCA,ZIPAQUIRÁ,Municipio,-73.994444,5.025477,,197642068.43954945,67,74,2.34,0.0000,10.3,6.848078491,,0,0.0,0.0,No es PDET O ZOMAC,No es PDET O ZOMAC,0.0,94.71897966,58.82,0.1783388127287389,0.0015507722845977,0.0007753861422988,0.0,0.0705601389491967,58.82,0.0,0.01044725,0.72741883,-0.60931468,-0.43744925,-0.493301,-0.08968281,0.29617141,Medio,Presencial con precaución,2.12,NO,SIN_IMPUTACION,OK,SIN_IMPUTACION,OK
27001,27001,27,CHOCÓ,QUIBDÓ,Municipio,-76.638144,5.682166,,3561172405.044059,93,117,0.21,0.0000,44.4,92.66302469,,0,1.0,0.0,ZOMAC-NO 170,ZOMAC-NO 52,26.05229251,0.0,70.82,91.74596797817226,0.039336798319398,0.0008369531557318,0.0150651568031737,3.966321005013349,70.82,3.29777175,1.0,1.44684458,-0.60931468,2.06221752,2.17422517,1.06217848,0.57224387,Alto,Remota,0.16,NO,SIN_IMPUTACION,OK,SIN_IMPUTACION,OK
27006,27006,27,CHOCÓ,ACANDÍ,Municipio,-77.279951,8.512178,,817895604.1372683,19,30,0.23,0.0000,51.4,18.90597429,EGC,1,1.0,1.0,ZOMAC-170,ZOMAC-NO 52,5.789398335,0.0,38.86,86.98635799917321,0.0165357585779247,0.0082678792889623,0.0165357585779247,0.975609756097561,38.86,1.91536233,1.0,-0.46922599,0.82391607,1.01436971,2.17422517,0.61195344,0.46433614,Alto,Remota,0.15,NO,SIN_IMPUTACION,OK,SIN_IMPUTACION,OK
27025,27025,27,CHOCÓ,ALTO BAUDÓ,Municipio,-76.974373,5.516221,,2078378056.2170725,6,11,0.03,0.0000,90.6,3.198260146,"EGC, ELN",2,0.0,0.0,No es PDET O ZOMAC,No es PDET O ZOMAC,26.05229251,0.0,14.97,32.474743257911,0.0125240043416548,0.0041746681138849,0.0375720130249645,54.84678968022042,14.97,3.29777175,1.0,-1.90148275,2.25714682,2.06221752,2.17422517,0.75020236,0.49747096,Alto,Remota,0.02,NO,SIN_IMPUTACION,OK,SIN_IMPUTACION,OK
27050,27050,27,CHOCÓ,ATRATO,Municipio,-76.635674,5.531419,,427545427.3456093,0,0,0.0,0.0000,61.5,14.61774594,,0,0.0,0.0,No es PDET O ZOMAC,No es PDET O ZOMAC,5.789398335,0.0,89.85,96.5416818347288,0.0,0.0,0.0,0.6552602839461231,89.85,1.91536233,1.0,2.58773391,-0.60931468,1.01436971,2.17422517,1.25192018,0.61772023,Alto,Remota,0.0,NO,SIN_IMPUTACION,OK,SIN_IMPUTACION,OK
27073,27073,27,CHOCÓ,BAGADÓ,Municipio,-76.416063,5.409681,,819219658.1316096,17,24,0.18,0.0000,"81,0",8.443806468,,0,1.0,0.0,No,No,0.0,34.79,17.51,34.663128968065955,0.0094759783947692,0.0,0.0094759783947692,58.62787832843741,17.51,0.0,0.02794077,-1.7492043,-0.60931468,-0.43744925,-0.44614393,-0.94942735,0.09011206,Bajo,Presencial,0.13,NO,SIN_IMPUTACION,OK,SIN_IMPUTACION,OK
27075,27075,27,CHOCÓ,BAHÍA SOLANO,Municipio,-77.401359,6.222807,,909186010.263474,5,5,0.03,0.0000,46.6,8.713078331,"EGC, ELN",2,0.0,0.0,No es PDET O ZOMAC,No es PDET O ZOMAC,0.0,68.20763339,70.17,83.47016967706622,0.0,0.0,0.0109469074986316,13.223864258347016,70.17,0.0,0.01444927,1.40787568,2.25714682,-0.43744925,-0.48251279,1.01003376,0.55974608,Alto,Remota,0.03,NO,SIN_IMPUTACION,OK,SIN_IMPUTACION,OK
27077,27077,27,CHOCÓ,BAJO BAUDÓ,Municipio,-77.365717,4.954576,,3518778464.140839,2,3,0.01,0.0000,80.4,5.894488653,,0,1.0,0.0,No,No,26.05229251,0.0,38.0,53.823640995068025,0.0,0.0,0.0,40.696981193431256,38.0,3.29777175,1.0,-0.52078484,-0.60931468,2.06221752,2.17422517,0.37350818,0.40718675,Alto,Remota,0.0,NO,SIN_IMPUTACION,OK,SIN_IMPUTACION,OK
27099,27099,27,CHOCÓ,BOJAYÁ,Municipio,-76.886773,6.559708,,3691365234.7445536,20,22,0.04,0.0000,77.1,0.0,"EGC, ELN",2,1.0,1.0,ZOMAC-170,ZOMAC-NO 52,0.0,33.75993559,27.8,46.10226320201173,0.0,0.0,0.016764459346186,33.981559094719195,27.8,0.0,0.02876875,-1.13229672,2.25714682,-0.43744925,-0.44391193,0.12676355,0.34804821,Medio,Presencial con precaución,0.03,NO,SIN_IMPUTACION,OK,SIN_IMPUTACION,OK
27135,27135,27,CHOCÓ,EL CANTÓN DEL SAN PABLO,Municipio,-76.726844,5.335321,,385534229.1202511,0,0,0.0,0.0000,60.2,0.0,,0,0.0,0.0,No es PDET O ZOMAC,No es PDET O ZOMAC,19.02230882,0.0,32.05,87.50883392226149,0.0,0.0,0.1060070671378091,3.551236749116608,32.05,2.99684709,1.0,-0.8775001,-0.60931468,1.83412066,2.17422517,0.20303847,0.36632941,Medio,Presencial con precaución,0.0,NO,SIN_IMPUTACION,OK,SIN_IMPUTACION,OK
27150,27150,27,CHOCÓ,CARMEN DEL DARIÉN,Municipio,-76.970798,7.158294,*,3241965061.909306,19,20,0.04,0.0000,77.8,4.513857543,ELN,1,1.0,1.0,ZOMAC-170,ZVTN-52,51.27752811,0.0,11.24,69.74296392342309,0.0457630996872854,0.0,0.0152543665624284,17.38235069788727,11.24,3.95656661,1.0,-2.12510425,0.82391607,2.56157519,2.17422517,0.34183715,0.39959599,Alto,Remota,0.04,NO,SIN_IMPUTACION,OK,SIN_IMPUTACION,OK
27160,27160,27,CHOCÓ,CÉRTEGUI,Municipio,-76.607619,5.371373,,429169172.0278067,0,0,0.0,0.0000,55.9,0.0,ELN,1,0.0,0.0,No es PDET O ZOMAC,No es PDET O ZOMAC,0.0,11.62016439,24.44,85.50074738415545,0.0427076660260516,0.0213538330130258,0.0640614990390775,8.989963698483878,24.44,0.0,0.07923827,-1.33373593,0.82391607,-0.43744925,-0.30786182,-0.35330188,0.23298848,Bajo,Presencial,0.0,NO,SIN_IMPUTACION,OK,SIN_IMPUTACION,OK
27205,27205,27,CHOCÓ,CONDOTO,Municipio,-76.650683,5.091003,,473664270.0494129,0,0,0.0,0.0000,53.2,21.5393452,"EGC, ELN",2,1.0,1.0,ZOMAC-170,ZOMAC-NO 52,13.23291048,0.0,62.77,93.86854153041205,0.1798561151079137,0.0,0.0245258338783518,0.5722694571615435,62.77,2.65555692,1.0,0.96422981,2.25714682,1.57542729,2.17422517,1.65584371,0.71453064,Alto,Remota,0.0,NO,SIN_IMPUTACION,OK,SIN_IMPUTACION,OK
27245,27245,27,CHOCÓ,EL CARMEN DE ATRATO,Municipio,-76.142112,5.899789,,843171221.0431428,48,74,0.55,0.0000,54.0,0.0,EGC,1,1.0,0.0,No,No,0.0,44.98136771,100.0,3.912382881742213,0.0,0.0,0.0126614332742466,27.07014434033933,100.0,0.0,0.02174794,3.19624818,0.82391607,-0.43744925,-0.46283786,1.20894616,0.60742042,Alto,Remota,0.36,NO,SIN_IMPUTACION,OK,SIN_IMPUTACION,OK
27250,27250,27,CHOCÓ,EL LITORAL DEL SAN JUAN,Municipio,-77.363702,4.259564,,4174796958.629135,0,0,0.0,0.0000,83.1,3.936542928,"EGC, ELN",2,1.0,1.0,ZOMAC-170,ZOMAC-NO 52,26.05229251,0.0,25.56,36.77346921150358,0.0,0.0,0.0259089731410311,54.417479920545816,25.56,3.29777175,1.0,-1.26658953,2.25714682,2.06221752,2.17422517,0.97241499,0.5507298,Alto,Remota,0.0,NO,SIN_IMPUTACION,OK,SIN_IMPUTACION,OK
27361,27361,27,CHOCÓ,ISTMINA,Municipio,-76.68518,5.153946,,1900988590.2061567,0,0,0.0,0.0000,55.1,44.36032413,,0,1.0,1.0,ZOMAC-170,ZOMAC-NO 52,31.84169085,0.0,57.06,91.53899594135068,0.080441698051117,0.0,0.0182822041025265,3.897765914658671,57.06,3.49169877,1.0,0.62190306,-0.60931468,2.2092116,2.17422517,0.80284776,0.51008875,Alto,Remota,0.0,NO,SIN_IMPUTACION,OK,SIN_IMPUTACION,OK
27372,27372,27,CHOCÓ,JURADÓ,Municipio,-77.762751,7.103619,,1274906872.5125074,3,3,0.01,0.0000,71.8,26.54280027,EGC,1,0.0,0.0,No es PDET O ZOMAC,No es PDET O ZOMAC,0.0,39.85728253,25.23,42.57546251217138,0.0243427458617332,0.0,0.0243427458617332,44.1333982473223,25.23,0.0,0.02447544,-1.28637374,0.82391607,-0.43744925,-0.45548536,-0.35886864,0.23165427,Bajo,Presencial,0.01,NO,SIN_IMPUTACION,OK,SIN_IMPUTACION,OK
27413,27413,27,CHOCÓ,LLORÓ,Municipio,-76.545147,5.49789,,855209378.5076374,1,1,0.01,0.0000,74.4,65.96927717,,0,0.0,0.0,No es PDET O ZOMAC,No es PDET O ZOMAC,5.789398335,0.0,45.18,58.75896057347671,0.0224014336917562,0.0,0.0112007168458781,20.833333333333336,45.18,1.91536233,1.0,-0.09032843,-0.60931468,1.01436971,2.17422517,0.31459836,0.39306753,Medio,Presencial con precaución,0.01,NO,SIN_IMPUTACION,OK,SIN_IMPUTACION,OK
27425,27425,27,CHOCÓ,MEDIO ATRATO,Municipio,-76.783042,5.994935,,1841490644.5568144,6,10,0.03,0.0000,76.6,7.755545215,,0,1.0,1.0,ZOMAC-170,ZOMAC-NO 52,0.0,35.65641107,11.45,69.89151873767258,0.009861932938856,0.0,0.0690335305719921,11.646942800788954,11.45,0.0,0.02728036,-2.1125143,-0.60931468,-0.43744925,-0.44792418,-1.07685289,0.05957133,Bajo,Presencial,0.02,NO,SIN_IMPUTACION,OK,SIN_IMPUTACION,OK
27430,27430,27,CHOCÓ,MEDIO BAUDÓ,Municipio,-76.950891,5.192471,,1388585457.5353549,0,0,0.0,0.0000,80.2,0.0,"EGC, ELN",2,0.0,0.0,No es PDET O ZOMAC,No es PDET O ZOMAC,26.05229251,0.0,26.94,64.35968114430455,0.0,0.0,0.0521492959845042,25.448856440438057,26.94,3.29777175,1.0,-1.18385557,2.25714682,2.06221752,2.17422517,1.00137188,0.55767004,Alto,Remota,0.0,NO,SIN_IMPUTACION,OK,SIN_IMPUTACION,OK
27450,27450,27,CHOCÓ,MEDIO SAN JUAN,Municipio,-76.694409,5.098291,,668155628.549013,0,0,0.0,0.0000,69.7,8.500510031,"EGC, ELN",2,1.0,1.0,ZOMAC-170,ZOMAC-NO 52,38.45814609,0.0,45.83,77.3947630096122,0.0110485029278532,0.0220970058557065,0.1104850292785327,14.440393326704232,45.83,3.67524052,1.0,-0.05135954,2.25714682,2.34833378,2.17422517,1.45496874,0.66638591,Alto,Remota,0.0,NO,SIN_IMPUTACION,OK,SIN_IMPUTACION,OK
27491,27491,27,CHOCÓ,NÓVITA,Municipio,-76.609467,4.956063,,955578327.5423524,10,13,0.09,0.0000,60.1,28.89060092,ELN,1,1.0,1.0,ZOMAC-170,ZOMAC-NO 52,55.41281264,0.0,43.16,90.7765801077903,0.012248897599216,0.0,0.0367466927976482,3.270455658990691,43.16,4.03269631,1.0,-0.21143177,0.82391607,2.61928048,2.17422517,1.02316357,0.56289297,Alto,Remota,0.07,NO,SIN_IMPUTACION,OK,SIN_IMPUTACION,OK
27495,27495,27,CHOCÓ,NUQUÍ,Municipio,-77.265507,5.709812,,713533702.2600561,5,7,0.06,0.0000,72.9,,EGC,1,0.0,0.0,No es PDET O ZOMAC,No es PDET O ZOMAC,0.0,26.38673036,32.08,46.96180555555556,0.0,0.0,0.1157407407407407,44.35763888888889,32.08,0.0,0.03651403,-0.87570154,0.82391607,-0.43744925,-0.42303307,-0.21026553,0.26727073,Bajo,Presencial,0.04,NO,SIN_IMPUTACION,OK,SIN_IMPUTACION,OK
27580,27580,27,CHOCÓ,RÍO IRÓ,Municipio,-76.472925,5.1863,,329364294.6744253,3,4,0.08,0.0000,75.1,50.97706032,,0,0.0,0.0,No es PDET O ZOMAC,No es PDET O ZOMAC,34.73639001,0.0,41.22,88.81767955801105,0.0441988950276243,0.0,0.0,8.066298342541437,41.22,3.5761695,1.0,-0.32773893,-0.60931468,2.27323928,2.17422517,0.4832786,0.43349599,Alto,Remota,0.06,NO,SIN_IMPUTACION,OK,SIN_IMPUTACION,OK
27600,27600,27,CHOCÓ,RÍO QUITO,Municipio,-76.740684,5.483667,,708652320.5347432,0,0,0.0,0.0000,66.8,10.91941472,,0,0.0,0.0,No es PDET O ZOMAC,No es PDET O ZOMAC,5.789398335,0.0,23.8,79.49586155003763,0.0125407574617506,0.0,0.0125407574617506,8.301981439678958,23.8,1.91536233,1.0,-1.3721053,-0.60931468,1.01436971,2.17422517,-0.13402354,0.28554404,Medio,Presencial con precaución,0.0,NO,SIN_IMPUTACION,OK,SIN_IMPUTACION,OK
27615,27615,27,CHOCÓ,RIOSUCIO,Municipio,-77.113156,7.436704,*,7762410344.756096,10,17,0.01,0.0000,70.9,1.577710112,"EGC, ELN",2,1.0,1.0,ZOMAC-170,ZVTN-52,64.09691014,0.0,34.42,76.01928978518194,0.0062629172668629,0.0,0.0313145863343145,6.94975052712887,34.42,4.17587708,1.0,-0.73541352,2.25714682,2.72780959,2.17422517,1.29144501,0.62719334,Alto,Remota,0.01,NO,SIN_IMPUTACION,OK,SIN_IMPUTACION,OK
27660,27660,27,CHOCÓ,SAN JOSÉ DEL PALMAR,Municipio,-76.234227,4.896954,,1602335234.817967,23,32,0.12,0.0000,59.1,105.3185887,"EGC, ELN",2,1.0,0.0,No,No,64.09691014,0.0,35.95,23.10951069688625,0.0,0.0,0.0211819529760643,10.27324719339123,35.95,4.17587708,1.0,-0.64368674,2.25714682,2.72780959,2.17422517,1.32354938,0.63488796,Alto,Remota,0.09,NO,SIN_IMPUTACION,OK,SIN_IMPUTACION,OK
27745,27745,27,CHOCÓ,SIPÍ,Municipio,-76.643453,4.65262,,1598501707.794233,4,5,0.02,0.0000,"69,7",0.0,EGC,1,1.0,1.0,ZOMAC-170,ZOMAC-NO 52,34.74,0.0,48.05,81.03323699421965,0.0,0.0,0.2167630057803468,15.498554913294798,48.05,3.57627051,1.0,0.08173422,0.82391607,2.27331584,2.17422517,1.05657874,0.57090175,Alto,Remota,0.02,NO,SIN_IMPUTACION,OK,SIN_IMPUTACION,OK
27787,27787,27,CHOCÓ,TADÓ,Municipio,-76.558571,5.264873,,724555322.7742475,5,12,0.1,0.0000,59.9,64.5033244,"EGC, ELN",2,1.0,0.0,ZOMAC-NO 170,ZOMAC-NO 52,5.789398335,0.0,54.9,83.62938920035408,0.0295072292711714,0.1711419297727943,0.0354086751254057,5.866037179108882,54.9,1.91536233,1.0,0.49240642,2.25714682,1.01436971,2.17422517,1.37849401,0.64805682,Alto,Remota,0.04,NO,SIN_IMPUTACION,OK,SIN_IMPUTACION,OK
27800,27800,27,CHOCÓ,UNGUÍA,Municipio,-77.092538,8.04406,,1219036035.8385189,250,264,1.35,0.0000,63.4,54.97903924,EGC,1,1.0,1.0,ZOMAC-170,ZOMAC-NO 52,51.27752811,0.0,33.4,76.20570866141733,0.0574146981627296,0.0082020997375328,0.041010498687664,8.70242782152231,33.4,3.95656661,1.0,-0.79656471,0.82391607,2.56157519,2.17422517,0.80682599,0.51104224,Alto,Remota,1.28,NO,SIN_IMPUTACION,OK,SIN_IMPUTACION,OK
27810,27810,27,CHOCÓ,UNIÓN PANAMERICANA,Municipio,-76.630143,5.281108,,180107305.82278672,0,0,0.0,0.0000,57.4,0.0,EGC,1,0.0,0.0,No es PDET O ZOMAC,No es PDET O ZOMAC,5.789398335,0.0,53.24,88.41746670795912,0.0154846701765252,0.0,0.0154846701765252,3.081449365128523,53.24,1.91536233,1.0,0.39288586,0.82391607,1.01436971,2.17422517,0.91369259,0.5366555,Alto,Remota,0.0,NO,SIN_IMPUTACION,OK,SIN_IMPUTACION,OK
41001,41001,41,HUILA,NEIVA,Municipio,-75.277327,2.935432,,1281269913.1863596,414,492,2.4,0.0194,17.6,20.0394543,"EMBF, EMC",2,0.0,0.0,No es PDET O ZOMAC,No es PDET O ZOMAC,0.0,101.6270789,67.54,0.6262168459353356,0.0067026267913568,0.0022342089304522,0.0035108997478535,0.3245986403242795,67.54,0.0,0.00974402,1.25020154,2.25714682,-0.43744925,-0.4951967,0.95294523,0.54606338,Alto,Remota,2.02,NO,SIN_IMPUTACION,OK,SIN_IMPUTACION,OK
41006,41006,41,HUILA,ACEVEDO,Municipio,-75.888706,1.805173,,544023154.4288033,471,526,6.04,0.0000,51,51.58817894,SM,1,1.0,0.0,No,No,0.0,23.94416653,75.97,0.4193469587167169,0.0122139890888364,0.0081426593925576,0.0,0.9689764677143556,75.97,0.0,0.04008953,1.75559813,0.82391607,-0.43744925,-0.41339463,0.71213512,0.48834719,Alto,Remota,5.41,NO,SIN_IMPUTACION,OK,SIN_IMPUTACION,OK
41013,41013,41,HUILA,AGRADO,Municipio,-75.772022,2.25987,,275776772.3003698,258,291,6.6,0.0000,50,31.60889264,,0,0.0,0.0,No es PDET O ZOMAC,No es PDET O ZOMAC,0.0,62.60704795,50.17,0.1748659361156447,0.0,0.0116577290743763,0.0116577290743763,0.2914432268594077,50.17,0.0,0.01572153,0.20883277,-0.60931468,-0.43744925,-0.47908319,-0.26905526,0.2531803,Bajo,Presencial,5.85,NO,SIN_IMPUTACION,OK,SIN_IMPUTACION,OK
41016,41016,41,HUILA,AIPE,Municipio,-75.239017,3.223996,,803160941.3939195,28,51,0.4,0.0000,35.4,0.0,EMBF,1,0.0,0.0,No es PDET O ZOMAC,No es PDET O ZOMAC,0.0,89.67834848,64.46,0.1640016400164001,0.0136668033347,0.0,0.0,0.04783381167145,64.46,0.0,0.01102799,1.06554893,0.82391607,-0.43744925,-0.4917355,0.45886677,0.42764508,Alto,Remota,0.22,NO,SIN_IMPUTACION,OK,SIN_IMPUTACION,OK
41020,41020,41,HUILA,ALGECIRAS,Municipio,-75.315389,2.521674,,594509921.2782937,233,249,2.62,4.6303,45.2,73.98881947,"EMBF, EMC",2,1.0,1.0,ZOMAC-170,ZOMAC-NO 52,0.0,53.13485929,80.18,0.1149138146390207,0.0,0.0049962528103922,0.0,0.0649512865350986,80.18,0.0,0.01847239,2.00799666,2.25714682,-0.43744925,-0.47166773,1.22170287,0.61047789,Alto,Remota,2.45,NO,SIN_IMPUTACION,OK,SIN_IMPUTACION,OK
41026,41026,41,HUILA,ALTAMIRA,Municipio,-75.788471,2.063841,,182272421.63500568,288,289,9.91,0.0000,30.4,0.0,,0,0.0,0.0,No es PDET O ZOMAC,No es PDET O ZOMAC,0.0,46.76290601,53.49,0.1574803149606299,0.0,0.0,0.0,0.0787401574803149,53.49,0.0,0.02093675,0.4078739,-0.60931468,-0.43744925,-0.46502457,-0.19728208,0.27038254,Bajo,Presencial,9.88,NO,SIN_IMPUTACION,OK,SIN_IMPUTACION,OK
41078,41078,41,HUILA,BARAYA,Municipio,-75.054843,3.152204,,793453244.5780187,659,707,5.57,0.0000,49.4,22.29902999,EMBF,1,1.0,0.0,No,No,0.0,107.4520607,50.53,0.2970142254181648,0.0,0.0156323276535876,0.0,0.0156323276535876,50.53,0.0,0.00922066,0.23041554,0.82391607,-0.43744925,-0.49660749,0.16583929,0.35741369,Medio,Presencial con precaución,5.19,NO,SIN_IMPUTACION,OK,SIN_IMPUTACION,OK
41132,41132,41,HUILA,CAMPOALEGRE,Municipio,-75.325748,2.686767,,466685637.2145968,193,213,2.85,0.0000,31.1,35.81234332,,0,0.0,0.0,No es PDET O ZOMAC,No es PDET O ZOMAC,0.0,71.29815607,67.81,0.2027790705405225,0.0,0.0033242470580413,0.0,0.3025064822817632,67.81,0.0,0.01383161,1.26638862,-0.60931468,-0.43744925,-0.48417782,0.10032509,0.34171157,Medio,Presencial con precaución,2.58,NO,SIN_IMPUTACION,OK,SIN_IMPUTACION,OK
41206,41206,41,HUILA,COLOMBIA,Municipio,-74.802815,3.376745,,1601215384.8678887,3539,3735,14.58,520.5294,61.7,25.67723713,EMBF,1,1.0,0.0,No,No,0.0,81.1577704,51.94,0.0717875089734386,0.0287150035893754,0.0,0.0,0.0143575017946877,51.94,0.0,0.0121717,0.31494807,0.82391607,-0.43744925,-0.48865241,0.19661893,0.3647908,Medio,Presencial con precaución,13.81,NO,SIN_IMPUTACION,OK,SIN_IMPUTACION,OK
41244,41244,41,HUILA,ELÍAS,Municipio,-75.938301,2.012854,,80994769.033506,123,124,9.57,0.0000,32.3,,,0,0.0,0.0,No es PDET O ZOMAC,No es PDET O ZOMAC,0.0,54.23619479,39.76,0.2678810608090007,0.0,0.0,0.0,0.0535762121618001,39.76,0.0,0.01810407,-0.41526906,-0.60931468,-0.43744925,-0.47266059,-0.48652751,0.20105762,Bajo,Presencial,9.49,NO,SIN_IMPUTACION,OK,SIN_IMPUTACION,OK
41298,41298,41,HUILA,GARZÓN,Municipio,-75.627057,2.196493,,611057979.8720326,108,138,1.41,0.0000,32,22.86411097,EMBF,1,0.0,0.0,No es PDET O ZOMAC,No es PDET O ZOMAC,0.0,45.09193206,62.58,0.3934536658552642,0.0,0.0061237924646733,0.0015309481161683,0.0642998208790704,62.58,0.0,0.02169577,0.9528389,0.82391607,-0.43744925,-0.46297849,0.42373181,0.4192241,Alto,Remota,1.1,NO,SIN_IMPUTACION,OK,SIN_IMPUTACION,OK
41306,41306,41,HUILA,GIGANTE,Municipio,-75.547681,2.384031,,507634023.6276858,572,620,7.63,0.0000,36.9,30.05710851,EMBF,1,0.0,0.0,No es PDET O ZOMAC,No es PDET O ZOMAC,0.0,56.77677879,69.71,0.3492175758111572,0.0044204756431792,0.0,0.0,0.1016709397931217,69.71,0.0,0.01730799,1.3802977,0.82391607,-0.43744925,-0.47480658,0.57156818,0.4546568,Alto,Remota,7.04,NO,SIN_IMPUTACION,OK,SIN_IMPUTACION,OK
41319,41319,41,HUILA,GUADALUPE,Municipio,-75.757185,2.02426,,251385174.29934895,319,364,9.05,0.0000,43.2,35.88271478,EMBF,1,0.0,0.0,No es PDET O ZOMAC,No es PDET O ZOMAC,0.0,33.58636809,53.09,0.1637795275590551,0.0,0.0,0.0,0.1322834645669291,53.09,0.0,0.02891313,0.38389304,0.82391607,-0.43744925,-0.44352275,0.22751912,0.37219681,Medio,Presencial con precaución,7.93,NO,SIN_IMPUTACION,OK,SIN_IMPUTACION,OK
41349,41349,41,HUILA,HOBO,Municipio,-75.447697,2.580812,,195809994.54004464,581,629,20.08,0.0000,38.8,114.7812779,,0,1.0,0.0,No,No,0.0,65.53492467,55.35,0.3440023930601256,0.0747831289261142,0.0,0.0,0.2542626383487885,55.35,0.0,0.0150297,0.51938489,-0.60931468,-0.43744925,-0.48094814,-0.16064176,0.27916431,Bajo,Presencial,18.54,SI,SIN_IMPUTACION,OK,SIN_IMPUTACION,OK
41357,41357,41,HUILA,ÍQUIRA,Municipio,-75.634497,2.649359,,359420526.39941823,138,159,2.76,0.0000,49.6,49.7363971,EMC,1,0.0,0.0,No es PDET O ZOMAC,No es PDET O ZOMAC,0.0,70.66923226,39.83,0.1990269792127377,0.0,0.0,0.0,18.531623175586024,39.83,0.0,0.01395299,-0.41107241,0.82391607,-0.43744925,-0.48385062,-0.05676797,0.30406028,Medio,Presencial con precaución,2.4,NO,SIN_IMPUTACION,OK,SIN_IMPUTACION,OK
41359,41359,41,HUILA,ISNOS,Municipio,-76.217637,1.929467,,373063979.2969948,2,15,0.25,0.0000,43.1,68.98304469,EMC,1,1.0,0.0,No,No,0.0,65.07688256,61.74,0.0773269301208742,0.0,0.0,0.0,1.868055838183224,61.74,0.0,0.01513389,0.9024791,0.82391607,-0.43744925,-0.48066729,0.40345256,0.41436367,Alto,Remota,0.03,NO,SIN_IMPUTACION,OK,SIN_IMPUTACION,OK
41378,41378,41,HUILA,LA ARGENTINA,Municipio,-75.979763,2.198496,,358877498.61290485,0,0,0.0,0.0000,44,14.22373942,EMC,1,0.0,0.0,No es PDET O ZOMAC,No es PDET O ZOMAC,0.0,72.38624661,54.54,0.344689378757515,0.0,0.0,0.0,6.733466933867735,54.54,0.0,0.01362653,0.47082365,0.82391607,-0.43744925,-0.48473065,0.25176365,0.37800762,Medio,Presencial con precaución,0.0,NO,SIN_IMPUTACION,OK,SIN_IMPUTACION,OK
41396,41396,41,HUILA,LA PLATA,Municipio,-75.891254,2.389263,,820547968.572979,49,49,0.37,0.0000,42.5,27.08355276,EMC,1,0.0,0.0,No es PDET O ZOMAC,No es PDET O ZOMAC,0.0,64.74870346,88.58,0.9913465636407434,0.0055589526933125,0.0018529842311041,0.0092649211555209,5.190208831322845,88.58,0.0,0.01520943,2.51159468,0.82391607,-0.43744925,-0.48046366,0.96667356,0.54935372,Alto,Remota,0.37,NO,SIN_IMPUTACION,OK,SIN_IMPUTACION,OK
41483,41483,41,HUILA,NÁTAGA,Municipio,-75.808756,2.5451,,132975603.67637976,0,0,0.0,0.0000,46.9,71.14399545,EMC,1,0.0,0.0,No es PDET O ZOMAC,No es PDET O ZOMAC,0.0,63.41539657,51.4,0.3410751989605327,0.0,0.0,0.0,8.591846678577229,51.4,0.0,0.01552424,0.28257391,0.82391607,-0.43744925,-0.47961502,0.18664359,0.36239996,Medio,Presencial con precaución,0.0,NO,SIN_IMPUTACION,OK,SIN_IMPUTACION,OK
41503,41503,41,HUILA,OPORAPA,Municipio,-75.995165,2.025088,,156877708.34652525,1,1,0.04,0.0000,58.5,31.49358318,,0,0.0,0.0,No es PDET O ZOMAC,No es PDET O ZOMAC,0.0,62.15900218,45.26,0.2160021600216002,0.0090000900009,0.0090000900009,0.0,0.0180001800018,45.26,0.0,0.01583306,-0.08553226,-0.60931468,-0.43744925,-0.47878254,-0.37203793,0.22849792,Bajo,Presencial,0.04,NO,SIN_IMPUTACION,OK,SIN_IMPUTACION,OK
41518,41518,41,HUILA,PAICOL,Municipio,-75.773158,2.449651,,280440545.2997122,538,600,13.37,0.0000,39.1,0.0,EMC,1,0.0,0.0,No es PDET O ZOMAC,No es PDET O ZOMAC,0.0,75.86038853,59.75,0.952678431985007,0.0,0.0,0.0156176792128689,0.3123535842573793,59.75,0.0,0.0130106,0.78317433,0.82391607,-0.43744925,-0.486391,0.36083734,0.40414986,Alto,Remota,11.99,NO,SIN_IMPUTACION,OK,SIN_IMPUTACION,OK
41524,41524,41,HUILA,PALERMO,Municipio,-75.435296,2.889649,,891995584.969658,1248,1265,8.86,0.0000,32.6,28.00042001,,0,0.0,0.0,No es PDET O ZOMAC,No es PDET O ZOMAC,0.0,86.63628657,64.47,0.2774786714155554,0.0,0.0,0.0124244181230845,0.372732543692537,64.47,0.0,0.0114108,1.06614845,-0.60931468,-0.43744925,-0.49070357,0.02926217,0.32467956,Medio,Presencial con precaución,8.74,NO,SIN_IMPUTACION,OK,SIN_IMPUTACION,OK
41530,41530,41,HUILA,PALESTINA,Municipio,-76.133251,1.723725,,179335979.24726653,5,9,0.31,0.0000,51,16.35858008,EMBF,1,0.0,0.0,No es PDET O ZOMAC,No es PDET O ZOMAC,0.0,29.66187177,55.03,0.612205854218481,0.0,0.0,0.0,3.309737899368663,55.03,0.0,0.03261379,0.5002002,0.82391607,-0.43744925,-0.4335469,0.26972301,0.38231203,Medio,Presencial con precaución,0.17,NO,SIN_IMPUTACION,OK,SIN_IMPUTACION,OK
41548,41548,41,HUILA,PITAL,Municipio,-75.804544,2.266618,,195080725.7022197,27,40,1.28,0.0000,43.9,0.0,EMC,1,0.0,0.0,No es PDET O ZOMAC,No es PDET O ZOMAC,0.0,67.26766859,62.61,0.2127311405661921,0.0,0.0,0.0,0.0572737686139748,62.61,0.0,0.01464822,0.95463746,0.82391607,-0.43744925,-0.48197649,0.42151161,0.41869198,Alto,Remota,0.87,NO,SIN_IMPUTACION,OK,SIN_IMPUTACION,OK
41551,41551,41,HUILA,PITALITO,Municipio,-76.049441,1.852631,,634742900.990148,110,121,1.19,0.0001,33.7,47.16703025,EMC,1,0.0,0.0,No es PDET O ZOMAC,No es PDET O ZOMAC,0.0,41.92046444,70.72,0.9059508702338832,0.001680799388189,0.0100847963291341,0.001680799388189,1.1311779882512123,70.72,0.0,0.02329891,1.44084936,0.82391607,-0.43744925,-0.45865693,0.59518371,0.46031685,Alto,Remota,1.08,NO,SIN_IMPUTACION,OK,SIN_IMPUTACION,OK
41615,41615,41,HUILA,RIVERA,Municipio,-75.258753,2.777586,,253408607.37634644,57,66,1.63,0.0000,27.4,18.89787588,,0,0.0,0.0,No es PDET O ZOMAC,No es PDET O ZOMAC,0.0,82.05729445,67.34,0.3228103489200095,0.0,0.0,0.0047472110135295,1.0538808450035604,67.34,0.0,0.01203988,1.23821111,-0.60931468,-0.43744925,-0.48900776,0.08973847,0.33917422,Medio,Presencial con precaución,1.41,NO,SIN_IMPUTACION,OK,SIN_IMPUTACION,OK
41660,41660,41,HUILA,SALADOBLANCO,Municipio,-76.044747,1.9934,,469746109.9185333,0,0,0.0,0.0000,"57,8",26.30425252,EMC,1,0.0,0.0,No es PDET O ZOMAC,No es PDET O ZOMAC,0.0,63.12,49.7,0.1689021361152508,0.0,0.0,0.0,0.2483854942871336,49.7,0.0,0.01559576,0.18065526,0.82391607,-0.43744925,-0.47942223,0.15100098,0.35385732,Medio,Presencial con precaución,0.0,NO,SIN_IMPUTACION,OK,SIN_IMPUTACION,OK
41668,41668,41,HUILA,SAN AGUSTÍN,Municipio,-76.27036,1.881081,,1399015618.2216952,19,108,0.48,0.0002,36.3,22.22592654,"EMBF, EMC",2,0.0,0.0,No es PDET O ZOMAC,No es PDET O ZOMAC,0.0,57.16192012,55.51,0.2100061766522545,0.0,0.003088326127239,0.0,2.5293390982087707,55.51,0.0,0.01719338,0.52897723,2.25714682,-0.43744925,-0.47511553,0.70352889,0.4862845,Alto,Remota,0.08,NO,SIN_IMPUTACION,OK,SIN_IMPUTACION,OK
41676,41676,41,HUILA,SANTA MARÍA,Municipio,-75.586223,2.939603,,342293816.0288406,1,1,0.02,0.0000,51.5,17.71008589,,0,0.0,0.0,No es PDET O ZOMAC,No es PDET O ZOMAC,0.0,66.75780505,44.06,0.1566324033284385,0.0,0.0097895252080274,0.0,7.8218306412139,44.06,0.0,0.01475845,-0.15747484,-0.60931468,-0.43744925,-0.48167935,-0.39765235,0.22235878,Bajo,Presencial,0.02,NO,SIN_IMPUTACION,OK,SIN_IMPUTACION,OK
41770,41770,41,HUILA,SUAZA,Municipio,-75.79525,1.976051,,432621246.41816425,514,587,8.48,0.0000,41.6,58.74454515,,0,0.0,0.0,No es PDET O ZOMAC,No es PDET O ZOMAC,0.0,34.32804074,62.29,0.0575970510309872,0.0,0.0,0.0115194102061974,0.0460776408247897,62.29,0.0,0.02830613,0.93545278,-0.60931468,-0.43744925,-0.44515903,-0.00964964,0.31535337,Medio,Presencial con precaución,7.43,NO,SIN_IMPUTACION,OK,SIN_IMPUTACION,OK
41791,41791,41,HUILA,TARQUI,Municipio,-75.823976,2.111325,,365393489.75265485,382,388,6.64,0.0000,47.1,5.259559249,,0,0.0,0.0,No es PDET O ZOMAC,No es PDET O ZOMAC,0.0,58.71761975,61.31,0.1179538117705487,0.0,0.0062080953563446,0.0,0.589769058852744,61.31,0.0,0.01674548,0.87669967,-0.60931468,-0.43744925,-0.47632294,-0.03488781,0.3093044,Medio,Presencial con precaución,6.53,NO,SIN_IMPUTACION,OK,SIN_IMPUTACION,OK
41797,41797,41,HUILA,TESALIA,Municipio,-75.730271,2.486364,,369916979.18697625,38,52,0.88,0.0000,36.1,8.613264427,EMC,1,0.0,0.0,No es PDET O ZOMAC,No es PDET O ZOMAC,0.0,76.22409113,66.65,0.6962219719463499,0.0,0.0102385584109757,0.0,0.1023855841097573,66.65,0.0,0.01294933,1.19684413,0.82391607,-0.43744925,-0.48655618,0.50559699,0.43884515,Alto,Remota,0.64,NO,SIN_IMPUTACION,OK,SIN_IMPUTACION,OK
41799,41799,41,HUILA,TELLO,Municipio,-75.138773,3.067538,,535283474.151982,71,75,0.88,0.0000,44.5,23.51281448,,0,1.0,0.0,No,No,0.0,108.5781617,54.68,0.1762114537444934,0.0,0.0,0.0,0.7440039158100832,54.68,0.0,0.00912591,0.47921695,-0.60931468,-0.43744925,-0.49686293,-0.17708776,0.27522262,Bajo,Presencial,0.83,NO,SIN_IMPUTACION,OK,SIN_IMPUTACION,OK
41801,41801,41,HUILA,TERUEL,Municipio,-75.567034,2.740968,,475661667.7444211,71,91,1.2,0.0000,39.9,34.48672261,,0,0.0,0.0,No es PDET O ZOMAC,No es PDET O ZOMAC,0.0,64.14169402,52.2,0.3401360544217687,0.0136054421768707,0.0,0.0,0.3537414965986394,52.2,0.0,0.01535115,0.33053563,-0.60931468,-0.43744925,-0.48008161,-0.22660902,0.2633536,Bajo,Presencial,0.93,NO,SIN_IMPUTACION,OK,SIN_IMPUTACION,OK
41807,41807,41,HUILA,TIMANÁ,Municipio,-75.932167,1.974539,,186998709.4568901,50,52,1.74,0.0000,40.8,4.222794645,,0,0.0,0.0,No es PDET O ZOMAC,No es PDET O ZOMAC,0.0,47.7853097,58.95,0.2871637790753326,0.0,0.0,0.0095721259691777,1.163013305255097,58.95,0.0,0.02049797,0.73521261,-0.60931468,-0.43744925,-0.46620738,-0.08289095,0.29779925,Medio,Presencial con precaución,1.67,NO,SIN_IMPUTACION,OK,SIN_IMPUTACION,OK
41872,41872,41,HUILA,VILLAVIEJA,Municipio,-75.217174,3.218822,,549186165.3447254,296,342,3.89,0.0000,37.9,0.0,,0,0.0,0.0,No es PDET O ZOMAC,No es PDET O ZOMAC,0.0,113.6136698,49.79,0.2160449373469682,0.0144029958231312,0.0,0.0,2.5781362523404865,49.79,0.0,0.00872496,0.18605096,-0.60931468,-0.43744925,-0.49794375,-0.27985798,0.25059116,Bajo,Presencial,3.37,NO,SIN_IMPUTACION,OK,SIN_IMPUTACION,OK
41885,41885,41,HUILA,YAGUARÁ,Municipio,-75.518023,2.664694,,335653356.0364726,901,981,18.27,0.0000,23.8,0.0,,0,0.0,0.0,No es PDET O ZOMAC,No es PDET O ZOMAC,0.0,79.39268165,49.96,0.2445319929357424,0.0135851107186523,0.0,0.0,0.0135851107186523,49.96,0.0,0.01243894,0.19624282,-0.60931468,-0.43744925,-0.48793202,-0.27478907,0.25180605,Bajo,Presencial,16.78,SI,SIN_IMPUTACION,OK,SIN_IMPUTACION,OK
44001,44001,44,LA GUAJIRA,RIOHACHA,Municipio,-72.911795,11.528588,,3229557993.110243,1555,1719,3.33,0.0000,45.1,52.92988995,,0,1.0,0.0,ZOMAC-NO 170,ZOMAC-NO 52,0.0,0.917732129,64.11,12.918056890799074,0.032234349375106,0.0073516937171294,0.0412825877961884,29.946276084374823,64.11,0.0,0.52144926,1.04456568,-0.60931468,-0.43744925,0.88420135,0.22794394,0.37229863,Medio,Presencial con precaución,3.01,NO,SIN_IMPUTACION,OK,SIN_IMPUTACION,OK
44035,44035,44,LA GUAJIRA,ALBANIA,Municipio,-72.61232,11.151628,,570679982.7194681,2151,2231,24.43,0.0000,49.8,11.17786782,,0,0.0,0.0,No es PDET O ZOMAC,No es PDET O ZOMAC,0.0,0.839868253,45.57,4.355173208387741,0.011521622244412,0.0,0.011521622244412,36.28158844765343,45.57,0.0,0.54351718,-0.0669471,-0.60931468,-0.43744925,0.94368958,-0.1521623,0.28119663,Medio,Presencial con precaución,23.56,SI,SIN_IMPUTACION,OK,SIN_IMPUTACION,OK
44078,44078,44,LA GUAJIRA,BARRANCAS,Municipio,-72.793639,10.958669,,835859870.5644431,2839,3021,22.59,0.0000,46.7,13.71616679,"EGC, ELN",2,0.0,0.0,No es PDET O ZOMAC,No es PDET O ZOMAC,0.0,27.2355443,48.75,21.974288016253897,0.0,0.0,0.0035029950607769,33.03324342312678,48.75,0.0,0.03541635,0.12370073,2.25714682,-0.43744925,-0.42599207,0.56905064,0.45405341,Alto,Remota,21.23,SI,SIN_IMPUTACION,OK,SIN_IMPUTACION,OK
44090,44090,44,LA GUAJIRA,DIBULLA,Municipio,-73.307598,11.27155,,1828334264.9591389,188,210,0.72,0.0000,65.5,19.26782274,EGC,1,1.0,1.0,ZOMAC-170,ZOMAC-NO 52,0.0,16.07931155,42.89,7.674372875642573,0.0056181353408803,0.0028090676704401,0.0084272030113205,30.89412623950111,42.89,0.0,0.05855037,-0.22761885,0.82391607,-0.43744925,-0.36362996,0.02547388,0.3237716,Medio,Presencial con precaución,0.64,NO,SIN_IMPUTACION,OK,SIN_IMPUTACION,OK
44098,44098,44,LA GUAJIRA,DISTRACCIÓN,Municipio,-72.887405,10.898414,,241924775.60503763,1191,1328,34.31,0.0000,40.2,12.79099514,,0,0.0,0.0,No es PDET O ZOMAC,No es PDET O ZOMAC,0.0,34.37228337,44.51,7.425870219166308,0.0429737859905457,0.0,0.0,20.54146970348088,44.51,0.0,0.02827072,-0.13049637,-0.60931468,-0.43744925,-0.44525447,-0.38274615,0.22593142,Bajo,Presencial,30.77,SI,SIN_IMPUTACION,OK,SIN_IMPUTACION,OK
44110,44110,44,LA GUAJIRA,EL MOLINO,Municipio,-72.92673,10.653505,,252195564.69582084,628,696,17.25,0.0000,37.0,11.65637021,EGC,1,1.0,0.0,ZOMAC-NO 170,ZOMAC-NO 52,0.0,66.25564569,34.46,9.306333476949591,0.0,0.0,0.0143616257360333,2.412753123653597,34.46,0.0,0.01486864,-0.73301543,0.82391607,-0.43744925,-0.48138231,-0.16907778,0.27714241,Bajo,Presencial,15.56,SI,SIN_IMPUTACION,OK,SIN_IMPUTACION,OK
44279,44279,44,LA GUAJIRA,FONSECA,Municipio,-72.846319,10.886734,,493683780.6314251,2442,2611,33.06,0.0000,36,27.35016019,,0,1.0,1.0,ZOMAC-170,ZVTN-52,0.0,45.05213302,52.58,7.297303915566765,0.0269363567353135,0.0048975194064206,0.0024487597032103,3.090334745451429,52.58,0.0,0.02171452,0.35331744,-0.60931468,-0.43744925,-0.46292795,-0.21606234,0.26588138,Bajo,Presencial,30.92,SI,SIN_IMPUTACION,OK,SIN_IMPUTACION,OK
44378,44378,44,LA GUAJIRA,HATONUEVO,Municipio,-72.75904,11.068864,,224171961.6849851,1877,1964,54.76,0.0000,43.3,0.0,,0,0.0,0.0,No es PDET O ZOMAC,No es PDET O ZOMAC,0.0,15.05090773,47.43,11.515391579900408,0.0113173381620642,0.0113173381620642,0.0226346763241285,35.61566319601629,47.43,0.0,0.06230177,0.04456389,-0.60931468,-0.43744925,-0.35351735,-0.30771449,0.24391464,Bajo,Presencial,52.33,SI,SIN_IMPUTACION,OK,SIN_IMPUTACION,OK
44420,44420,44,LA GUAJIRA,LA JAGUA DEL PILAR,Municipio,-73.072638,10.511862,,186822364.5786793,1125,1211,40.51,0.0000,43.0,0.0,,0,1.0,0.0,ZOMAC-NO 170,ZOMAC-NO 52,0.0,86.0119896,53.02,11.28048780487805,0.0,0.0,0.0,2.2696476964769645,53.02,0.0,0.01149267,0.37969639,-0.60931468,-0.43744925,-0.49048288,-0.21096295,0.26710358,Bajo,Presencial,37.64,SI,SIN_IMPUTACION,OK,SIN_IMPUTACION,OK
44430,44430,44,LA GUAJIRA,MAICAO,Municipio,-72.242738,11.378535,,1850093936.1334424,15097,15454,52.21,0.0000,60,14.72255348,,0,1.0,0.0,No,No,0.0,0.988234704,58.1,4.220491447753032,0.0050288846562443,0.0050288846562443,0.0056574952382748,42.25331749234667,58.1,0.0,0.50295873,0.68425329,-0.60931468,-0.43744925,0.83435663,0.09435789,0.34028138,Medio,Presencial con precaución,51.0,SI,SIN_IMPUTACION,OK,SIN_IMPUTACION,OK
44560,44560,44,LA GUAJIRA,MANAURE,Municipio,-72.438739,11.773767,,1697285143.0599692,18200,18528,68.23,0.0000,86.7,1.014188497,,0,0.0,0.0,No es PDET O ZOMAC,No es PDET O ZOMAC,0.0,1.051543839,34.13,0.4579505686789151,0.0136701662292213,0.0013670166229221,0.0041010498687664,93.31392169728784,34.13,0.0,0.48743779,-0.75279964,-0.60931468,-0.43744925,0.79251702,-0.41488658,0.21822816,Bajo,Presencial,67.02,SI,SIN_IMPUTACION,OK,SIN_IMPUTACION,OK
44650,44650,44,LA GUAJIRA,SAN JUAN DEL CESAR,Municipio,-73.000629,10.769546,,1369739845.3800116,6159,6313,28.81,0.0000,36.6,8.942624124,ACSN,1,1.0,1.0,ZOMAC-170,ZOMAC-NO 52,0.0,46.73337254,54.95,26.449568353185445,0.0043711069828434,0.0021855534914217,0.0131133209485302,18.000218555349143,54.95,0.0,0.0209497,0.49540403,0.82391607,-0.43744925,-0.46498965,0.26332793,0.38077929,Medio,Presencial con precaución,28.1,SI,SIN_IMPUTACION,OK,SIN_IMPUTACION,OK
44847,44847,44,LA GUAJIRA,URIBIA,Municipio,-72.265906,11.711904,,8279785916.136089,100234,101389,76.53,0.0000,92.2,0.0,,0,0.0,0.0,No es PDET O ZOMAC,No es PDET O ZOMAC,0.0,1.349700051,43.99,0.0910435871173324,0.005057977062074,0.0006322471327592,0.0044257299293147,96.45182909095509,43.99,0.0,0.42558624,-0.16167149,-0.60931468,-0.43744925,0.62578447,-0.2330016,0.26182146,Bajo,Presencial,75.66,SI,SIN_IMPUTACION,OK,SIN_IMPUTACION,OK
44855,44855,44,LA GUAJIRA,URUMITA,Municipio,-73.012507,10.560169,,256237828.21448365,430,527,12.85,0.0000,32,0.0,,0,1.0,0.0,ZOMAC-NO 170,ZOMAC-NO 52,0.0,81.96727171,31.62,7.372140963973692,0.0,0.0,0.0,1.4920977716697752,31.62,0.0,0.01205295,-0.90327953,-0.60931468,-0.43744925,-0.48897254,-0.65977797,0.1595338,Bajo,Presencial,10.49,NO,SIN_IMPUTACION,OK,SIN_IMPUTACION,OK
44874,44874,44,LA GUAJIRA,VILLANUEVA,Municipio,-72.977583,10.608774,,270770617.64484483,912,992,22.9,0.0000,31,5.925750348,,0,1.0,0.0,ZOMAC-NO 170,ZOMAC-NO 52,0.0,72.12185922,41.89,1.4339501722342385,0.0,0.0,0.0,1.8144676760394132,41.89,0.0,0.0136758,-0.28757099,-0.60931468,-0.43744925,-0.48459783,-0.44362378,0.21134057,Bajo,Presencial,21.05,SI,SIN_IMPUTACION,OK,SIN_IMPUTACION,OK
47001,47001,47,MAGDALENA,SANTA MARTA,Municipio,-74.199829,11.204679,,2453020902.8822603,2049,2085,5.31,0.0000,24.4,30.46602326,,0,0.0,1.0,No,No,5.789398335,0.0,65.52,3.5406500061811563,0.0121527814154637,0.0041906142811944,0.0071240442780304,1.5526225911825284,65.52,1.91536233,1.0,1.12909821,-0.60931468,1.01436971,2.17422517,0.74139769,0.4953607,Alto,Remota,5.22,NO,SIN_IMPUTACION,OK,SIN_IMPUTACION,OK
47030,47030,47,MAGDALENA,ALGARROBO,Municipio,-74.061132,10.188059,,422335910.0772756,0,0,0.0,0.0000,57.3,33.75147663,ACSN,1,0.0,0.0,No es PDET O ZOMAC,No es PDET O ZOMAC,0.0,102.6863116,41.88,1.630054568350357,0.0,0.0,0.006995942353435,0.1679026164824401,41.88,0.0,0.00964447,-0.28817051,0.82391607,-0.43744925,-0.49546503,-0.01549446,0.31395251,Medio,Presencial con precaución,0.0,NO,SIN_IMPUTACION,OK,SIN_IMPUTACION,OK
47053,47053,47,MAGDALENA,ARACATACA,Municipio,-74.186702,10.589791,,1813626098.069301,0,0,0.0,0.0000,50,30.84175974,EGC,1,1.0,1.0,ZOMAC-170,ZOMAC-NO 52,0.0,58.00430731,53.63,7.315705128205129,0.0053418803418803,0.0026709401709401,0.0080128205128205,8.541666666666666,53.63,0.0,0.01694792,0.4162672,0.82391607,-0.43744925,-0.47577723,0.2340119,0.37375297,Medio,Presencial con precaución,0.0,NO,SIN_IMPUTACION,OK,SIN_IMPUTACION,OK
47058,47058,47,MAGDALENA,ARIGUANÍ,Municipio,-74.236515,9.847047,,1173148185.3925729,0,0,0.0,0.0000,56.4,20.51763051,EGC,1,0.0,0.0,No es PDET O ZOMAC,No es PDET O ZOMAC,0.0,116.5256473,48.57,0.3676990524678263,0.0106067034365719,0.0,0.0,0.1484938481120068,48.57,0.0,0.00850878,0.11290934,0.82391607,-0.43744925,-0.49852651,0.12442426,0.34748754,Medio,Presencial con precaución,0.0,NO,SIN_IMPUTACION,OK,SIN_IMPUTACION,OK
47161,47161,47,MAGDALENA,CERRO DE SAN ANTONIO,Municipio,-74.868474,10.325531,,184165554.41972792,0,0,0.0,0.0000,62.4,8.863676653,,0,0.0,0.0,No es PDET O ZOMAC,No es PDET O ZOMAC,0.0,123.4564594,27.0,0.1951219512195122,0.010840108401084,0.0,0.0,0.086720867208672,27.0,0.0,0.00803494,-1.18025844,-0.60931468,-0.43744925,-0.49980384,-0.75834528,0.13590967,Bajo,Presencial,0.0,NO,SIN_IMPUTACION,OK,SIN_IMPUTACION,OK
47170,47170,47,MAGDALENA,CHIVOLO,Municipio,-74.622242,10.026631,,557034174.5780696,0,0,0.0,0.0000,53.3,16.0436387,EGC,1,0.0,0.0,No es PDET O ZOMAC,No es PDET O ZOMAC,0.0,130.2113893,35.78,0.6041300527240773,0.0,0.0164762741652021,0.0,0.0823813708260105,35.78,0.0,0.00762129,-0.6538786,0.82391607,-0.43744925,-0.50091891,-0.14431038,0.28307854,Medio,Presencial con precaución,0.0,NO,SIN_IMPUTACION,OK,SIN_IMPUTACION,OK
47189,47189,47,MAGDALENA,CIÉNAGA,Municipio,-74.241286,11.006654,,1382402873.173121,163,170,0.77,0.0000,44.6,69.61025741,EGC,1,0.0,1.0,No,No,0.0,32.62812313,58.09,4.411503564210758,0.0059192112228244,0.0008456016032606,0.0008456016032606,1.9787077516298968,58.09,0.0,0.02973701,0.68365376,0.82391607,-0.43744925,-0.4413018,0.33276852,0.39742247,Medio,Presencial con precaución,0.74,NO,SIN_IMPUTACION,OK,SIN_IMPUTACION,OK
47205,47205,47,MAGDALENA,CONCORDIA,Municipio,-74.83303,10.257314,,113748711.23358336,0,0,0.0,0.0000,67.9,,EGC,1,0.0,0.0,No es PDET O ZOMAC,No es PDET O ZOMAC,0.0,126.9134905,19.74,0.5061460592913956,0.0,0.0,0.0,0.1342836483834314,19.74,0.0,0.00781778,-1.61551102,0.82391607,-0.43744925,-0.50038922,-0.48080227,0.20242981,Bajo,Presencial,0.0,NO,SIN_IMPUTACION,OK,SIN_IMPUTACION,OK
47245,47245,47,MAGDALENA,EL BANCO,Municipio,-73.97437,9.008503,,841197473.4546193,0,0,0.0,0.0000,54.7,21.57875571,EGC,1,0.0,0.0,No es PDET O ZOMAC,No es PDET O ZOMAC,0.0,45.90531675,60.12,35.517183288409704,0.0033692722371967,0.0016846361185983,0.0033692722371967,0.171832884097035,60.12,0.0,0.02131954,0.80535662,0.82391607,-0.43744925,-0.46399268,0.37196089,0.4068159,Alto,Remota,0.0,NO,SIN_IMPUTACION,OK,SIN_IMPUTACION,OK
47258,47258,47,MAGDALENA,EL PIÑÓN,Municipio,-74.823094,10.402781,,579267723.8054656,0,0,0.0,0.0000,50.4,3.891959212,EGC,1,0.0,0.0,No es PDET O ZOMAC,No es PDET O ZOMAC,0.0,110.9955799,20.6,36.85001155535013,0.0,0.0231107002542177,0.0115553501271088,0.0866651259533163,20.6,0.0,0.00892892,-1.56395217,0.82391607,-0.43744925,-0.49739393,-0.46230738,0.20686258,Bajo,Presencial,0.0,NO,SIN_IMPUTACION,OK,SIN_IMPUTACION,OK
47268,47268,47,MAGDALENA,EL RETÉN,Municipio,-74.268444,10.610488,,273170061.87296206,0,0,0.0,0.0000,63.6,50.28571429,EGC,1,0.0,0.0,No es PDET O ZOMAC,No es PDET O ZOMAC,0.0,64.85053102,56.62,26.456448694753163,0.0,0.0051692943913155,0.0051692943913155,0.2067717756526234,56.62,0.0,0.01518591,0.59552411,0.82391607,-0.43744925,-0.48052706,0.29603935,0.3886194,Medio,Presencial con precaución,0.0,NO,SIN_IMPUTACION,OK,SIN_IMPUTACION,OK
47288,47288,47,MAGDALENA,FUNDACIÓN,Municipio,-74.191453,10.514146,,1011330714.6249864,1,1,0.01,0.0000,43.9,41.29644185,"ACSN, EGC",2,1.0,1.0,ZOMAC-170,ZOMAC-NO 52,0.0,78.52298682,74.63,3.080934308371132,0.0077139066308741,0.0015427813261748,0.0200561572402727,8.655003239840784,74.63,0.0,0.01257498,1.67526225,2.25714682,-0.43744925,-0.4875653,1.10286119,0.5819945,Alto,Remota,0.01,NO,SIN_IMPUTACION,OK,SIN_IMPUTACION,OK
47318,47318,47,MAGDALENA,GUAMAL,Municipio,-74.223689,9.144354,,583161185.5637323,0,0,0.0,0.0000,60.3,3.29445872,EGC,1,0.0,0.0,No es PDET O ZOMAC,No es PDET O ZOMAC,0.0,58.60296524,41.68,0.3398134977082345,0.0,0.0,0.0,0.0237079184447605,41.68,0.0,0.01677769,-0.30016094,0.82391607,-0.43744925,-0.47623611,-0.01680678,0.31363798,Medio,Presencial con precaución,0.0,NO,SIN_IMPUTACION,OK,SIN_IMPUTACION,OK
47460,47460,47,MAGDALENA,NUEVA GRANADA,Municipio,-74.391841,9.80186,,872333568.0896604,0,0,0.0,0.0000,66.4,22.37236565,,0,0.0,0.0,No es PDET O ZOMAC,No es PDET O ZOMAC,0.0,113.9072559,42.54,0.2637463448196778,0.0057336161917321,0.0,0.0,0.0344016971503927,42.54,0.0,0.00870267,-0.2486021,-0.60931468,-0.43744925,-0.49800384,-0.43199556,0.21412757,Bajo,Presencial,0.0,NO,SIN_IMPUTACION,OK,SIN_IMPUTACION,OK
47541,47541,47,MAGDALENA,PEDRAZA,Municipio,-74.9154,10.18825,,337986773.9604424,0,0,0.0,0.0000,56.2,18.96813354,,0,0.0,0.0,No es PDET O ZOMAC,No es PDET O ZOMAC,0.0,137.3689279,30.46,42.5287356321839,0.0132117849121416,0.0,0.0132117849121416,0.0396353547364248,30.46,0.0,0.00722706,-0.97282402,-0.60931468,-0.43744925,-0.50198164,-0.6860699,0.15323228,Bajo,Presencial,0.0,NO,SIN_IMPUTACION,OK,SIN_IMPUTACION,OK
47545,47545,47,MAGDALENA,PIJIÑO DEL CARMEN,Municipio,-74.459034,9.331922,,684540244.1791775,0,0,0.0,0.0000,60.8,0.0,,0,0.0,0.0,No es PDET O ZOMAC,No es PDET O ZOMAC,0.0,89.87165936,47.53,0.7497064402492999,0.0,0.0361304308553879,0.0,0.2529130159877156,47.53,0.0,0.01100453,0.05055911,-0.60931468,-0.43744925,-0.49179874,-0.32635838,0.23944617,Bajo,Presencial,0.0,NO,SIN_IMPUTACION,OK,SIN_IMPUTACION,OK
47551,47551,47,MAGDALENA,PIVIJAY,Municipio,-74.613312,10.460707,,1706684727.0519297,0,0,0.0,0.0000,52.4,23.73267515,EGC,1,0.0,0.0,No es PDET O ZOMAC,No es PDET O ZOMAC,0.0,91.38103482,48.56,0.3491213778657046,0.0,0.0029093448155475,0.0,0.0610962411264983,48.56,0.0,0.01082473,0.11230982,0.82391607,-0.43744925,-0.49228342,0.12515089,0.3476617,Medio,Presencial con precaución,0.0,NO,SIN_IMPUTACION,OK,SIN_IMPUTACION,OK
47555,47555,47,MAGDALENA,PLATO,Municipio,-74.784549,9.796713,,1509950251.636308,0,0,0.0,38.6416,52.7,7.086268229,EGC,1,0.0,0.0,No es PDET O ZOMAC,No es PDET O ZOMAC,0.0,125.5823487,48.29,12.69032821042509,0.0017808487525154,0.0,0.0231510337827008,0.1567146902213595,48.29,0.0,0.0079,0.09612274,0.82391607,-0.43744925,-0.5001676,0.11830279,0.34602037,Medio,Presencial con precaución,0.0,NO,SIN_IMPUTACION,OK,SIN_IMPUTACION,OK
47570,47570,47,MAGDALENA,PUEBLOVIEJO,Municipio,-74.28253,10.994766,,704640012.4009486,0,0,0.0,0.0000,58,23.38360809,EGC,1,0.0,0.0,No es PDET O ZOMAC,No es PDET O ZOMAC,0.0,45.79983926,42.4,5.931337295128506,0.0,0.0037851546235663,0.0,0.0037851546235663,42.4,0.0,0.02136759,-0.2569954,0.82391607,-0.43744925,-0.46386315,0.00015711,0.3177038,Medio,Presencial con precaución,0.0,NO,SIN_IMPUTACION,OK,SIN_IMPUTACION,OK
47605,47605,47,MAGDALENA,REMOLINO,Municipio,-74.716172,10.701952,,619783932.1145948,0,0,0.0,0.0000,50.6,7.728572533,,0,0.0,0.0,No es PDET O ZOMAC,No es PDET O ZOMAC,0.0,76.31315171,32.56,0.0941915227629513,0.010465724751439,0.0,0.0,0.0,32.56,0.0,0.01293441,-0.84692451,-0.60931468,-0.43744925,-0.48659639,-0.63969729,0.16434664,Bajo,Presencial,0.0,NO,SIN_IMPUTACION,OK,SIN_IMPUTACION,OK
47660,47660,47,MAGDALENA,SABANAS DE SAN ÁNGEL,Municipio,-74.213946,10.032536,,1286393609.060582,0,0,0.0,0.0000,69.4,5.661872948,ACSN,1,0.0,0.0,No es PDET O ZOMAC,No es PDET O ZOMAC,0.0,122.6434341,39.55,2.33501815334235,0.0071189577845803,0.0,0.0,8.364775396881896,39.55,0.0,0.00808777,-0.42785901,0.82391607,-0.43744925,-0.49966142,-0.0650149,0.30208369,Medio,Presencial con precaución,0.0,NO,SIN_IMPUTACION,OK,SIN_IMPUTACION,OK
47675,47675,47,MAGDALENA,SALAMINA,Municipio,-74.794189,10.491229,,177439697.5774679,0,0,0.0,0.0000,44.3,0.0,,0,0.0,0.0,No es PDET O ZOMAC,No es PDET O ZOMAC,0.0,97.16341,35.45,0.4273504273504274,0.0,0.0,0.0,0.0854700854700854,35.45,0.0,0.0101871,-0.67366281,-0.60931468,-0.43744925,-0.4940023,-0.58016658,0.17861466,Bajo,Presencial,0.0,NO,SIN_IMPUTACION,OK,SIN_IMPUTACION,OK
47692,47692,47,MAGDALENA,SAN SEBASTIÁN DE BUENAVISTA,Municipio,-74.351498,9.241656,,452384152.3105912,0,0,0.0,0.0000,63.8,69.61025741,EGC,1,0.0,0.0,No es PDET O ZOMAC,No es PDET O ZOMAC,0.0,70.24465302,36.64,0.2703419029949642,0.0,0.0,0.0,0.0795123244102836,36.64,0.0,0.01403614,-0.60231976,0.82391607,-0.43744925,-0.48362647,-0.12367091,0.28802531,Medio,Presencial con precaución,0.0,NO,SIN_IMPUTACION,OK,SIN_IMPUTACION,OK
47703,47703,47,MAGDALENA,SAN ZENÓN,Municipio,-74.498992,9.245061,,277893520.2696216,0,0,0.0,0.0000,56.4,29.70664686,EGC,1,0.0,0.0,No es PDET O ZOMAC,No es PDET O ZOMAC,0.0,70.46493337,26.85,0.3547042653187904,0.0,0.0,0.0,0.1064112795956371,26.85,0.0,0.01399288,-1.18925126,0.82391607,-0.43744925,-0.48374309,-0.32911443,0.23878561,Bajo,Presencial,0.0,NO,SIN_IMPUTACION,OK,SIN_IMPUTACION,OK
47707,47707,47,MAGDALENA,SANTA ANA,Municipio,-74.566845,9.324294,,1159249184.407307,0,0,0.0,0.0000,47.3,3.576665832,"ACSN, EGC",2,0.0,0.0,No es PDET O ZOMAC,No es PDET O ZOMAC,0.0,90.5615901,41.35,12.389341554723629,0.0044043162299053,0.0,0.0,0.1365338031270645,41.35,0.0,0.01092161,-0.31994515,2.25714682,-0.43744925,-0.49202227,0.40387005,0.41446373,Alto,Remota,0.0,NO,SIN_IMPUTACION,OK,SIN_IMPUTACION,OK
47720,47720,47,MAGDALENA,SANTA BÁRBARA DE PINTO,Municipio,-74.704667,9.432263,,511814094.81329215,0,0,0.0,0.0000,57.8,0.0,EGC,1,0.0,0.0,No es PDET O ZOMAC,No es PDET O ZOMAC,0.0,103.2752438,41.91,4.077046548956662,0.0642054574638844,0.0,0.010700909577314,0.0856072766185125,41.91,0.0,0.00959,-0.28637195,0.82391607,-0.43744925,-0.49561187,-0.01488699,0.3140981,Medio,Presencial con precaución,0.0,NO,SIN_IMPUTACION,OK,SIN_IMPUTACION,OK
47745,47745,47,MAGDALENA,SITIONUEVO,Municipio,-74.720021,10.775285,,1013053721.0471956,1175,1243,7.67,0.0000,70.7,32.40965808,,0,0.0,0.0,No es PDET O ZOMAC,No es PDET O ZOMAC,0.0,59.32643912,45.54,0.1007595721593551,0.0077507363199503,0.0,0.0038753681599751,0.0232522089598511,45.54,0.0,0.01657648,-0.06874566,-0.60931468,-0.43744925,-0.4767785,-0.36586201,0.22997813,Bajo,Presencial,7.25,NO,SIN_IMPUTACION,OK,SIN_IMPUTACION,OK
47798,47798,47,MAGDALENA,TENERIFE,Municipio,-74.859783,9.898273,,510417810.42229575,0,0,0.0,"1,183.3087",56.3,6.701514542,,0,0.0,0.0,No es PDET O ZOMAC,No es PDET O ZOMAC,0.0,147.0673075,40.54,4.715302491103203,0.0,0.0,0.0,0.0727919767065674,40.54,0.0,0.00675369,-0.36850639,-0.60931468,-0.43744925,-0.5032577,-0.47475014,0.20388036,Bajo,Presencial,0.0,NO,SIN_IMPUTACION,OK,SIN_IMPUTACION,OK
47960,47960,47,MAGDALENA,ZAPAYÁN,Municipio,-74.716878,10.168297,,366790120.6840248,0,0,0.0,0.0000,70.4,,EGC,1,0.0,0.0,No es PDET O ZOMAC,No es PDET O ZOMAC,0.0,134.2025575,7.11,0.2091564025098768,0.0,0.0116198001394376,0.0,0.0116198001394376,7.11,0.0,0.00739631,-2.37270661,0.82391607,-0.43744925,-0.50152539,-0.74599115,0.13887064,Bajo,Presencial,0.0,NO,SIN_IMPUTACION,OK,SIN_IMPUTACION,OK
47980,47980,47,MAGDALENA,ZONA BANANERA,Municipio,-74.140091,10.763024,,465596112.1302383,0,0,0.0,0.0000,48.6,74.55683673,,0,0.0,0.0,No es PDET O ZOMAC,No es PDET O ZOMAC,0.0,48.24702992,59.15,44.360947277027634,0.0014969611688272,0.0,0.0104787281817909,0.4505853118170115,59.15,0.0,0.02030579,0.74720304,-0.60931468,-0.43744925,-0.46672544,-0.078772,0.29878646,Medio,Presencial con precaución,0.0,NO,SIN_IMPUTACION,OK,SIN_IMPUTACION,OK
50001,50001,50,META,VILLAVICENCIO,Municipio,-73.622601,4.126369,,1300936712.339351,0,0,0.0,0.0000,15.9,17.92243172,EMC,1,0.0,0.0,No es PDET O ZOMAC,No es PDET O ZOMAC,0.0,104.527296,77.4,0.920445307408577,0.0123173946246889,0.0035832420726367,0.0022395262953979,0.3498140073411672,77.4,0.0,0.00947622,1.84132969,0.82391607,-0.43744925,-0.49591859,0.72976257,0.49257206,Alto,Remota,0.0,NO,SIN_IMPUTACION,OK,SIN_IMPUTACION,OK
50006,50006,50,META,ACACÍAS,Municipio,-73.766034,3.990413,,1136746595.8345249,9,11,0.06,0.0000,19.2,8.26873385,,0,0.0,0.0,No es PDET O ZOMAC,No es PDET O ZOMAC,0.0,87.24913592,67.69,0.971254649983091,0.0135272235373689,0.0,0.0027054447074737,0.1082177882989516,67.69,0.0,0.01133156,1.25919436,-0.60931468,-0.43744925,-0.49091719,0.0967962,0.34086578,Medio,Presencial con precaución,0.05,NO,SIN_IMPUTACION,OK,SIN_IMPUTACION,OK
50110,50110,50,META,BARRANCA DE UPÍA,Municipio,-72.961083,4.566225,,408900110.76152205,0,0,0.0,0.0000,36.5,0.0,,0,1.0,0.0,No,No,0.0,173.644539,58.3,0.3427592116538132,0.0171379605826906,0.0,0.0,0.0514138817480719,58.3,0.0,0.00572592,0.69624372,-0.60931468,-0.43744925,-0.50602825,-0.10250319,0.29309868,Medio,Presencial con precaución,0.0,NO,SIN_IMPUTACION,OK,SIN_IMPUTACION,OK
50124,50124,50,META,CABUYARO,Municipio,-72.791768,4.286705,,924629302.2916664,0,0,0.0,0.0000,32.2,15.03307276,EGC,1,0.0,0.0,No es PDET O ZOMAC,No es PDET O ZOMAC,0.0,158.994438,71.83,3.053585500394011,0.0,0.0,0.0,1.3987391646966114,71.83,0.0,0.00625022,1.50739624,0.82391607,-0.43744925,-0.50461489,0.61158142,0.46424698,Alto,Remota,0.0,NO,SIN_IMPUTACION,OK,SIN_IMPUTACION,OK
50150,50150,50,META,CASTILLA LA NUEVA,Municipio,-73.687302,3.830005,,520368586.3469648,0,0,0.0,0.0000,23.1,12.58178158,,0,0.0,0.0,No es PDET O ZOMAC,No es PDET O ZOMAC,0.0,74.39152329,62.88,0.6806747558449245,0.0,0.0,0.0,0.1405741343592778,62.88,0.0,0.01326409,0.97082454,-0.60931468,-0.43744925,-0.48570767,-0.00335181,0.3168628,Medio,Presencial con precaución,0.0,NO,SIN_IMPUTACION,OK,SIN_IMPUTACION,OK
50223,50223,50,META,CUBARRAL,Municipio,-73.837999,3.793653,,1170809556.768075,33,44,0.23,0.0000,21.8,,,0,1.0,0.0,No,No,0.0,65.86369673,51.88,1.147227533460803,0.0478011472275334,0.0,0.0,0.1752708731676227,51.88,0.0,0.0149558,0.31135094,-0.60931468,-0.43744925,-0.48114736,-0.23348353,0.26170596,Bajo,Presencial,0.18,NO,SIN_IMPUTACION,OK,SIN_IMPUTACION,OK
50226,50226,50,META,CUMARAL,Municipio,-73.487052,4.270042,,632590876.2999382,0,0,0.0,0.0000,22.7,11.90428951,EGC,1,0.0,0.0,No es PDET O ZOMAC,No es PDET O ZOMAC,0.0,127.6676109,53.13,1.470032142181887,0.004726791453961,0.0,0.0141803743618831,0.0803554547173378,53.13,0.0,0.00777196,0.38629112,0.82391607,-0.43744925,-0.50051274,0.21980995,0.37034911,Medio,Presencial con precaución,0.0,NO,SIN_IMPUTACION,OK,SIN_IMPUTACION,OK
50245,50245,50,META,EL CALVARIO,Municipio,-73.713325,4.352665,,281312526.98949385,22,26,0.58,0.0000,29.7,,,0,1.0,0.0,No,No,0.0,124.7604956,33.28,0.5046863734679163,0.0,0.0,0.0720980533525594,0.0720980533525594,33.28,0.0,0.00795162,-0.80375897,-0.60931468,-0.43744925,-0.50002843,-0.62660416,0.16748473,Bajo,Presencial,0.49,NO,SIN_IMPUTACION,OK,SIN_IMPUTACION,OK
50251,50251,50,META,EL CASTILLO,Municipio,-73.794225,3.563907,,574294356.2422985,78,81,0.88,0.0000,42.2,11.5406809,,0,1.0,0.0,No,No,0.0,41.37051918,63.37,0.3033227629946229,0.0275747966358748,0.0275747966358748,0.0,0.0275747966358748,63.37,0.0,0.02360132,1.00020109,-0.60931468,-0.43744925,-0.45784173,0.01110987,0.3203289,Medio,Presencial con precaución,0.85,NO,SIN_IMPUTACION,OK,SIN_IMPUTACION,OK
50270,50270,50,META,EL DORADO,Municipio,-73.835264,3.739984,,118618937.52948526,30,33,1.74,0.0000,28.9,0.0,,0,1.0,0.0,No,No,0.0,52.06984816,52.84,1.41588006662965,0.0,0.0,0.0277623542476402,0.4164353137146029,52.84,0.0,0.01884309,0.368905,-0.60931468,-0.43744925,-0.47066843,-0.21176777,0.26691068,Bajo,Presencial,1.58,NO,SIN_IMPUTACION,OK,SIN_IMPUTACION,OK
50287,50287,50,META,FUENTE DE ORO,Municipio,-73.618121,3.462875,,576779333.0936393,0,0,0.0,0.0000,32,0.0,,0,1.0,0.0,No,No,0.0,37.65820332,59.04,0.6067961165048543,0.0,0.0,0.0,0.0693481276005547,59.04,0.0,0.02586773,0.7406083,-0.60931468,-0.43744925,-0.45173218,-0.07883117,0.29877227,Medio,Presencial con precaución,0.0,NO,SIN_IMPUTACION,OK,SIN_IMPUTACION,OK
50313,50313,50,META,GRANADA,Municipio,-73.705815,3.547147,,351939254.71181995,0,0,0.0,0.0000,29.6,14.46264693,EMBF,1,1.0,0.0,No,No,0.0,33.18488396,79.01,1.011585546991041,0.009381009709345,0.0015635016182241,0.0031270032364483,0.2141997216967119,79.01,0.0,0.0292527,1.93785265,0.82391607,-0.43744925,-0.44260737,0.77154229,0.50258561,Alto,Remota,0.0,NO,SIN_IMPUTACION,OK,SIN_IMPUTACION,OK
50318,50318,50,META,GUAMAL,Municipio,-73.768815,3.879657,,602531674.1802944,0,11,0.11,0.0000,22.6,19.2394023,,0,0.0,0.0,No es PDET O ZOMAC,No es PDET O ZOMAC,0.0,78.06762628,79.78,0.4624611604884746,0.0,0.0,0.0,0.0867114675915889,79.78,0.0,0.0126474,1.9840158,-0.60931468,-0.43744925,-0.48737008,0.35101577,0.40179588,Alto,Remota,0.0,NO,SIN_IMPUTACION,OK,SIN_IMPUTACION,OK
50325,50325,50,META,MAPIRIPÁN,Municipio,-72.135509,2.896617,,12047051235.723495,0,0,0.0,60.3226,64.2,132.0480655,"EGC, ELN, EMC",3,1.0,1.0,ZOMAC-170,ZOMAC-NO 52,44.66107287,0.0,90.62,1.3354144987859868,0.017343045438779,0.017343045438779,0.0346860908775581,28.4772806104752,90.62,3.82124614,1.0,2.63389706,3.69037756,2.45900409,2.17422517,2.84691183,1.0,Alto,Remota,0.0,NO,SIN_IMPUTACION,OK,SIN_IMPUTACION,OK
50330,50330,50,META,MESETAS,Municipio,-74.044328,3.382732,,2302917582.371026,240,254,0.69,0.0000,45.1,16.16814875,"EMBF, EMC",2,1.0,1.0,ZOMAC-170,ZVTN_DAILD-52,0.0,15.34380165,74.13,0.9450617925018174,0.0,0.0,0.0311558832692906,5.940388410011424,74.13,0.0,0.06118528,1.64528618,2.25714682,-0.43744925,-0.35652708,1.11202529,0.58419091,Alto,Remota,0.65,NO,SIN_IMPUTACION,OK,SIN_IMPUTACION,OK
50350,50350,50,META,LA MACARENA,Municipio,-73.78661,2.177143,,10927634637.083038,37,58,0.03,"151,284.7633",67.9,23.91772303,"EMBF, EMC, SM",3,1.0,1.0,ZOMAC-170,ZVTN_DAILD-52,64.09691014,0.0,43.6,0.4975554882533639,0.0043265694630727,0.0129797083892181,0.0,3.9761173365638394,43.6,4.17587708,1.0,-0.18505282,3.69037756,2.72780959,2.17422517,1.91404047,0.77641397,Alto,Remota,0.02,NO,SIN_IMPUTACION,OK,SIN_IMPUTACION,OK
50370,50370,50,META,URIBE,Municipio,-74.351508,3.239634,,6498609136.0985565,496,615,0.59,"12,451.2272",60.4,9.877518767,EMBF,1,1.0,1.0,ZOMAC-170,DAILD-52,0.0,51.37046142,59.06,0.2961246298442127,0.0,0.0257499678125402,0.0,5.175743530320586,59.06,0.0,0.01909473,0.74180735,0.82391607,-0.43744925,-0.46999008,0.34881903,0.40126938,Alto,Remota,0.48,NO,SIN_IMPUTACION,OK,SIN_IMPUTACION,OK
50400,50400,50,META,LEJANÍAS,Municipio,-74.023514,3.525115,,824154021.4433103,98,110,0.83,0.0000,39.9,0.0,,0,1.0,0.0,No,No,0.0,43.50677577,57.06,0.4103053435114504,0.0,0.0,0.0,0.8587786259541985,57.06,0.0,0.02246849,0.62190306,-0.60931468,-0.43744925,-0.46089548,-0.12175251,0.2884851,Medio,Presencial con precaución,0.74,NO,SIN_IMPUTACION,OK,SIN_IMPUTACION,OK
50450,50450,50,META,PUERTO CONCORDIA,Municipio,-72.760209,2.624006,,1253459158.8563693,0,0,0.0,987.3353,53.0,43.61574528,"EMBF, EMC",2,1.0,1.0,ZOMAC-170,ZOMAC-NO 52,5.789398335,0.0,67.37,1.7528261145687796,0.0,0.0,0.0,7.354248698082053,67.37,1.91536233,1.0,1.24000968,2.25714682,1.01436971,2.17422517,1.64015515,0.71077048,Alto,Remota,0.0,NO,SIN_IMPUTACION,OK,SIN_IMPUTACION,OK
50568,50568,50,META,PUERTO GAITÁN,Municipio,-72.087649,4.314905,,17418599763.800125,0,0,0.0,0.0000,51.8,26.01513214,"EGC, EMC",2,1.0,0.0,No,No,0.0,94.24232545,71.88,0.9412898969909168,0.0025371695336682,0.0101486781346729,0.0101486781346729,31.30867204546608,71.88,0.0,0.01049953,1.51039385,2.25714682,-0.43744925,-0.49316006,1.04431803,0.56796316,Alto,Remota,0.0,NO,SIN_IMPUTACION,OK,SIN_IMPUTACION,OK
50573,50573,50,META,PUERTO LÓPEZ,Municipio,-72.957324,4.09349,,6989280900.395087,0,0,0.0,0.0000,32.7,32.78102277,EGC,1,0.0,0.0,No es PDET O ZOMAC,No es PDET O ZOMAC,0.0,136.7985646,67.07,0.786585147842254,0.0071507740712932,0.0,0.0,4.648003146340591,67.07,0.0,0.00725697,1.22202403,0.82391607,-0.43744925,-0.501901,0.51210823,0.44040573,Alto,Remota,0.0,NO,SIN_IMPUTACION,OK,SIN_IMPUTACION,OK
50577,50577,50,META,PUERTO LLERAS,Municipio,-73.37385,3.272117,,2560137906.4717894,0,0,0.0,0.0000,43.5,26.17572638,"EMBF, EMC",2,1.0,1.0,ZOMAC-170,ZOMAC-NO 52,0.0,40.65928436,72.91,0.5637367694431661,0.0,0.0,0.0,0.6212609295904279,72.91,0.0,0.02400425,1.57214456,2.25714682,-0.43744925,-0.45675554,1.07139146,0.57445199,Alto,Remota,0.0,NO,SIN_IMPUTACION,OK,SIN_IMPUTACION,OK
50590,50590,50,META,PUERTO RICO,Municipio,-73.206314,2.939621,,3458207970.150691,0,0,0.0,"33,983.7857",47.1,50.60728745,"ELN, EMBF, EMC, SM",4,1.0,1.0,ZOMAC-170,DAILD-52,38.45814609,0.0,62.9,2.4018852533309163,0.0,0.0,0.0,0.1450194869935647,62.9,3.67524052,1.0,0.97202358,5.12360831,2.34833378,2.17422517,2.67309128,0.95833954,Alto,Remota,0.0,NO,SIN_IMPUTACION,OK,SIN_IMPUTACION,OK
50606,50606,50,META,RESTREPO,Municipio,-73.565408,4.259556,,369525442.5642348,2,4,0.07,0.0000,15.3,9.912767645,,0,0.0,0.0,No es PDET O ZOMAC,No es PDET O ZOMAC,0.0,120.0663161,57.28,0.3066065023718616,0.0231401133865555,0.0,0.0,0.1330556519726946,57.28,0.0,0.00825994,0.63509253,-0.60931468,-0.43744925,-0.49919732,-0.12288147,0.28821452,Medio,Presencial con precaución,0.03,NO,SIN_IMPUTACION,OK,SIN_IMPUTACION,OK
50680,50680,50,META,SAN CARLOS DE GUAROA,Municipio,-73.242253,3.71065,,816707426.3747219,0,0,0.0,0.0000,31.9,14.68428781,,0,0.0,0.0,No es PDET O ZOMAC,No es PDET O ZOMAC,0.0,96.81306691,65.83,2.3186105968438686,0.0,0.0,0.0,0.308560345587587,65.83,0.0,0.01022358,1.14768337,-0.60931468,-0.43744925,-0.49390394,0.05731934,0.33140416,Medio,Presencial con precaución,0.0,NO,SIN_IMPUTACION,OK,SIN_IMPUTACION,OK
50683,50683,50,META,SAN JUAN DE ARAMA,Municipio,-73.875832,3.373728,,1180791330.5130477,14,15,0.08,0.0000,37.9,10.0070049,EMC,1,1.0,0.0,No,No,13.23291048,0.0,56.14,0.3932014205986808,0.0634195839675291,0.0,0.0,0.076103500761035,56.14,2.65555692,1.0,0.56674708,0.82391607,1.57542729,2.17422517,1.08675553,0.57813438,Alto,Remota,0.07,NO,SIN_IMPUTACION,OK,SIN_IMPUTACION,OK
50686,50686,50,META,SAN JUANITO,Municipio,-73.676699,4.458181,,240379374.06808716,8,8,0.21,0.0000,"43,2",0.0,,0,1.0,0.0,No,No,0.0,138.6,31.59,0.2712477396021699,0.0,0.0,0.0,0.7233273056057866,31.59,0.0,0.00716332,-0.90507809,-0.60931468,-0.43744925,-0.50215344,-0.6623846,0.15890905,Bajo,Presencial,0.21,NO,SIN_IMPUTACION,OK,SIN_IMPUTACION,OK
50689,50689,50,META,SAN MARTÍN,Municipio,-73.695812,3.701899,,5993717940.686766,0,0,0.0,0.0000,25.5,10.04453075,EGC,1,1.0,0.0,No,No,0.0,86.70500496,65.99,0.713660849947051,0.0046042635480454,0.0046042635480454,0.0092085270960909,0.3499240296514572,65.99,0.0,0.01140186,1.15727571,0.82391607,-0.43744925,-0.49072767,0.49112232,0.43537593,Alto,Remota,0.0,NO,SIN_IMPUTACION,OK,SIN_IMPUTACION,OK
50711,50711,50,META,VISTAHERMOSA,Municipio,-73.750966,3.125579,,4862986486.573821,108,108,0.14,494.2641,48.5,20.62706271,EMBF,1,1.0,1.0,ZOMAC-170,ZVTN_DAILD-52,51.27752811,0.0,55.19,1.378546372084436,0.0061542248753769,0.0123084497507538,0.0,0.1477013970090467,55.19,3.95656661,1.0,0.50979254,0.82391607,2.56157519,2.17422517,1.26405102,0.62062769,Alto,Remota,0.14,NO,SIN_IMPUTACION,OK,SIN_IMPUTACION,OK
52001,52001,52,NARIÑO,PASTO,Municipio,-77.278795,1.212352,,1103895247.7601433,2669,2769,15.68,0.0000,16.3,6.771725145,,0,0.0,0.0,No es PDET O ZOMAC,No es PDET O ZOMAC,0.0,35.25903877,67.81,0.8504462624446824,0.0048662357662603,0.0240449296685807,0.0028624916272119,2.2439071865714797,67.81,0.0,0.02757933,1.26638862,-0.60931468,-0.43744925,-0.44711825,0.10588403,0.34304391,Medio,Presencial con precaución,15.11,SI,SIN_IMPUTACION,OK,SIN_IMPUTACION,OK
52019,52019,52,NARIÑO,ALBÁN,Municipio,-77.080712,1.474978,,38788985.99137028,104,117,18.85,0.0000,44.2,0.0,,0,0.0,0.0,No es PDET O ZOMAC,No es PDET O ZOMAC,0.0,35.45334911,36.51,0.2807959956049322,0.0,0.0122085215480405,0.0,0.183127823220608,36.51,0.0,0.02743232,-0.61011354,-0.60931468,-0.43744925,-0.44751453,-0.55095117,0.18561687,Bajo,Presencial,16.76,SI,SIN_IMPUTACION,OK,SIN_IMPUTACION,OK
52022,52022,52,NARIÑO,ALDANA,Municipio,-77.700564,0.882381,,47781400.55742574,93,110,14.39,0.0000,29.1,25.74333891,,0,0.0,0.0,No es PDET O ZOMAC,No es PDET O ZOMAC,0.0,40.22394425,57.09,0.1455180442374854,0.0,0.0,0.0,77.88125727590221,57.09,0.0,0.02425775,0.62370162,-0.60931468,-0.43744925,-0.4560722,-0.12039952,0.28880938,Medio,Presencial con precaución,12.16,NO,SIN_IMPUTACION,OK,SIN_IMPUTACION,OK
52036,52036,52,NARIÑO,ANCUYA,Municipio,-77.514512,1.263276,,69149675.75778852,98,120,10.85,0.0000,22.2,,,0,0.0,0.0,No es PDET O ZOMAC,No es PDET O ZOMAC,5.789398335,0.0,48.59,0.1737735596845341,0.0,0.0,0.0,0.0935703782916722,48.59,1.91536233,1.0,0.11410838,-0.60931468,1.01436971,2.17422517,0.38615125,0.41021698,Alto,Remota,8.86,NO,SIN_IMPUTACION,OK,SIN_IMPUTACION,OK
52051,52051,52,NARIÑO,ARBOLEDA,Municipio,-77.135467,1.503418,,60458340.40392305,78,85,8.79,0.0000,54.3,0.0,,0,0.0,0.0,No es PDET O ZOMAC,No es PDET O ZOMAC,0.0,28.6334493,37.81,0.4196170993968004,0.0524521374246,0.0,0.0,0.03933910306845,37.81,0.0,0.03374565,-0.53217575,-0.60931468,-0.43744925,-0.43049577,-0.52112013,0.19276663,Bajo,Presencial,8.06,NO,SIN_IMPUTACION,OK,SIN_IMPUTACION,OK
52079,52079,52,NARIÑO,BARBACOAS,Municipio,-78.13765,1.671733,,2739068862.7105017,0,0,0.0,0.0000,76.1,15.35626536,CN-EB,1,1.0,1.0,ZOMAC-170,DAILD-52,64.09691014,0.0,59.89,59.17051236540054,0.0266240681576144,0.0,0.0443734469293574,28.78061767838125,59.89,4.17587708,1.0,0.79156763,0.82391607,2.72780959,2.17422517,1.39591918,0.6522332,Alto,Remota,0.0,NO,SIN_IMPUTACION,OK,SIN_IMPUTACION,OK
52083,52083,52,NARIÑO,BELÉN,Municipio,-77.015619,1.595681,,42045973.73818606,15,29,4.31,0.0000,34.1,30.13863773,,0,0.0,0.0,No es PDET O ZOMAC,No es PDET O ZOMAC,0.0,34.59386942,35.02,0.1509813789632612,0.0,0.0,0.0,0.050327126321087,35.02,0.0,0.02809473,-0.69944223,-0.60931468,-0.43744925,-0.4457289,-0.58194837,0.17818761,Bajo,Presencial,2.23,NO,SIN_IMPUTACION,OK,SIN_IMPUTACION,OK
52110,52110,52,NARIÑO,BUESACO,Municipio,-77.156463,1.381453,,638768271.1863812,4483,4622,45.22,0.0000,39.2,11.96983601,,0,0.0,0.0,No es PDET O ZOMAC,No es PDET O ZOMAC,0.0,33.53001712,47.06,0.1906290759506371,0.0,0.0050165546302799,0.0,0.2407946222534363,47.06,0.0,0.02896031,0.0223816,-0.60931468,-0.43744925,-0.44339555,-0.32896003,0.23882262,Bajo,Presencial,43.86,SI,SIN_IMPUTACION,OK,SIN_IMPUTACION,OK
52203,52203,52,NARIÑO,COLÓN,Municipio,-77.019777,1.643878,,62048749.922429785,39,53,5.34,0.0000,42.4,11.23090746,,0,0.0,0.0,No es PDET O ZOMAC,No es PDET O ZOMAC,0.0,33.83577821,34.2,0.3735188047398248,0.0,0.0,0.0,0.0128799587841318,34.2,0.0,0.02870612,-0.74860299,-0.60931468,-0.43744925,-0.44408077,-0.59890742,0.17412295,Bajo,Presencial,3.93,NO,SIN_IMPUTACION,OK,SIN_IMPUTACION,OK
52207,52207,52,NARIÑO,CONSACÁ,Municipio,-77.466136,1.207854,,119794498.43330656,68,72,3.76,0.0000,34.9,13.8121547,,0,0.0,0.0,No es PDET O ZOMAC,No es PDET O ZOMAC,0.0,11.01130835,53.77,0.207961972667855,0.0099029510794216,0.2475737769855416,0.0,2.1489403842345016,53.77,0.0,0.08325488,0.4246605,-0.60931468,-0.43744925,-0.2970343,-0.16620822,0.27783017,Bajo,Presencial,3.55,NO,SIN_IMPUTACION,OK,SIN_IMPUTACION,OK
52210,52210,52,NARIÑO,CONTADERO,Municipio,-77.549409,0.910458,,43352978.2588411,165,194,27.97,0.0000,44,0.0,,0,0.0,0.0,No es PDET O ZOMAC,No es PDET O ZOMAC,0.0,35.73418337,35.53,0.0622955925868244,0.0155738981467061,0.0,0.0,39.23064943155271,35.53,0.0,0.0272226,-0.66886664,-0.60931468,-0.43744925,-0.44807988,-0.57159956,0.18066797,Bajo,Presencial,23.79,SI,SIN_IMPUTACION,OK,SIN_IMPUTACION,OK
52215,52215,52,NARIÑO,CÓRDOBA,Municipio,-77.517897,0.854564,,305729217.18124527,402,433,8.85,0.0000,41.8,12.24140042,,0,0.0,0.0,No es PDET O ZOMAC,No es PDET O ZOMAC,0.0,30.42481857,56.29,0.0876778849396371,0.0,0.0,0.0134889053753287,97.6529304646928,56.29,0.0,0.03182198,0.5757399,-0.60931468,-0.43744925,-0.43568138,-0.13412749,0.28551912,Medio,Presencial con precaución,8.22,NO,SIN_IMPUTACION,OK,SIN_IMPUTACION,OK
52224,52224,52,NARIÑO,CUASPUD CARLOSAMA,Municipio,-77.728947,0.862978,,57281089.21126253,0,0,0.0,0.0000,51.4,0.0,,0,0.0,0.0,No es PDET O ZOMAC,No es PDET O ZOMAC,0.0,43.18166456,40.56,0.0668523676880222,0.0,0.0,0.0,95.2200557103064,40.56,0.0,0.02263382,-0.36730735,-0.60931468,-0.43744925,-0.46044979,-0.46790929,0.20551994,Bajo,Presencial,0.0,NO,SIN_IMPUTACION,OK,SIN_IMPUTACION,OK
52227,52227,52,NARIÑO,CUMBAL,Municipio,-77.792505,0.906367,,917489119.0170702,3029,3091,21.06,0.0000,28.6,10.31140441,"CDS, EMC",2,0.0,0.0,No es PDET O ZOMAC,No es PDET O ZOMAC,0.0,21.45297233,47.99,0.0550930460333006,0.0061214495592556,0.0,0.0,96.50771302644466,47.99,0.0,0.04453753,0.0781371,2.25714682,-0.43744925,-0.40140421,0.55679155,0.45111521,Alto,Remota,20.63,SI,SIN_IMPUTACION,OK,SIN_IMPUTACION,OK
52233,52233,52,NARIÑO,CUMBITARA,Municipio,-77.578616,1.647163,,356527947.675994,434,454,7.96,0.0000,39.4,80.80155139,,0,1.0,1.0,ZOMAC-170,ZOMAC-NO 52,64.09691014,0.0,70.68,1.1776251226692835,0.0,0.0,0.0,0.1570166830225711,70.68,4.17587708,1.0,1.43845128,-0.60931468,2.72780959,2.17422517,1.19235924,0.60344495,Alto,Remota,7.61,NO,SIN_IMPUTACION,OK,SIN_IMPUTACION,OK
52240,52240,52,NARIÑO,CHACHAGÜÍ,Municipio,-77.281869,1.360545,,146883091.24725962,191,219,9.32,0.0000,32.2,0.0,,0,0.0,0.0,No es PDET O ZOMAC,No es PDET O ZOMAC,0.0,14.82335164,52.6,0.3803512179331553,0.0,0.0,0.0,0.1052035283644897,52.6,0.0,0.06319774,0.35451649,-0.60931468,-0.43744925,-0.35110211,-0.1988688,0.27000225,Bajo,Presencial,8.13,NO,SIN_IMPUTACION,OK,SIN_IMPUTACION,OK
52250,52250,52,NARIÑO,EL CHARCO,Municipio,-78.110217,2.479688,,2500391749.559984,454,530,1.32,0.0000,75.9,21.50630135,,0,1.0,1.0,ZOMAC-170,ZOMAC-NO 52,64.09691014,0.0,45.6,88.40112002278012,0.014237577713445,0.00949171847563,0.042712733140335,4.489582838972996,45.6,4.17587708,1.0,-0.06514853,-0.60931468,2.72780959,2.17422517,0.6660993,0.47731356,Alto,Remota,1.13,NO,SIN_IMPUTACION,OK,SIN_IMPUTACION,OK
52254,52254,52,NARIÑO,EL PEÑOL,Municipio,-77.438522,1.453567,,120332694.12466724,222,255,13.24,0.0000,43,12.8600823,,0,1.0,0.0,No,No,31.84169085,0.0,60.56,0.1452784503631961,0.0,0.0,0.0,0.0161420500403551,60.56,3.49169877,1.0,0.83173556,-0.60931468,2.2092116,2.17422517,0.87628914,0.52769082,Alto,Remota,11.53,NO,SIN_IMPUTACION,OK,SIN_IMPUTACION,OK
52256,52256,52,NARIÑO,EL ROSARIO,Municipio,-77.33417,1.745309,,522521792.919344,427,463,5.54,0.0000,52.1,23.19288751,,0,1.0,1.0,ZOMAC-170,ZOMAC-NO 52,64.09691014,0.0,46.23,0.1692828562634657,0.0,0.0,0.0,0.0461680517082179,46.23,4.17587708,1.0,-0.02737868,-0.60931468,2.72780959,2.17422517,0.67931875,0.48048193,Alto,Remota,5.11,NO,SIN_IMPUTACION,OK,SIN_IMPUTACION,OK
52258,52258,52,NARIÑO,EL TABLÓN DE GÓMEZ,Municipio,-77.097101,1.427277,,308355218.2166144,2386,2516,51.0,0.0000,50.4,6.626027034,,0,0.0,0.0,No es PDET O ZOMAC,No es PDET O ZOMAC,0.0,42.299069,43.23,0.0604457876841707,0.0,0.0,0.0,14.438987533056292,43.23,0.0,0.02309518,-0.20723512,-0.60931468,-0.43744925,-0.45920611,-0.41169746,0.21899252,Bajo,Presencial,48.36,SI,SIN_IMPUTACION,OK,SIN_IMPUTACION,OK
52260,52260,52,NARIÑO,EL TAMBO,Municipio,-77.390772,1.407913,,248339341.18913797,342,342,8.61,0.0000,31.9,0.0,,0,0.0,0.0,No es PDET O ZOMAC,No es PDET O ZOMAC,38.45814609,0.0,56.69,0.393511082557019,0.0401541920976549,0.008030838419531,0.0,0.072277545775779,56.69,3.67524052,1.0,0.59972076,-0.60931468,2.34833378,2.17422517,0.8229084,0.51489679,Alto,Remota,8.61,NO,SIN_IMPUTACION,OK,SIN_IMPUTACION,OK
52287,52287,52,NARIÑO,FUNES,Municipio,-77.448913,1.001159,,396235336.79221815,1367,1409,22.22,0.0000,41.1,0.0,,0,0.0,0.0,No es PDET O ZOMAC,No es PDET O ZOMAC,0.0,41.82648393,16.88,0.0808799741184082,0.0,0.0,0.0,12.568747978000646,16.88,0.0,0.02335004,-1.78697415,-0.60931468,-0.43744925,-0.4585191,-0.96450307,0.08649878,Bajo,Presencial,21.56,SI,SIN_IMPUTACION,OK,SIN_IMPUTACION,OK
52317,52317,52,NARIÑO,GUACHUCAL,Municipio,-77.731589,0.959744,,156117773.7845438,916,984,39.39,0.0000,30.4,0.0,,0,0.0,0.0,No es PDET O ZOMAC,No es PDET O ZOMAC,0.0,36.06546419,50.87,0.1167418413372247,0.0,0.0,0.0,82.22340143274079,50.87,0.0,0.02697929,0.25079927,-0.60931468,-0.43744925,-0.44873576,-0.24981487,0.25779174,Bajo,Presencial,36.67,SI,SIN_IMPUTACION,OK,SIN_IMPUTACION,OK
52320,52320,52,NARIÑO,GUAITARILLA,Municipio,-77.549824,1.129574,,117144263.17183337,547,595,31.75,0.0000,33.6,8.34028357,,0,0.0,0.0,No es PDET O ZOMAC,No es PDET O ZOMAC,0.0,11.63231216,34.29,0.1020976424726192,0.0,0.0,0.0,9.99628735845554,34.29,0.0,0.07916207,-0.7432073,-0.60931468,-0.43744925,-0.30806723,-0.57661689,0.17946544,Bajo,Presencial,29.18,SI,SIN_IMPUTACION,OK,SIN_IMPUTACION,OK
52323,52323,52,NARIÑO,GUALMATÁN,Municipio,-77.568701,0.919652,,30058108.66106228,12,13,2.7,0.0000,30.9,0.0,,0,0.0,0.0,No es PDET O ZOMAC,No es PDET O ZOMAC,0.0,36.12061976,39.44,0.190779014308426,0.0158982511923688,0.0,0.0158982511923688,1.2559618441971383,39.44,0.0,0.02693921,-0.43445375,-0.60931468,-0.43744925,-0.44884382,-0.48966964,0.20030453,Bajo,Presencial,2.5,NO,SIN_IMPUTACION,OK,SIN_IMPUTACION,OK
52352,52352,52,NARIÑO,ILES,Municipio,-77.521227,0.96952,,80803631.7282955,550,581,44.94,0.0000,43.6,0.0,,0,0.0,0.0,No es PDET O ZOMAC,No es PDET O ZOMAC,0.0,30.54671493,36.51,0.2109111361079865,0.0,0.0,0.0,18.025871766029248,36.51,0.0,0.03169902,-0.61011354,-0.60931468,-0.43744925,-0.43601284,-0.54922592,0.18603037,Bajo,Presencial,42.54,SI,SIN_IMPUTACION,OK,SIN_IMPUTACION,OK
52354,52354,52,NARIÑO,IMUÉS,Municipio,-77.496339,1.05506,,82013673.9021998,548,570,43.44,0.0000,40.2,12.50938204,,0,0.0,0.0,No es PDET O ZOMAC,No es PDET O ZOMAC,0.0,20.82489887,29.6,0.1732010706975279,0.0,0.0,0.0157455518815934,8.518343567942056,29.6,0.0,0.04581923,-1.02438286,-0.60931468,-0.43744925,-0.39794916,-0.68851063,0.15264729,Bajo,Presencial,41.76,SI,SIN_IMPUTACION,OK,SIN_IMPUTACION,OK
52356,52356,52,NARIÑO,IPIALES,Municipio,-77.646367,0.827732,,1577233410.5128326,703,763,3.02,0.0000,23.4,22.21381205,"CN-EB, EMC",2,1.0,0.0,No,No,64.09691014,0.0,75.43,0.6535072191976118,0.0009568187689569,0.0047840938447848,0.0019136375379139,33.3422636418436,75.43,4.17587708,1.0,1.72322397,2.25714682,2.72780959,2.17422517,2.15196813,0.8334393,Alto,Remota,2.79,NO,SIN_IMPUTACION,OK,SIN_IMPUTACION,OK
52378,52378,52,NARIÑO,LA CRUZ,Municipio,-76.970504,1.601318,,240040719.5426683,1457,1521,39.6,0.0000,27.8,15.36255633,,0,0.0,0.0,No es PDET O ZOMAC,No es PDET O ZOMAC,0.0,46.115578,40.66,0.1140387731828821,0.0,0.0,0.0,0.0120040813876718,40.66,0.0,0.0212244,-0.36131213,-0.60931468,-0.43744925,-0.46424915,-0.46638087,0.20588626,Bajo,Presencial,37.94,SI,SIN_IMPUTACION,OK,SIN_IMPUTACION,OK
52381,52381,52,NARIÑO,LA FLORIDA,Municipio,-77.402882,1.29753,,136844222.76340213,38,50,2.28,0.0000,59,9.509319133,,0,0.0,0.0,No es PDET O ZOMAC,No es PDET O ZOMAC,19.02230882,0.0,53.58,0.176854205814082,0.0,0.0442135514535205,0.0,0.1658008179507019,53.58,2.99684709,1.0,0.41326959,-0.60931468,1.83412066,2.17422517,0.65480786,0.47460728,Alto,Remota,1.74,NO,SIN_IMPUTACION,OK,SIN_IMPUTACION,OK
52385,52385,52,NARIÑO,LA LLANADA,Municipio,-77.58091,1.472892,,245835130.6149796,73,97,2.47,0.0000,33.6,29.92667963,,0,1.0,0.0,No,No,44.66107287,0.0,53.46,2.067280586355948,0.0,0.0,0.0,0.4510430370231159,53.46,3.82124614,1.0,0.40607533,-0.60931468,2.45900409,2.17422517,0.77726656,0.50395758,Alto,Remota,1.86,NO,SIN_IMPUTACION,OK,SIN_IMPUTACION,OK
52390,52390,52,NARIÑO,LA TOLA,Municipio,-78.189725,2.398999,,417263943.6704411,0,0,0.0,0.0000,73.9,12.97185108,,0,1.0,1.0,ZOMAC-170,ZOMAC-NO 52,64.09691014,0.0,15.33,92.28664272276382,0.0171027877544039,0.0,0.0342055755088079,2.086540106037284,15.33,4.17587708,1.0,-1.87989998,-0.60931468,2.72780959,2.17422517,0.0309363,0.3250808,Medio,Presencial con precaución,0.0,NO,SIN_IMPUTACION,OK,SIN_IMPUTACION,OK
52399,52399,52,NARIÑO,LA UNIÓN,Municipio,-77.131316,1.600219,,142811319.19139597,16,22,0.96,0.0000,48.6,26.9010043,,0,0.0,0.0,No es PDET O ZOMAC,No es PDET O ZOMAC,0.0,23.21088748,61.14,0.2489742960339446,0.0070133604516604,0.0,0.0,0.136760528807378,61.14,0.0,0.04130373,0.86650781,-0.60931468,-0.43744925,-0.41012153,-0.02852475,0.31082947,Medio,Presencial con precaución,0.7,NO,SIN_IMPUTACION,OK,SIN_IMPUTACION,OK
52405,52405,52,NARIÑO,LEIVA,Municipio,-77.306135,1.934453,,311864409.03368545,490,566,11.34,0.0000,55.3,39.18879201,,0,1.0,1.0,ZOMAC-170,DAILD-52,64.09691014,0.0,44.96,1.1340080477990488,0.0,0.0,0.0,0.0121936349225704,44.96,4.17587708,1.0,-0.10351791,-0.60931468,2.72780959,2.17422517,0.65267002,0.47409489,Alto,Remota,9.82,NO,SIN_IMPUTACION,OK,SIN_IMPUTACION,OK
52411,52411,52,NARIÑO,LINARES,Municipio,-77.523953,1.350814,,136161712.17971703,62,63,2.89,0.0000,32.9,28.32326284,,0,1.0,0.0,No,No,55.41281264,0.0,34.37,0.2011397921555481,0.0,0.0,0.0,0.1229187618728349,34.37,4.03269631,1.0,-0.73841113,-0.60931468,2.61928048,2.17422517,0.40875157,0.41563371,Alto,Remota,2.85,NO,SIN_IMPUTACION,OK,SIN_IMPUTACION,OK
52418,52418,52,NARIÑO,LOS ANDES,Municipio,-77.521303,1.494587,,960232910.3792008,571,623,4.06,0.0000,44.9,30.58415741,"AUN, EMC",2,1.0,1.0,ZOMAC-170,DAILD-52,51.27752811,0.0,47.47,1.9232983991707937,0.0460670275250489,0.0,0.0,0.1151675688126223,47.47,3.95656661,1.0,0.04696198,2.25714682,2.56157519,2.17422517,1.53202955,0.68485547,Alto,Remota,3.72,NO,SIN_IMPUTACION,OK,SIN_IMPUTACION,OK
52427,52427,52,NARIÑO,MAGÜÍ,Municipio,-78.182924,1.765633,,1813494762.917668,5,5,0.02,0.0000,85.3,7.65023142,,0,1.0,1.0,ZOMAC-170,ZOMAC-NO 52,64.09691014,0.0,23.41,94.2481511914544,0.0438236099698712,0.0054779512462339,0.0438236099698712,0.2738975623116954,23.41,4.17587708,1.0,-1.39548664,-0.60931468,2.72780959,2.17422517,0.20048097,0.36571644,Medio,Presencial con precaución,0.02,NO,SIN_IMPUTACION,OK,SIN_IMPUTACION,OK
52435,52435,52,NARIÑO,MALLAMA,Municipio,-77.864549,1.141037,,570618767.3763779,1630,1705,18.67,0.0000,39.0,31.77966102,,0,1.0,0.0,No,No,5.789398335,0.0,65.04,0.2759658805820371,0.0,0.0,0.0,93.38936276969392,65.04,1.91536233,1.0,1.10032118,-0.60931468,1.01436971,2.17422517,0.73132573,0.4929467,Alto,Remota,17.85,SI,SIN_IMPUTACION,OK,SIN_IMPUTACION,OK
52473,52473,52,NARIÑO,MOSQUERA,Municipio,-78.452992,2.507139,,770116196.1280884,0,0,0.0,0.0000,70.2,71.28712871,,0,1.0,1.0,ZOMAC-170,ZOMAC-NO 52,64.09691014,0.0,16.57,97.27504410899824,0.01960399921584,0.0,0.03920799843168,0.00980199960792,16.57,4.17587708,1.0,-1.80555932,-0.60931468,2.72780959,2.17422517,0.05695553,0.33131697,Medio,Presencial con precaución,0.0,NO,SIN_IMPUTACION,OK,SIN_IMPUTACION,OK
52480,52480,52,NARIÑO,NARIÑO,Municipio,-77.357972,1.288979,,25412182.627900098,148,172,42.3,0.0000,40.8,22.00220022,,0,0.0,0.0,No es PDET O ZOMAC,No es PDET O ZOMAC,0.0,8.321257245,35.51,1.2977289742949838,0.0,0.0,0.0,0.1746942850012478,35.51,0.0,0.10728167,-0.67006568,-0.60931468,-0.43744925,-0.23226556,-0.53964708,0.18832618,Bajo,Presencial,36.4,SI,SIN_IMPUTACION,OK,SIN_IMPUTACION,OK
52490,52490,52,NARIÑO,OLAYA HERRERA,Municipio,-78.325814,2.347457,,1005979020.7849258,0,0,0.0,0.0000,75.9,7.556008916,EMC,1,1.0,1.0,ZOMAC-170,DAILD-52,64.09691014,0.0,40.86,92.24573890241618,0.009365049634763,0.0,0.0187300992695261,4.532684023225323,40.86,4.17587708,1.0,-0.3493217,0.82391607,2.72780959,2.17422517,0.99660792,0.55652824,Alto,Remota,0.0,NO,SIN_IMPUTACION,OK,SIN_IMPUTACION,OK
52506,52506,52,NARIÑO,OSPINA,Municipio,-77.566082,1.058433,,65059601.39522633,598,625,60.04,0.0000,"28,9",0.0,,0,0.0,0.0,No es PDET O ZOMAC,No es PDET O ZOMAC,0.0,24.89,30.26,0.0770653514180024,0.0,0.0,0.0,4.531442663378545,30.26,0.0,0.03862495,-0.98481444,-0.60931468,-0.43744925,-0.41734269,-0.67757071,0.15526932,Bajo,Presencial,57.45,SI,SIN_IMPUTACION,OK,SIN_IMPUTACION,OK
52520,52520,52,NARIÑO,FRANCISCO PIZARRO,Municipio,-78.658361,2.040629,,526120328.6642653,4,4,0.05,0.0000,69.5,0.0,,0,1.0,1.0,ZOMAC-170,ZOMAC-NO 52,64.09691014,0.0,13.79,85.86810228802153,0.0134589502018842,0.0,0.0942126514131897,0.5114401076716016,13.79,4.17587708,1.0,-1.97222628,-0.60931468,2.72780959,2.17422517,-0.00137791,0.31733589,Medio,Presencial con precaución,0.05,NO,SIN_IMPUTACION,OK,SIN_IMPUTACION,OK
52540,52540,52,NARIÑO,POLICARPA,Municipio,-77.458686,1.627196,,436112853.65357614,853,878,12.58,0.0000,38.7,134.7968419,EMC,1,1.0,1.0,ZOMAC-170,ZVTN_DAILD-52,64.09691014,0.0,79.49,9.350840593937908,0.0,0.0,0.0,0.0859001104429991,79.49,4.17587708,1.0,1.96662968,0.82391607,2.72780959,2.17422517,1.8071909,0.75080479,Alto,Remota,12.22,NO,SIN_IMPUTACION,OK,SIN_IMPUTACION,OK
52560,52560,52,NARIÑO,POTOSÍ,Municipio,-77.573003,0.806639,,389635090.2030224,582,636,10.2,0.0000,27.5,0.0,,0,0.0,0.0,No es PDET O ZOMAC,No es PDET O ZOMAC,0.0,32.00548956,61.08,0.0098241477551822,0.0,0.0,0.0,20.011788977306217,61.08,0.0,0.03029799,0.86291068,-0.60931468,-0.43744925,-0.43978958,-0.03423395,0.30946112,Medio,Presencial con precaución,9.34,NO,SIN_IMPUTACION,OK,SIN_IMPUTACION,OK
52565,52565,52,NARIÑO,PROVIDENCIA,Municipio,-77.596794,1.237814,,40082532.94441752,132,164,25.57,0.0000,55.3,17.18803713,,0,0.0,0.0,No es PDET O ZOMAC,No es PDET O ZOMAC,0.0,3.820719312,46.85,0.0432994154578913,0.0,0.0,0.0,7.772245074691492,46.85,0.0,0.20743792,0.00979165,-0.60931468,-0.43744925,0.03772453,-0.2611985,0.25506337,Bajo,Presencial,20.58,SI,SIN_IMPUTACION,OK,SIN_IMPUTACION,OK
52573,52573,52,NARIÑO,PUERRES,Municipio,-77.504211,0.885125,,351438453.7399287,694,737,13.11,0.0000,32.7,11.20573734,,0,1.0,0.0,No,No,0.0,32.86281242,56.81,0.106774231818721,0.0,0.0,0.0,6.169177838414996,56.81,0.0,0.02953092,0.60691502,-0.60931468,-0.43744925,-0.44185737,-0.1241426,0.28791225,Medio,Presencial con precaución,12.34,NO,SIN_IMPUTACION,OK,SIN_IMPUTACION,OK
52585,52585,52,NARIÑO,PUPIALES,Municipio,-77.636042,0.870442,,130061139.5710246,189,209,10.04,0.0000,32.2,21.88542978,,0,0.0,0.0,No es PDET O ZOMAC,No es PDET O ZOMAC,0.0,38.04214982,51.62,0.152151421094273,0.0121721136875418,0.0,0.0,7.875357555839571,51.62,0.0,0.02561334,0.29576338,-0.60931468,-0.43744925,-0.45241793,-0.23462976,0.26143123,Bajo,Presencial,9.08,NO,SIN_IMPUTACION,OK,SIN_IMPUTACION,OK
52612,52612,52,NARIÑO,RICAURTE,Municipio,-77.995153,1.212492,,1058181650.9617631,2,2,0.01,0.0000,71.9,77.38440704,,0,1.0,1.0,ZOMAC-170,ZOMAC-NO 52,64.09691014,0.0,70.9,1.5221121381524327,0.0,0.0,0.0,75.34731831516024,70.9,4.17587708,1.0,1.45164075,-0.60931468,2.72780959,2.17422517,1.19697555,0.60455137,Alto,Remota,0.01,NO,SIN_IMPUTACION,OK,SIN_IMPUTACION,OK
52621,52621,52,NARIÑO,ROBERTO PAYÁN,Municipio,-78.245716,1.697492,,1460822149.047866,0,0,0.0,0.0000,81.0,0.0,,0,1.0,1.0,ZOMAC-170,DAILD-52,64.09691014,0.0,16.28,80.61682421464718,0.0095483624558388,0.0095483624558388,0.1432254368375823,0.9834813329513988,16.28,4.17587708,1.0,-1.82294544,-0.60931468,2.72780959,2.17422517,0.05087039,0.32985851,Medio,Presencial con precaución,0.0,NO,SIN_IMPUTACION,OK,SIN_IMPUTACION,OK
52678,52678,52,NARIÑO,SAMANIEGO,Municipio,-77.594341,1.335438,,607059203.3685951,117,149,1.53,0.0000,47.7,36.49998341,,0,1.0,0.0,No,No,64.09691014,0.0,56.89,0.2405367768071908,0.0,0.0042199434527577,0.0,10.077224965185469,56.89,4.17587708,1.0,0.61171119,-0.60931468,2.72780959,2.17422517,0.90300021,0.5340928,Alto,Remota,1.2,NO,SIN_IMPUTACION,OK,SIN_IMPUTACION,OK
52683,52683,52,NARIÑO,SANDONÁ,Municipio,-77.47313,1.283438,,101990545.17893964,31,32,1.96,0.0000,28.9,14.0278687,,0,0.0,0.0,No es PDET O ZOMAC,No es PDET O ZOMAC,38.45814609,0.0,49.23,0.5574136008918618,0.0053087009608748,0.0212348038434994,0.0,0.0902479163348728,49.23,3.67524052,1.0,0.15247776,-0.60931468,2.34833378,2.17422517,0.66637334,0.47737924,Alto,Remota,1.9,NO,SIN_IMPUTACION,OK,SIN_IMPUTACION,OK
52685,52685,52,NARIÑO,SAN BERNARDO,Municipio,-77.0475,1.513762,,65475722.7845128,252,292,27.87,0.0000,59.4,0.0,,0,0.0,0.0,No es PDET O ZOMAC,No es PDET O ZOMAC,0.0,38.42826066,29.01,0.0901510029299076,0.0112688753662384,0.0,0.0,0.0450755014649538,29.01,0.0,0.02536252,-1.05975463,-0.60931468,-0.43744925,-0.45309408,-0.70916248,0.14769756,Bajo,Presencial,24.05,SI,SIN_IMPUTACION,OK,SIN_IMPUTACION,OK
52687,52687,52,NARIÑO,SAN LORENZO,Municipio,-77.21542,1.503362,,250243972.34062877,464,468,11.69,0.0000,55.3,30.94059406,,0,0.0,0.0,No es PDET O ZOMAC,No es PDET O ZOMAC,0.0,17.35443174,58.8,0.1323228677974257,0.0,0.0,0.0,0.1022494887525562,58.8,0.0,0.05448275,0.72621979,-0.60931468,-0.43744925,-0.37459499,-0.07229658,0.30033845,Medio,Presencial con precaución,11.59,NO,SIN_IMPUTACION,OK,SIN_IMPUTACION,OK
52693,52693,52,NARIÑO,SAN PABLO,Municipio,-77.013984,1.669429,,112419491.67824812,219,260,14.45,0.0000,41.1,31.36566087,,0,0.0,0.0,No es PDET O ZOMAC,No es PDET O ZOMAC,0.0,41.05570566,55.16,0.2557148392096087,0.0,0.0,0.0,0.0154978690430065,55.16,0.0,0.02377799,0.50799398,-0.60931468,-0.43744925,-0.45736548,-0.16109118,0.2790566,Bajo,Presencial,12.18,NO,SIN_IMPUTACION,OK,SIN_IMPUTACION,OK
52694,52694,52,NARIÑO,SAN PEDRO DE CARTAGO,Municipio,-77.11941,1.551572,,55905148.23999351,48,69,7.71,0.0000,54.6,0.0,,0,0.0,0.0,No es PDET O ZOMAC,No es PDET O ZOMAC,0.0,29.65153693,35.59,0.2891052951917224,0.0,0.0,0.0,0.0304321363359707,35.59,0.0,0.03262479,-0.66526951,-0.60931468,-0.43744925,-0.43351725,-0.56815617,0.18149326,Bajo,Presencial,5.37,NO,SIN_IMPUTACION,OK,SIN_IMPUTACION,OK
52696,52696,52,NARIÑO,SANTA BÁRBARA,Municipio,-77.979916,2.449653,,1229360742.3989718,4,5,0.03,0.0000,75.1,14.14027149,,0,1.0,1.0,ZOMAC-170,ZOMAC-NO 52,64.09691014,0.0,29.39,89.64289687395706,0.0111247079764156,0.0111247079764156,0.0111247079764156,1.724329736344421,29.39,4.17587708,1.0,-1.03697281,-0.60931468,2.72780959,2.17422517,0.32596081,0.39579083,Medio,Presencial con precaución,0.02,NO,SIN_IMPUTACION,OK,SIN_IMPUTACION,OK
52699,52699,52,NARIÑO,SANTACRUZ,Municipio,-77.677035,1.222589,,542305414.1588911,875,914,10.53,0.0000,65.1,0.0,,0,0.0,0.0,No es PDET O ZOMAC,No es PDET O ZOMAC,64.09691014,0.0,39.44,0.0810619110345526,0.0,0.0,0.0,88.97558009930084,39.44,4.17587708,1.0,-0.43445375,-0.60931468,2.72780959,2.17422517,0.53684248,0.44633391,Alto,Remota,10.08,NO,SIN_IMPUTACION,OK,SIN_IMPUTACION,OK
52720,52720,52,NARIÑO,SAPUYES,Municipio,-77.62028,1.037536,,115902252.812159,527,568,30.63,0.0000,43.0,0.0,,0,0.0,0.0,No es PDET O ZOMAC,No es PDET O ZOMAC,0.0,27.05413172,29.14,0.0725268349289237,0.0725268349289237,0.0,0.0,26.35625181317087,29.14,0.0,0.03564537,-1.05196085,-0.60931468,-0.43744925,-0.4253747,-0.70227676,0.1493479,Bajo,Presencial,28.42,SI,SIN_IMPUTACION,OK,SIN_IMPUTACION,OK
52786,52786,52,NARIÑO,TAMINANGO,Municipio,-77.2808,1.570358,,235655970.43606037,116,117,3.1,0.0000,36.1,91.25556927,,0,0.0,0.0,No es PDET O ZOMAC,No es PDET O ZOMAC,31.84169085,0.0,66.08,0.4217492862704386,0.0,0.0,0.0,0.1297690111601349,66.08,3.49169877,1.0,1.16267141,-0.60931468,2.2092116,2.17422517,0.99211669,0.5554518,Alto,Remota,3.08,NO,SIN_IMPUTACION,OK,SIN_IMPUTACION,OK
52788,52788,52,NARIÑO,TANGUA,Municipio,-77.393735,1.09482,,218783375.38117263,810,839,23.97,0.0000,46,7.061149555,,0,0.0,0.0,No es PDET O ZOMAC,No es PDET O ZOMAC,0.0,29.38038889,39.34,0.1451940760816958,0.0,0.0,0.0,6.746684735262801,39.34,0.0,0.03291597,-0.44044896,-0.60931468,-0.43744925,-0.43273232,-0.48935124,0.20038084,Bajo,Presencial,23.14,SI,SIN_IMPUTACION,OK,SIN_IMPUTACION,OK
52835,52835,52,NARIÑO,SAN ANDRÉS DE TUMACO,Municipio,-78.764073,1.807399,,3615916257.730215,1,1,0.0,0.0000,53.7,19.47492603,CN-EB,1,1.0,1.0,ZOMAC-170,ZVTN_DAILD-52,64.09691014,0.0,0.0,83.28958490901812,0.0274354525366671,0.0074149871720721,0.0148299743441443,8.913556079547982,0.0,4.17587708,1.0,-2.79896637,0.82391607,2.72780959,2.17422517,0.13923229,0.35103665,Medio,Presencial con precaución,0.0,NO,SIN_IMPUTACION,OK,SIN_IMPUTACION,OK
52838,52838,52,NARIÑO,TÚQUERRES,Municipio,-77.61672,1.085044,,216972397.10989448,1260,1299,37.42,0.0000,32.5,8.55486879,,0,0.0,0.0,No es PDET O ZOMAC,No es PDET O ZOMAC,0.0,14.83845752,54.67,0.1193061156314872,0.0047722446252594,0.0,0.0,38.18272924670119,54.67,0.0,0.06313746,0.47861743,-0.60931468,-0.43744925,-0.35126459,-0.15545784,0.28040677,Bajo,Presencial,36.29,SI,SIN_IMPUTACION,OK,SIN_IMPUTACION,OK
52885,52885,52,NARIÑO,YACUANQUER,Municipio,-77.400169,1.115937,,103111980.17082416,545,556,33.7,0.0000,44.2,8.698677801,,0,0.0,0.0,No es PDET O ZOMAC,No es PDET O ZOMAC,0.0,19.95748817,49.86,0.1606957179317515,0.0,0.0,0.0,0.7373097646280367,49.86,0.0,0.04771564,0.19024761,-0.60931468,-0.43744925,-0.39283702,-0.26262314,0.25472192,Bajo,Presencial,33.03,SI,SIN_IMPUTACION,OK,SIN_IMPUTACION,OK
54001,54001,54,NORTE DE SANTANDER,SAN JOSÉ DE CÚCUTA,Municipio,-72.508178,7.905725,,1163164275.5743997,435,458,2.46,0.0000,25.7,10.97500232,"EGC, ELN",2,0.0,0.0,No es PDET O ZOMAC,No es PDET O ZOMAC,57.4804549,0.0,67.07,0.5139952042054444,0.0040018312379744,0.0328150161513908,0.0017608057447087,0.0669106182989335,67.07,4.06869259,1.0,1.22202403,2.25714682,2.64656518,2.17422517,1.96029927,0.78750105,Alto,Remota,2.34,NO,SIN_IMPUTACION,OK,SIN_IMPUTACION,OK
54003,54003,54,NORTE DE SANTANDER,ÁBREGO,Municipio,-73.221722,8.081616,,1418668544.1891327,3577,3773,16.62,"34,676.1037",55.8,61.21994657,ELN,1,0.0,0.0,No es PDET O ZOMAC,No es PDET O ZOMAC,31.84169085,0.0,68.99,0.0564446510392456,0.0,0.0,0.0066405471810877,0.0132810943621754,68.99,3.49169877,1.0,1.33713215,0.82391607,2.2092116,2.17422517,1.48314717,0.67313958,Alto,Remota,15.76,SI,SIN_IMPUTACION,OK,SIN_IMPUTACION,OK
54051,54051,54,NORTE DE SANTANDER,ARBOLEDAS,Municipio,-72.798952,7.642985,,467109350.3652671,13,56,0.75,0.0000,53.5,0.0,,0,0.0,0.0,No es PDET O ZOMAC,No es PDET O ZOMAC,0.0,51.48187545,13.87,0.2962231547765984,0.0123426314490249,0.0,0.0,0.0246852628980498,13.87,0.0,0.0190542,-1.96743011,-0.60931468,-0.43744925,-0.47009935,-1.02939969,0.07094468,Bajo,Presencial,0.17,NO,SIN_IMPUTACION,OK,SIN_IMPUTACION,OK
54099,54099,54,NORTE DE SANTANDER,BOCHALEMA,Municipio,-72.64701,7.612192,,174346524.7765634,26,38,1.36,0.0000,36.3,0.0,,0,0.0,0.0,No es PDET O ZOMAC,No es PDET O ZOMAC,0.0,54.70644717,43.24,0.2329983981360128,0.0291247997670016,0.0,0.0,0.0436871996505024,43.24,0.0,0.01795124,-0.2066356,-0.60931468,-0.43744925,-0.47307257,-0.4135676,0.21854429,Bajo,Presencial,0.93,NO,SIN_IMPUTACION,OK,SIN_IMPUTACION,OK
54109,54109,54,NORTE DE SANTANDER,BUCARASICA,Municipio,-72.868231,8.041299,,277926237.8534154,979,1028,23.12,"11,750.0708",67.9,27.53683051,,0,1.0,0.0,No,No,13.23291048,0.0,66.24,0.6385696040868455,0.0,0.0,0.0,0.0,66.24,2.65555692,1.0,1.17226375,-0.60931468,1.57542729,2.17422517,0.86871714,0.525876,Alto,Remota,22.02,SI,SIN_IMPUTACION,OK,SIN_IMPUTACION,OK
54125,54125,54,NORTE DE SANTANDER,CÁCOTA,Municipio,-72.642059,7.268705,,142017327.21794623,284,314,13.82,0.0000,48.9,0.0,,0,0.0,0.0,No es PDET O ZOMAC,No es PDET O ZOMAC,0.0,93.04345008,35.78,0.0367242012486228,0.0,0.0367242012486228,0.0367242012486228,0.0367242012486228,35.78,0.0,0.01063338,-0.6538786,-0.60931468,-0.43744925,-0.49279924,-0.57306165,0.18031754,Bajo,Presencial,12.5,NO,SIN_IMPUTACION,OK,SIN_IMPUTACION,OK
54128,54128,54,NORTE DE SANTANDER,CÁCHIRA,Municipio,-73.048983,7.741248,,630933698.0873549,776,851,8.43,0.0000,56.4,0.0,,0,0.0,0.0,No es PDET O ZOMAC,No es PDET O ZOMAC,0.0,45.83183544,19.84,0.2661420967368664,0.0,0.0,0.0,0.0,19.84,0.0,0.021353,-1.6095158,-0.60931468,-0.43744925,-0.4639025,-0.90320016,0.10119156,Bajo,Presencial,7.69,NO,SIN_IMPUTACION,OK,SIN_IMPUTACION,OK
54172,54172,54,NORTE DE SANTANDER,CHINÁCOTA,Municipio,-72.601162,7.603112,,170187201.19419903,78,101,3.71,0.0000,"30,3",20.15621063,ELN,1,0.0,0.0,No es PDET O ZOMAC,No es PDET O ZOMAC,0.0,62.92,59.75,0.2757583354224116,0.0062672348959639,0.0,0.0,0.0188017046878917,59.75,0.0,0.01564456,0.78317433,0.82391607,-0.43744925,-0.47929068,0.36190238,0.40440513,Alto,Remota,2.86,NO,SIN_IMPUTACION,OK,SIN_IMPUTACION,OK
54174,54174,54,NORTE DE SANTANDER,CHITAGÁ,Municipio,-72.665468,7.138187,,1210294702.7786164,219,246,1.27,0.0000,54.8,45.01125281,,0,0.0,0.0,No es PDET O ZOMAC,No es PDET O ZOMAC,0.0,120.4038671,38.41,0.1421262080727686,0.0,0.0,0.0,4.765965510706841,38.41,0.0,0.00823697,-0.49620446,-0.60931468,-0.43744925,-0.49925923,-0.5188447,0.19331199,Bajo,Presencial,1.13,NO,SIN_IMPUTACION,OK,SIN_IMPUTACION,OK
54206,54206,54,NORTE DE SANTANDER,CONVENCIÓN,Municipio,-73.3372,8.470374,,960553303.6405476,462,540,3.51,0.0000,64.0,9.445100354,ELN,1,1.0,1.0,ZOMAC-170,ZOMAC-NO 52,64.09691014,0.0,54.5,0.0894904636724649,0.0,0.0167794619385871,0.0,3.680295318530119,54.5,4.17587708,1.0,0.46842556,0.82391607,2.72780959,2.17422517,1.28281946,0.62512602,Alto,Remota,3.01,NO,SIN_IMPUTACION,OK,SIN_IMPUTACION,OK
54223,54223,54,NORTE DE SANTANDER,CUCUTILLA,Municipio,-72.772816,7.539633,,383705915.0541769,8,11,0.18,0.0000,71.1,0.0,,0,0.0,0.0,No es PDET O ZOMAC,No es PDET O ZOMAC,0.0,64.47810074,36.68,0.1830543933054393,0.0,0.0,0.0,0.0915271966527196,36.68,0.0,0.01527228,-0.59992167,-0.60931468,-0.43744925,-0.48029422,-0.55230097,0.18529336,Bajo,Presencial,0.13,NO,SIN_IMPUTACION,OK,SIN_IMPUTACION,OK
54239,54239,54,NORTE DE SANTANDER,DURANIA,Municipio,-72.658491,7.714804,,179302872.28224182,5,9,0.31,0.0000,44.5,19.24187031,,0,0.0,0.0,No es PDET O ZOMAC,No es PDET O ZOMAC,0.0,42.42183574,36.2,0.0457980306846805,0.0,0.0,0.0,0.0915960613693611,36.2,0.0,0.02302989,-0.6286987,-0.60931468,-0.43744925,-0.45938213,-0.55923612,0.18363117,Bajo,Presencial,0.17,NO,SIN_IMPUTACION,OK,SIN_IMPUTACION,OK
54245,54245,54,NORTE DE SANTANDER,EL CARMEN,Municipio,-73.446687,8.510579,,1780898977.6028848,3919,4165,14.62,0.0000,68.9,46.41909814,"ELN, EMBF",2,1.0,1.0,ZOMAC-170,ZOMAC-NO 52,57.4804549,0.0,65.75,0.250857095074839,0.0,0.0,0.0,5.769713186721298,65.75,4.06869259,1.0,1.1428872,2.25714682,2.64656518,2.17422517,1.93260138,0.78086256,Alto,Remota,13.75,NO,SIN_IMPUTACION,OK,SIN_IMPUTACION,OK
54250,54250,54,NORTE DE SANTANDER,EL TARRA,Municipio,-73.09614,8.574281,,724901861.9211075,23,27,0.23,0.0000,71.2,8.503039837,ELN,1,1.0,1.0,ZOMAC-170,DAILD-52,64.09691014,0.0,60.45,0.1632782049931528,0.0,0.0,0.0,0.8321921415780049,60.45,4.17587708,1.0,0.82514083,0.82391607,2.72780959,2.17422517,1.4076698,0.65504953,Alto,Remota,0.2,NO,SIN_IMPUTACION,OK,SIN_IMPUTACION,OK
54261,54261,54,NORTE DE SANTANDER,EL ZULIA,Municipio,-72.604717,7.938572,,518503061.2407928,699,743,8.96,0.0000,41.9,64.90134995,ELN,1,1.0,0.0,No,No,55.41281264,0.0,63.64,0.1923150890418862,0.0038463017808377,0.0,0.0,0.0307704142467017,63.64,4.03269631,1.0,1.01638817,0.82391607,2.61928048,2.17422517,1.45290055,0.66589022,Alto,Remota,8.43,NO,SIN_IMPUTACION,OK,SIN_IMPUTACION,OK
54313,54313,54,NORTE DE SANTANDER,GRAMALOTE,Municipio,-72.787233,7.916946,,152808920.7974806,262,316,12.92,0.0000,"42,3",0.0,,0,0.0,0.0,No es PDET O ZOMAC,No es PDET O ZOMAC,0.0,20.98,23.92,0.0676246830092984,0.0,0.0,0.0169061707523246,0.0169061707523246,23.92,0.0,0.04549591,-1.36491105,-0.60931468,-0.43744925,-0.39882074,-0.80782623,0.12405032,Bajo,Presencial,10.72,NO,SIN_IMPUTACION,OK,SIN_IMPUTACION,OK
54344,54344,54,NORTE DE SANTANDER,HACARÍ,Municipio,-73.145997,8.321506,,430691352.4546433,524,619,8.98,"11,859.5755",73.4,8.651267411,EMBF,1,1.0,1.0,ZOMAC-170,ZOMAC-NO 52,38.45814609,0.0,48.77,0.010392849719393,0.0,0.0,0.0,0.0207856994387861,48.77,3.67524052,1.0,0.12489977,0.82391607,2.34833378,2.17422517,1.08669027,0.57811873,Alto,Remota,7.6,NO,SIN_IMPUTACION,OK,SIN_IMPUTACION,OK
54347,54347,54,NORTE DE SANTANDER,HERRÁN,Municipio,-72.483519,7.506541,,109434350.58711644,227,241,13.76,0.0000,"52,4",,ELN,1,0.0,0.0,No es PDET O ZOMAC,No es PDET O ZOMAC,0.0,74.98,32.98,0.0213265088505011,0.0,0.0,0.0,0.0,32.98,0.0,0.01316136,-0.82174461,0.82391607,-0.43744925,-0.48598461,-0.20082333,0.26953379,Bajo,Presencial,12.96,NO,SIN_IMPUTACION,OK,SIN_IMPUTACION,OK
54377,54377,54,NORTE DE SANTANDER,LABATECA,Municipio,-72.495983,7.298414,,261708296.05532008,346,384,9.17,0.0000,"41,3",13.91014049,ELN,1,0.0,0.0,No es PDET O ZOMAC,No es PDET O ZOMAC,0.0,98.06,31.0,0.1083423618634886,0.0,0.0,0.0,0.0,31.0,0.0,0.01009489,-0.94044986,0.82391607,-0.43744925,-0.49425085,-0.24361011,0.25927887,Bajo,Presencial,8.26,NO,SIN_IMPUTACION,OK,SIN_IMPUTACION,OK
54385,54385,54,NORTE DE SANTANDER,LA ESPERANZA,Municipio,-73.328126,7.639839,,686455596.4130812,0,0,0.0,0.0000,57.1,22.82410225,"EGC, EMBF",2,0.0,0.0,No es PDET O ZOMAC,No es PDET O ZOMAC,0.0,37.44352301,56.32,0.1177536231884058,0.0,0.0,0.0,0.0090579710144927,56.32,0.0,0.02601218,0.57753847,2.25714682,-0.43744925,-0.45134278,0.72409124,0.49121278,Alto,Remota,0.0,NO,SIN_IMPUTACION,OK,SIN_IMPUTACION,OK
54398,54398,54,NORTE DE SANTANDER,LA PLAYA,Municipio,-73.239986,8.21124,,248853969.64875683,1072,1223,30.72,732.0774,67.9,57.20169317,EMBF,1,1.0,0.0,ZOMAC-NO 170,ZOMAC-NO 52,28.94699168,0.0,49.28,0.0699692135460397,0.0,0.0,0.0,0.0,49.28,3.39942887,1.0,0.15547536,0.82391607,2.13927226,2.17422517,1.05557942,0.57066224,Alto,Remota,26.92,SI,SIN_IMPUTACION,OK,SIN_IMPUTACION,OK
54405,54405,54,NORTE DE SANTANDER,LOS PATIOS,Municipio,-72.505612,7.833186,,130695941.80238517,580,649,31.04,0.0000,21.4,10.60414719,EGC,1,0.0,0.0,No es PDET O ZOMAC,No es PDET O ZOMAC,0.0,47.25369866,57.66,0.5498569878686261,0.0036985896044974,0.0049314528059966,0.0024657264029983,0.0345201696419765,57.66,0.0,0.0207238,0.65787434,0.82391607,-0.43744925,-0.46559862,0.3201012,0.39438643,Medio,Presencial con precaución,27.74,SI,SIN_IMPUTACION,OK,SIN_IMPUTACION,OK
54418,54418,54,NORTE DE SANTANDER,LOURDES,Municipio,-72.832376,7.945631,,88813569.26476836,256,311,21.89,0.0000,"45,3",0.0,ELN,1,0.0,0.0,No es PDET O ZOMAC,No es PDET O ZOMAC,0.0,13.45,39.66,0.1943364797334814,0.0,0.0,0.0,0.0832870627429206,39.66,0.0,0.06920415,-0.42126428,0.82391607,-0.43744925,-0.33491068,-0.03799413,0.3085599,Medio,Presencial con precaución,18.02,SI,SIN_IMPUTACION,OK,SIN_IMPUTACION,OK
54480,54480,54,NORTE DE SANTANDER,MUTISCUA,Municipio,-72.747169,7.300469,,162396696.85104918,153,184,7.08,0.0000,42.2,41.29671691,,0,0.0,0.0,No es PDET O ZOMAC,No es PDET O ZOMAC,0.0,85.21152194,23.85,0.1285016705217168,0.0,0.0,0.0,0.0,23.85,0.0,0.01159938,-1.3691077,-0.60931468,-0.43744925,-0.49019522,-0.82300123,0.12041325,Bajo,Presencial,5.89,NO,SIN_IMPUTACION,OK,SIN_IMPUTACION,OK
54498,54498,54,NORTE DE SANTANDER,OCAÑA,Municipio,-73.35607,8.248574,,536900693.4189546,1452,1623,18.89,0.0000,31.4,19.21030855,"ACSN, ELN",2,0.0,0.0,No es PDET O ZOMAC,No es PDET O ZOMAC,5.789398335,0.0,71.4,0.3162526768530148,0.0009035790767228,0.0,0.0009035790767228,0.0903579076722899,71.4,1.91536233,1.0,1.48161682,2.25714682,1.01436971,2.17422517,1.72471765,0.73103801,Alto,Remota,16.9,SI,SIN_IMPUTACION,OK,SIN_IMPUTACION,OK
54518,54518,54,NORTE DE SANTANDER,PAMPLONA,Municipio,-72.647714,7.372802,,305092564.5997592,894,974,19.95,0.0000,20.5,3.515309171,,0,0.0,0.0,No es PDET O ZOMAC,No es PDET O ZOMAC,0.0,80.79088615,58.13,0.6338578283673697,0.0022318937618569,0.0022318937618569,0.0044637875237138,0.0580292378082803,58.13,0.0,0.0122263,0.68605185,-0.60931468,-0.43744925,-0.48850523,-0.10344189,0.2928737,Medio,Presencial con precaución,18.31,SI,SIN_IMPUTACION,OK,SIN_IMPUTACION,OK
54520,54520,54,NORTE DE SANTANDER,PAMPLONITA,Municipio,-72.639111,7.436745,,174902293.59344974,293,332,11.86,0.0000,41.7,0.0,,0,0.0,0.0,No es PDET O ZOMAC,No es PDET O ZOMAC,0.0,71.32135512,41.08,0.0202880908906471,0.0,0.0,0.0,0.0405761817812943,41.08,0.0,0.01382717,-0.33613223,-0.60931468,-0.43744925,-0.48418978,-0.460559,0.20728162,Bajo,Presencial,10.47,NO,SIN_IMPUTACION,OK,SIN_IMPUTACION,OK
54553,54553,54,NORTE DE SANTANDER,PUERTO SANTANDER,Municipio,-72.411363,8.359993,,46166685.15058948,0,0,0.0,0.0000,"42,9",110.965399,EGC,1,0.0,0.0,No es PDET O ZOMAC,No es PDET O ZOMAC,0.0,8.866,49.78,1.0320678215997052,0.0,0.0,0.0,0.0,49.78,0.0,0.1013582,0.18545144,0.82391607,-0.43744925,-0.24823338,0.18735797,0.36257118,Medio,Presencial con precaución,0.0,NO,SIN_IMPUTACION,OK,SIN_IMPUTACION,OK
54599,54599,54,NORTE DE SANTANDER,RAGONVALIA,Municipio,-72.476708,7.577861,,100036047.67298664,79,90,5.62,0.0000,41.4,3.936542928,,0,0.0,0.0,No es PDET O ZOMAC,No es PDET O ZOMAC,0.0,63.64725309,43.71,0.2044229697082326,0.0,0.0,0.0,0.0,43.71,0.0,0.01546856,-0.17845809,-0.60931468,-0.43744925,-0.47976511,-0.40470935,0.22066739,Bajo,Presencial,4.94,NO,SIN_IMPUTACION,OK,SIN_IMPUTACION,OK
54660,54660,54,NORTE DE SANTANDER,SALAZAR,Municipio,-72.813064,7.773683,,506155772.85191846,35,59,0.73,0.0000,48.8,0.0,,0,0.0,0.0,No es PDET O ZOMAC,No es PDET O ZOMAC,0.0,33.82764731,48.13,0.3438789546079779,0.0,0.0,0.0,0.0,48.13,0.0,0.02871282,0.0865304,-0.60931468,-0.43744925,-0.44406271,-0.30660802,0.24417984,Bajo,Presencial,0.43,NO,SIN_IMPUTACION,OK,SIN_IMPUTACION,OK
54670,54670,54,NORTE DE SANTANDER,SAN CALIXTO,Municipio,-73.208622,8.40214,,409333208.8934228,895,992,15.15,0.0014,73.5,6.898454746,ELN,1,1.0,1.0,ZOMAC-170,ZOMAC-NO 52,64.09691014,0.0,57.7,0.1815431164901664,0.0,0.0,0.0,0.0,57.7,4.17587708,1.0,0.66027243,0.82391607,2.72780959,2.17422517,1.34996586,0.64121934,Alto,Remota,13.67,NO,SIN_IMPUTACION,OK,SIN_IMPUTACION,OK
54673,54673,54,NORTE DE SANTANDER,SAN CAYETANO,Municipio,-72.625459,7.875695,,142756068.74248907,84,111,4.86,0.0000,37.6,37.02789435,EMBF,1,0.0,0.0,No es PDET O ZOMAC,No es PDET O ZOMAC,0.0,35.22364305,58.28,1.018421446757526,0.0,0.0,0.0,0.0149767859817283,58.28,0.0,0.02760628,0.69504467,0.82391607,-0.43744925,-0.4470456,0.33589377,0.39817151,Alto,Remota,3.68,NO,SIN_IMPUTACION,OK,SIN_IMPUTACION,OK
54680,54680,54,NORTE DE SANTANDER,SANTIAGO,Municipio,-72.716203,7.865856,,176893416.91201553,13,17,0.6,0.0000,48.1,0.0,EMBF,1,1.0,0.0,No,No,0.0,25.9888306,46.47,0.0324780772978239,0.0,0.0,0.0,0.0649561545956479,46.47,0.0,0.03705236,-0.01299017,0.82391607,-0.43744925,-0.42158189,0.09190113,0.33969255,Medio,Presencial con precaución,0.46,NO,SIN_IMPUTACION,OK,SIN_IMPUTACION,OK
54720,54720,54,NORTE DE SANTANDER,SARDINATA,Municipio,-72.800577,8.082105,,1507622924.1410353,1357,1486,6.16,0.0001,53.8,17.24792163,"ELN, EPL",2,1.0,1.0,ZOMAC-170,ZOMAC-NO 52,64.09691014,0.0,76.0,0.0756179403563495,0.0,0.0,0.0047261212722718,0.0094522425445436,76.0,4.17587708,1.0,1.75739669,2.25714682,2.72780959,2.17422517,2.16392858,0.83630593,Alto,Remota,5.63,NO,SIN_IMPUTACION,OK,SIN_IMPUTACION,OK
54743,54743,54,NORTE DE SANTANDER,SILOS,Municipio,-72.757128,7.204736,,323823874.48389405,523,543,10.48,0.0000,46.6,0.0,,0,0.0,0.0,No es PDET O ZOMAC,No es PDET O ZOMAC,0.0,99.85248884,22.13,0.0,0.0,0.0,0.0,0.0,22.13,0.0,0.00991547,-1.47222539,-0.60931468,-0.43744925,-0.49473451,-0.85977332,0.11159989,Bajo,Presencial,10.09,NO,SIN_IMPUTACION,OK,SIN_IMPUTACION,OK
54800,54800,54,NORTE DE SANTANDER,TEORAMA,Municipio,-73.28707,8.438134,,954932496.1189746,295,359,2.35,0.0000,67.1,16.01622978,"ELN, EMBF",2,1.0,1.0,ZOMAC-170,DAILD-52,64.09691014,0.0,52.85,0.04720692368214,0.0,0.0,0.0,3.5955940204563337,52.85,4.17587708,1.0,0.36950452,2.25714682,2.72780959,2.17422517,1.67816632,0.71988081,Alto,Remota,1.93,NO,SIN_IMPUTACION,OK,SIN_IMPUTACION,OK
54810,54810,54,NORTE DE SANTANDER,TIBÚ,Municipio,-72.734496,8.639891,,2759340587.271817,30,49,0.11,0.0000,57.6,37.00664511,"ELN, EMBF",2,1.0,1.0,ZOMAC-170,ZVTN_DAILD-52,64.09691014,0.0,88.64,0.1290473955889254,0.0019552635695291,0.0,0.0019552635695291,1.4038792429219458,88.64,4.17587708,1.0,2.51519181,2.25714682,2.72780959,2.17422517,2.42915687,0.89987454,Alto,Remota,0.07,NO,SIN_IMPUTACION,OK,SIN_IMPUTACION,OK
54820,54820,54,NORTE DE SANTANDER,TOLEDO,Municipio,-72.481915,7.307692,,1512851761.0522552,289,314,1.3,0.0000,50.1,16.93575703,"ELN, EMBF",2,0.0,0.0,No es PDET O ZOMAC,No es PDET O ZOMAC,0.0,108.3310258,46.65,0.0474158368895211,0.0067736909842173,0.0,0.0,4.694167852062589,46.65,0.0,0.00914653,-0.00219878,2.25714682,-0.43744925,-0.49680732,0.51436352,0.44094627,Alto,Remota,1.19,NO,SIN_IMPUTACION,OK,SIN_IMPUTACION,OK
54871,54871,54,NORTE DE SANTANDER,VILLA CARO,Municipio,-72.973601,7.914244,,411356530.79189664,1761,1905,28.94,0.0000,"64,8",34.92229789,,0,0.0,0.0,No es PDET O ZOMAC,No es PDET O ZOMAC,0.0,17.79,32.3,0.2390265102129508,0.0,0.0,0.0,0.0,32.3,0.0,0.0532198,-0.86251207,-0.60931468,-0.43744925,-0.37799953,-0.62886341,0.16694325,Bajo,Presencial,26.76,SI,SIN_IMPUTACION,OK,SIN_IMPUTACION,OK
54874,54874,54,NORTE DE SANTANDER,VILLA DEL ROSARIO,Municipio,-72.469758,7.847672,,92828560.63749713,815,910,61.27,0.0000,24.6,36.99847704,EGC,1,0.0,0.0,No es PDET O ZOMAC,No es PDET O ZOMAC,0.0,46.60566359,62.21,0.3324425440940673,0.0010689470871191,0.0256547300908605,0.0,0.0149652592196686,62.21,0.0,0.0210059,0.9306566,0.82391607,-0.43744925,-0.46483816,0.41568906,0.41729646,Alto,Remota,54.87,SI,SIN_IMPUTACION,OK,SIN_IMPUTACION,OK
63001,63001,63,QUINDÍO,ARMENIA,Municipio,-75.680786,4.53598,,123083258.55159856,0,0,0.0,0.0000,14.4,31.60889264,,0,0.0,0.0,No es PDET O ZOMAC,No es PDET O ZOMAC,0.0,65.23831268,61.22,1.6356855597237083,0.0069401575781041,0.0014610858059166,0.0007305429029583,0.6863450573293542,61.22,0.0,0.015097,0.87130398,-0.60931468,-0.43744925,-0.48076671,-0.03744287,0.30869202,Medio,Presencial con precaución,0.0,NO,SIN_IMPUTACION,OK,SIN_IMPUTACION,OK
63111,63111,63,QUINDÍO,BUENAVISTA,Municipio,-75.739572,4.360029,,38907057.16761123,0,0,0.0,0.0000,29,0.0,,0,0.0,0.0,No es PDET O ZOMAC,No es PDET O ZOMAC,0.0,69.64995368,37.16,0.484893696381947,0.0,0.0,0.0,3.1704587840358074,37.16,0.0,0.01415429,-0.57114464,-0.60931468,-0.43744925,-0.48330797,-0.54268107,0.18759901,Bajo,Presencial,0.0,NO,SIN_IMPUTACION,OK,SIN_IMPUTACION,OK
63130,63130,63,QUINDÍO,CALARCÁ,Municipio,-75.646085,4.520982,,223493784.67659,135,157,4.39,0.0000,"19,9",,,0,0.0,0.0,No es PDET O ZOMAC,No es PDET O ZOMAC,0.0,73.22,66.64,0.570884871550904,0.0,0.0014416284635123,0.0,0.3950061990023931,66.64,0.0,0.01347346,1.19624461,-0.60931468,-0.43744925,-0.48514329,0.07562987,0.33579274,Medio,Presencial con precaución,3.78,NO,SIN_IMPUTACION,OK,SIN_IMPUTACION,OK
63190,63190,63,QUINDÍO,CIRCASIA,Municipio,-75.636533,4.617759,,91443194.74000144,0,0,0.0,0.0000,17.3,,,0,0.0,0.0,No es PDET O ZOMAC,No es PDET O ZOMAC,0.0,63.43686255,53.0,0.3506829088224437,0.0036913990402362,0.0,0.0,0.0849021779254337,53.0,0.0,0.01551907,0.37849734,-0.60931468,-0.43744925,-0.47962896,-0.20975453,0.26739321,Bajo,Presencial,0.0,NO,SIN_IMPUTACION,OK,SIN_IMPUTACION,OK
63212,63212,63,QUINDÍO,CÓRDOBA,Municipio,-75.687866,4.392485,,94077518.46635967,129,160,10.63,0.0000,30.7,,,0,0.0,0.0,No es PDET O ZOMAC,No es PDET O ZOMAC,0.0,79.05467217,40.18,1.5772298767222626,0.0,0.0,0.0,1.9216823785351704,40.18,0.0,0.01249146,-0.39008916,-0.60931468,-0.43744925,-0.48779044,-0.47998403,0.20262593,Bajo,Presencial,8.57,NO,SIN_IMPUTACION,OK,SIN_IMPUTACION,OK
63272,63272,63,QUINDÍO,FILANDIA,Municipio,-75.658387,4.674338,,107902685.658029,0,0,0.0,0.0000,18.1,,,0,0.0,0.0,No es PDET O ZOMAC,No es PDET O ZOMAC,0.0,59.63903308,47.43,0.1788428865241885,0.0,0.0,0.0,0.1251900205669319,47.43,0.0,0.01649103,0.04456389,-0.60931468,-0.43744925,-0.47700886,-0.32623822,0.23947497,Bajo,Presencial,0.0,NO,SIN_IMPUTACION,OK,SIN_IMPUTACION,OK
63302,63302,63,QUINDÍO,GÉNOVA,Municipio,-75.790402,4.206641,,298232500.4361495,109,114,2.39,0.0000,33.1,,FRENTE 57,1,1.0,0.0,No,No,0.0,75.12205665,,0.1418439716312056,0.0,0.0,0.0,0.0425531914893617,47.92,0.0,0.0131368,0.07394045,0.82391607,-0.43744925,-0.48605082,0.1126565,0.3446671,Medio,Presencial con precaución,2.28,NO,IMPUTADO_MEDIANA,OK,CON_IMPUTACION,Risk score calculado con imputación de mediana en al menos un input
63401,63401,63,QUINDÍO,LA TEBAIDA,Municipio,-75.786887,4.453755,,90432815.35949127,0,0,0.0,0.0000,"27,4",,,0,0.0,0.0,No es PDET O ZOMAC,No es PDET O ZOMAC,0.0,60.34,73.97,1.2157212766612293,0.0,0.0,0.0,0.5539995691114462,73.97,0.0,0.01630258,1.63569384,-0.60931468,-0.43744925,-0.47751686,0.23058106,0.37293068,Medio,Presencial con precaución,0.0,NO,SIN_IMPUTACION,OK,SIN_IMPUTACION,OK
63470,63470,63,QUINDÍO,MONTENEGRO,Municipio,-75.749827,4.565057,,150848726.3793866,0,0,0.0,0.0000,25.8,,,0,0.0,0.0,No es PDET O ZOMAC,No es PDET O ZOMAC,0.0,56.12546082,59.55,0.9846889407479082,0.0,0.002845921794069,0.0,0.2219818999373897,59.55,0.0,0.01750533,0.7711839,-0.60931468,-0.43744925,-0.47427462,-0.07151108,0.30052672,Medio,Presencial con precaución,0.0,NO,SIN_IMPUTACION,OK,SIN_IMPUTACION,OK
63548,63548,63,QUINDÍO,PIJAO,Municipio,-75.703329,4.335036,,251458533.7079036,76,145,3.6,0.0000,28.8,,,0,1.0,0.0,No,No,0.0,77.89963049,52.82,0.0618046971569839,0.0,0.0,0.0,1.2978986402966626,52.82,0.0,0.01267433,0.36770596,-0.60931468,-0.43744925,-0.48729748,-0.21468179,0.26621227,Bajo,Presencial,1.89,NO,SIN_IMPUTACION,OK,SIN_IMPUTACION,OK
63594,63594,63,QUINDÍO,QUIMBAYA,Municipio,-75.765074,4.624387,,135161422.04750657,0,0,0.0,0.0000,22.0,,,0,0.0,0.0,No es PDET O ZOMAC,No es PDET O ZOMAC,0.0,51.61417178,59.08,0.4381879032536315,0.0,0.0,0.0,0.4450885001552634,59.08,0.0,0.01900629,0.74300639,-0.60931468,-0.43744925,-0.4702285,-0.08076629,0.29830847,Medio,Presencial con precaución,0.0,NO,SIN_IMPUTACION,OK,SIN_IMPUTACION,OK
63690,63690,63,QUINDÍO,SALENTO,Municipio,-75.570844,4.637157,,351678489.58561784,3,46,0.82,0.0000,19.7,,,0,1.0,0.0,No,No,0.0,76.49207902,36.61,0.2670226969292389,0.0133511348464619,0.0,0.0,0.2670226969292389,36.61,0.0,0.01290454,-0.60411832,-0.60931468,-0.43744925,-0.4866769,-0.5547272,0.18471185,Bajo,Presencial,0.05,NO,SIN_IMPUTACION,OK,SIN_IMPUTACION,OK
66001,66001,66,RISARALDA,PEREIRA,Municipio,-75.719711,4.804985,,615985797.3951861,0,0,0.0,0.0000,15.1,21.34790241,,0,0.0,0.0,No es PDET O ZOMAC,No es PDET O ZOMAC,0.0,51.12006012,61.56,2.45498940203894,0.016966573391495,0.0019671389439414,0.0041801702558755,0.4600646205143084,61.56,0.0,0.01918647,0.89168771,-0.60931468,-0.43744925,-0.46974278,-0.02865497,0.31079826,Medio,Presencial con precaución,0.0,NO,SIN_IMPUTACION,OK,SIN_IMPUTACION,OK
66045,66045,66,RISARALDA,APÍA,Municipio,-75.942356,5.106526,,152033630.35868716,22,25,1.03,0.0000,33.6,15.82654111,,0,0.0,0.0,No es PDET O ZOMAC,No es PDET O ZOMAC,0.0,28.03807219,57.26,0.5064715813168261,0.0,0.0,0.009379103357719,1.3787281935846931,57.26,0.0,0.03443755,0.63389348,-0.60931468,-0.43744925,-0.42863063,-0.11271613,0.29065089,Medio,Presencial con precaución,0.9,NO,SIN_IMPUTACION,OK,SIN_IMPUTACION,OK
66075,66075,66,RISARALDA,BALBOA,Municipio,-75.958663,4.949096,,121041831.55329175,0,0,0.0,0.0000,"31,6",0.0,ELN,1,1.0,0.0,No,No,0.0,22.03,47.46,0.482315112540193,0.0,0.020096463022508,0.0,0.4421221864951768,47.46,0.0,0.04342162,0.04636246,0.82391607,-0.43744925,-0.40441235,0.11524998,0.34528869,Medio,Presencial con precaución,0.0,NO,SIN_IMPUTACION,OK,SIN_IMPUTACION,OK
66088,66088,66,RISARALDA,BELÉN DE UMBRÍA,Municipio,-75.868334,5.200793,,183124906.8358787,27,30,1.02,0.0000,35.6,27.64940554,EGC,1,0.0,0.0,No es PDET O ZOMAC,No es PDET O ZOMAC,0.0,39.58221885,54.12,0.4766800635573418,0.0046733339564445,0.0,0.009346667912889,2.4768669969156,54.12,0.0,0.02464133,0.44564375,0.82391607,-0.43744925,-0.45503817,0.24740456,0.37696285,Medio,Presencial con precaución,0.92,NO,SIN_IMPUTACION,OK,SIN_IMPUTACION,OK
66170,66170,66,RISARALDA,DOSQUEBRADAS,Municipio,-75.675371,4.833131,,71046465.83119008,0,0,0.0,0.0000,13.7,16.81869885,,0,0.0,0.0,No es PDET O ZOMAC,No es PDET O ZOMAC,0.0,53.45397568,59.35,1.8411256815408616,0.0061782740991304,0.001029712349855,0.0041188493994202,0.1760808118252166,59.35,0.0,0.01836413,0.75919347,-0.60931468,-0.43744925,-0.47195955,-0.07536047,0.29960412,Medio,Presencial con precaución,0.0,NO,SIN_IMPUTACION,OK,SIN_IMPUTACION,OK
66318,66318,66,RISARALDA,GUÁTICA,Municipio,-75.799005,5.315367,,102275784.43672314,17,25,1.53,0.0000,36.5,0.0,,0,0.0,0.0,No es PDET O ZOMAC,No es PDET O ZOMAC,0.0,53.89366762,38.77,0.234456408475165,0.0,0.0,0.0,14.458145189301842,38.77,0.0,0.01821704,-0.47462169,-0.60931468,-0.43744925,-0.47235607,-0.50725525,0.19608969,Bajo,Presencial,1.04,NO,SIN_IMPUTACION,OK,SIN_IMPUTACION,OK
66383,66383,66,RISARALDA,LA CELIA,Municipio,-76.0032,5.002787,,93690220.0150251,0,0,0.0,0.0000,"37,5",26.10966057,,0,0.0,0.0,No es PDET O ZOMAC,No es PDET O ZOMAC,0.0,14.42,36.36,0.4062398440038999,0.0,0.0324991875203119,0.0,0.3737406564835879,36.36,0.0,0.06485084,-0.61910636,-0.60931468,-0.43744925,-0.34664585,-0.53896836,0.18848885,Bajo,Presencial,0.0,NO,SIN_IMPUTACION,OK,SIN_IMPUTACION,OK
66400,66400,66,RISARALDA,LA VIRGINIA,Municipio,-75.880394,4.896624,,33230315.72651572,0,0,0.0,0.0000,"19,0",14.01541696,,0,0.0,0.0,No es PDET O ZOMAC,No es PDET O ZOMAC,0.0,32.18,57.37,1.2931201362809246,0.0232297030469627,0.0038716171744937,0.0,0.1393782182817763,57.37,0.0,0.03013864,0.64048822,-0.60931468,-0.43744925,-0.44021915,-0.11214625,0.29078748,Medio,Presencial con precaución,0.0,NO,SIN_IMPUTACION,OK,SIN_IMPUTACION,OK
66440,66440,66,RISARALDA,MARSELLA,Municipio,-75.73879,4.935771,,151305460.74325222,0,0,0.0,0.0000,33.3,17.40745039,,0,0.0,0.0,No es PDET O ZOMAC,No es PDET O ZOMAC,0.0,42.53629475,52.51,0.4992867332382311,0.0064842432888081,0.0,0.0,9.207625470107638,52.51,0.0,0.02296934,0.34912079,-0.60931468,-0.43744925,-0.45954534,-0.21702378,0.26565095,Bajo,Presencial,0.0,NO,SIN_IMPUTACION,OK,SIN_IMPUTACION,OK
66456,66456,66,RISARALDA,MISTRATÓ,Municipio,-75.882886,5.297039,,572969921.6695803,39,45,0.49,0.0000,65.3,11.39146779,EGC,1,1.0,0.0,No,No,0.0,52.11468355,48.55,0.1884303749764462,0.0062810124992148,0.0125620249984297,0.0062810124992148,51.88116324351485,48.55,0.0,0.01882719,0.1117103,0.82391607,-0.43744925,-0.4707113,0.12817688,0.34838695,Medio,Presencial con precaución,0.43,NO,SIN_IMPUTACION,OK,SIN_IMPUTACION,OK
66572,66572,66,RISARALDA,PUEBLO RICO,Municipio,-76.030801,5.222043,,622368986.0755507,4,5,0.05,0.0000,70.5,5.956280898,ELN,1,1.0,0.0,No,No,0.0,33.70835002,51.37,12.57190380483748,0.006930487213251,0.0,0.0,52.519232102016765,51.37,0.0,0.02881151,0.28077535,0.82391607,-0.43744925,-0.44379667,0.19138684,0.3635368,Medio,Presencial con precaución,0.04,NO,SIN_IMPUTACION,OK,SIN_IMPUTACION,OK
66594,66594,66,RISARALDA,QUINCHÍA,Municipio,-75.730431,5.340456,,142167446.77991062,0,0,0.0,0.0000,41.4,10.73767851,,0,1.0,0.0,No,No,0.0,61.4857426,43.48,0.1985545230720355,0.0039710904614407,0.0079421809228814,0.0,29.723612103883728,43.48,0.0,0.01600365,-0.19224708,-0.60931468,-0.43744925,-0.47832267,-0.40931913,0.21956254,Bajo,Presencial,0.0,NO,SIN_IMPUTACION,OK,SIN_IMPUTACION,OK
66682,66682,66,RISARALDA,SANTA ROSA DE CABAL,Municipio,-75.623268,4.876271,,550652512.655488,0,0,0.0,0.0000,21.2,20.010005,,0,0.0,0.0,No es PDET O ZOMAC,No es PDET O ZOMAC,0.0,66.6596958,57.03,0.5426005156829966,0.0028334230583968,0.0,0.0,0.093502960927096,57.03,0.0,0.01477985,0.62010449,-0.60931468,-0.43744925,-0.48162167,-0.12549093,0.28758909,Medio,Presencial con precaución,0.0,NO,SIN_IMPUTACION,OK,SIN_IMPUTACION,OK
66687,66687,66,RISARALDA,SANTUARIO,Municipio,-75.964628,5.074911,,193414731.24795604,0,0,0.0,0.0000,39.9,69.9790063,,0,0.0,0.0,No es PDET O ZOMAC,No es PDET O ZOMAC,0.0,19.32990048,47.47,0.4516788818817113,0.0,0.0,0.0,1.6362706664394069,47.47,0.0,0.04918863,0.04696198,-0.60931468,-0.43744925,-0.38886629,-0.3121775,0.24284497,Bajo,Presencial,0.0,NO,SIN_IMPUTACION,OK,SIN_IMPUTACION,OK
68001,68001,68,SANTANDER,BUCARAMANGA,Municipio,-73.132562,7.11647,,156296278.26215762,7,9,0.36,0.0000,14.2,17.10496803,EGC,1,0.0,0.0,No es PDET O ZOMAC,No es PDET O ZOMAC,0.0,96.36320159,60.41,1.5755042148463472,0.0106995192858835,0.0017195655995169,0.0030570055102524,0.0450908312762233,60.41,0.0,0.01027082,0.82274274,0.82391607,-0.43744925,-0.4937766,0.37357844,0.40720359,Alto,Remota,0.28,NO,SIN_IMPUTACION,OK,SIN_IMPUTACION,OK
68013,68013,68,SANTANDER,AGUADA,Municipio,-73.523132,6.162355,,76608096.77889122,23,25,2.04,0.0000,"41,8",0.0,,0,0.0,0.0,No es PDET O ZOMAC,No es PDET O ZOMAC,0.0,65.83,34.02,0.3032140691328078,0.0,0.0,0.0,0.2425712553062462,34.02,0.0,0.01496334,-0.75939438,-0.60931468,-0.43744925,-0.48112703,-0.60824134,0.17188584,Bajo,Presencial,1.88,NO,SIN_IMPUTACION,OK,SIN_IMPUTACION,OK
68020,68020,68,SANTANDER,ALBANIA,Municipio,-73.91336,5.759166,,169024403.70412517,48,57,2.11,0.0000,48.1,,,0,0.0,0.0,No es PDET O ZOMAC,No es PDET O ZOMAC,0.0,36.39940594,30.14,0.0302388872089507,0.0,0.0,0.0,0.0,30.14,0.0,0.02673839,-0.9920087,-0.60931468,-0.43744925,-0.44938515,-0.68489507,0.15351385,Bajo,Presencial,1.77,NO,SIN_IMPUTACION,OK,SIN_IMPUTACION,OK
68051,68051,68,SANTANDER,ARATOCA,Municipio,-73.01786,6.694418,,173215452.26083377,90,90,3.25,0.0000,"40,6",0.0,,0,0.0,0.0,No es PDET O ZOMAC,No es PDET O ZOMAC,0.0,121.6,29.84,0.063605139295255,0.0,0.0,0.0,0.012721027859051,29.84,0.0,0.00815661,-1.00999435,-0.60931468,-0.43744925,-0.49947586,-0.69870365,0.15020428,Bajo,Presencial,3.25,NO,SIN_IMPUTACION,OK,SIN_IMPUTACION,OK
68077,68077,68,SANTANDER,BARBOSA,Municipio,-73.615965,5.932531,,47480843.55590899,0,0,0.0,0.0000,21.6,15.08341126,,0,0.0,0.0,No es PDET O ZOMAC,No es PDET O ZOMAC,0.0,53.17805909,52.3,0.1426632798636,0.0069591843835902,0.0,0.0,0.0313163297261561,52.3,0.0,0.01845766,0.33653084,-0.60931468,-0.43744925,-0.47170744,-0.22325457,0.26415758,Bajo,Presencial,0.0,NO,SIN_IMPUTACION,OK,SIN_IMPUTACION,OK
68079,68079,68,SANTANDER,BARICHARA,Municipio,-73.223047,6.634111,,140021272.2323394,170,181,8.08,0.0000,28.5,0.0,,0,0.0,0.0,No es PDET O ZOMAC,No es PDET O ZOMAC,0.0,102.3674623,34.47,0.1981244221371021,0.0,0.0,0.0,0.5943732664113064,34.47,0.0,0.00967422,-0.73241591,-0.60931468,-0.43744925,-0.49538484,-0.60093755,0.17363638,Bajo,Presencial,7.59,NO,SIN_IMPUTACION,OK,SIN_IMPUTACION,OK
68081,68081,68,SANTANDER,BARRANCABERMEJA,Municipio,-73.849243,7.064857,,1355925383.1493745,0,0,0.0,860.6538,26.4,59.63222174,"EGC, ELN",2,0.0,0.0,No es PDET O ZOMAC,No es PDET O ZOMAC,0.0,29.37695449,75.34,2.205845211997535,0.0156586218392314,0.0030307010011415,0.0025255841676179,0.1065796518734783,75.34,0.0,0.03291969,1.71782827,2.25714682,-0.43744925,-0.43272229,1.12598575,0.58753688,Alto,Remota,0.0,NO,SIN_IMPUTACION,OK,SIN_IMPUTACION,OK
68092,68092,68,SANTANDER,BETULIA,Municipio,-73.283669,6.899525,,440573762.7980181,2,10,0.14,0.0000,"43,9",0.0,EGC,1,0.0,0.0,No es PDET O ZOMAC,No es PDET O ZOMAC,0.0,72.11,51.61,0.2314368370298939,0.0,0.0192864030858244,0.0,0.1350048216007714,51.61,0.0,0.01367802,0.29516386,0.82391607,-0.43744925,-0.48459185,0.19030354,0.36327716,Medio,Presencial con precaución,0.03,NO,SIN_IMPUTACION,OK,SIN_IMPUTACION,OK
68101,68101,68,SANTANDER,BOLÍVAR,Municipio,-73.771346,5.988953,,1028355140.8087962,3,4,0.02,0.0000,45.5,16.79261125,,0,1.0,0.0,No,No,13.23291048,0.0,46.79,0.3814771643530783,0.0,0.0,0.0,0.0,46.79,2.65555692,1.0,0.00619452,-0.60931468,1.57542729,2.17422517,0.46059291,0.42805879,Alto,Remota,0.02,NO,SIN_IMPUTACION,OK,SIN_IMPUTACION,OK
68121,68121,68,SANTANDER,CABRERA,Municipio,-73.246475,6.592118,,66864409.37994294,1,1,0.09,0.0000,"34,0",0.0,,0,0.0,0.0,No es PDET O ZOMAC,No es PDET O ZOMAC,0.0,102.5,15.31,0.0623052959501557,0.0,0.0,0.0,0.0,15.31,0.0,0.00966184,-1.88109902,-0.60931468,-0.43744925,-0.49541823,-1.00298164,0.07727642,Bajo,Presencial,0.09,NO,SIN_IMPUTACION,OK,SIN_IMPUTACION,OK
68132,68132,68,SANTANDER,CALIFORNIA,Municipio,-72.946491,7.347989,,46042999.65217669,0,0,0.0,0.0000,21.2,0.0,,0,0.0,0.0,No es PDET O ZOMAC,No es PDET O ZOMAC,0.0,80.16409659,28.6,0.2802690582959641,0.0,0.0,0.0,0.0,28.6,0.0,0.01232072,-1.08433501,-0.60931468,-0.43744925,-0.48825071,-0.72303911,0.14437168,Bajo,Presencial,0.0,NO,SIN_IMPUTACION,OK,SIN_IMPUTACION,OK
68147,68147,68,SANTANDER,CAPITANEJO,Municipio,-72.695427,6.527394,,86913585.24453865,37,43,3.09,0.0000,35.7,0.0,,0,0.0,0.0,No es PDET O ZOMAC,No es PDET O ZOMAC,0.0,163.481313,37.97,0.3980288097043215,0.0,0.0,0.0,0.0,37.97,0.0,0.00607972,-0.5225834,-0.60931468,-0.43744925,-0.50507451,-0.52894962,0.19089009,Bajo,Presencial,2.66,NO,SIN_IMPUTACION,OK,SIN_IMPUTACION,OK
68152,68152,68,SANTANDER,CARCASÍ,Municipio,-72.627099,6.629016,,264016027.6322545,37,46,1.09,0.0000,60.8,22.43158367,,0,0.0,0.0,No es PDET O ZOMAC,No es PDET O ZOMAC,0.0,160.7899769,28.96,0.072639225181598,0.0,0.0,0.0,0.072639225181598,28.96,0.0,0.00618085,-1.06275223,-0.60931468,-0.43744925,-0.50480188,-0.71796782,0.14558714,Bajo,Presencial,0.88,NO,SIN_IMPUTACION,OK,SIN_IMPUTACION,OK
68160,68160,68,SANTANDER,CEPITÁ,Municipio,-72.973536,6.753518,,110154214.23590368,187,189,10.72,0.0000,32,,,0,0.0,0.0,No es PDET O ZOMAC,No es PDET O ZOMAC,0.0,129.3372335,10.81,0.0,0.0,0.0,0.0,0.0,10.81,0.0,0.0076724,-2.15088367,-0.60931468,-0.43744925,-0.50078112,-1.09821071,0.05445239,Bajo,Presencial,10.61,NO,SIN_IMPUTACION,OK,SIN_IMPUTACION,OK
68162,68162,68,SANTANDER,CERRITO,Municipio,-72.694851,6.840405,,429784681.08425057,1213,1278,18.58,0.0000,41.9,0.0,,0,0.0,0.0,No es PDET O ZOMAC,No es PDET O ZOMAC,0.0,132.6118478,28.97,0.0309597523219814,0.0,0.0,0.0,1.021671826625387,28.97,0.0,0.00748437,-1.06215271,-0.60931468,-0.43744925,-0.50128801,-0.7172309,0.14576376,Bajo,Presencial,17.64,SI,SIN_IMPUTACION,OK,SIN_IMPUTACION,OK
68167,68167,68,SANTANDER,CHARALÁ,Municipio,-73.146873,6.284339,,426854983.4270026,1,9,0.13,0.0000,"26,9",7.795447459,,0,0.0,0.0,No es PDET O ZOMAC,No es PDET O ZOMAC,0.0,106.8,41.62,0.4024144869215292,0.0091457837936711,0.0091457837936711,0.0,0.0091457837936711,41.62,0.0,0.00927644,-0.30375807,-0.60931468,-0.43744925,-0.49645715,-0.45106815,0.20955634,Bajo,Presencial,0.01,NO,SIN_IMPUTACION,OK,SIN_IMPUTACION,OK
68169,68169,68,SANTANDER,CHARTA,Municipio,-72.968798,7.28082,,129555588.40962233,57,74,3.57,0.0000,35.1,0.0,,0,1.0,0.0,No,No,0.0,90.97591992,20.67,0.1066098081023454,0.0,0.0,0.0,0.0,20.67,0.0,0.01087241,-1.55975552,-0.60931468,-0.43744925,-0.4921549,-0.89002192,0.10435006,Bajo,Presencial,2.75,NO,SIN_IMPUTACION,OK,SIN_IMPUTACION,OK
68176,68176,68,SANTANDER,CHIMA,Municipio,-73.373656,6.344348,,176509026.1889197,0,0,0.0,0.0000,"45,2",0.0,,0,0.0,0.0,No es PDET O ZOMAC,No es PDET O ZOMAC,0.0,85.44,33.05,0.0,0.0,0.0,0.0846023688663282,0.0,33.05,0.0,0.01156872,-0.81754796,-0.60931468,-0.43744925,-0.49027787,-0.62996772,0.16667857,Bajo,Presencial,0.0,NO,SIN_IMPUTACION,OK,SIN_IMPUTACION,OK
68179,68179,68,SANTANDER,CHIPATÁ,Municipio,-73.637111,6.062521,,96636433.75609007,13,14,0.91,0.0000,"42,8",,,0,0.0,0.0,No es PDET O ZOMAC,No es PDET O ZOMAC,0.0,52.4,20.82,0.1383763837638376,0.0230627306273062,0.0,0.0,0.0,20.82,0.0,0.01872659,-1.5507627,-0.60931468,-0.43744925,-0.47098247,-0.88369857,0.10586561,Bajo,Presencial,0.84,NO,SIN_IMPUTACION,OK,SIN_IMPUTACION,OK
68190,68190,68,SANTANDER,CIMITARRA,Municipio,-73.953011,6.320886,,3235461387.812102,0,0,0.0,189.2854,36.0,36.36668811,EGC,1,0.0,0.0,No es PDET O ZOMAC,No es PDET O ZOMAC,5.789398335,0.0,52.78,2.0528921627822725,0.0,0.0,0.0,0.0603791812583021,52.78,1.91536233,1.0,0.36530787,0.82391607,1.01436971,2.17422517,0.90404029,0.53434208,Alto,Remota,0.0,NO,SIN_IMPUTACION,OK,SIN_IMPUTACION,OK
68207,68207,68,SANTANDER,CONCEPCIÓN,Municipio,-72.694567,6.768908,,343905473.31916493,487,525,9.54,0.0000,36.2,0.0,,0,0.0,0.0,No es PDET O ZOMAC,No es PDET O ZOMAC,0.0,146.442033,17.24,0.0566037735849056,0.0,0.0,0.0,1.4905660377358492,17.24,0.0,0.00678233,-1.76539138,-0.60931468,-0.43744925,-0.50318049,-0.96364831,0.08670365,Bajo,Presencial,8.85,NO,SIN_IMPUTACION,OK,SIN_IMPUTACION,OK
68209,68209,68,SANTANDER,CONFINES,Municipio,-73.240554,6.357327,,72767686.21758935,0,0,0.0,0.0000,32.6,,,0,0.0,0.0,No es PDET O ZOMAC,No es PDET O ZOMAC,0.0,102.3962169,25.36,0.2756719503790489,0.0,0.0,0.0,0.0,25.36,0.0,0.00967153,-1.27857996,-0.60931468,-0.43744925,-0.49539209,-0.79209605,0.12782045,Bajo,Presencial,0.0,NO,SIN_IMPUTACION,OK,SIN_IMPUTACION,OK
68211,68211,68,SANTANDER,CONTRATACIÓN,Municipio,-73.474426,6.290561,,139744793.6373969,0,0,0.0,0.0000,"29,2",51.84033178,,0,0.0,0.0,No es PDET O ZOMAC,No es PDET O ZOMAC,0.0,73.38,23.38,0.1258257313620635,0.0,0.0,0.0,0.0,23.38,0.0,0.01344447,-1.39728521,-0.60931468,-0.43744925,-0.48522142,-0.83211729,0.11822836,Bajo,Presencial,0.0,NO,SIN_IMPUTACION,OK,SIN_IMPUTACION,OK
68217,68217,68,SANTANDER,COROMORO,Municipio,-73.040816,6.294999,,588019924.832579,1,1,0.01,0.0000,"53,6",0.0,,0,0.0,0.0,No es PDET O ZOMAC,No es PDET O ZOMAC,0.0,126.4,39.48,0.1256544502617801,0.0,0.0,0.0,0.0,39.48,0.0,0.00784929,-0.43205566,-0.60931468,-0.43744925,-0.50030428,-0.49654938,0.19865563,Bajo,Presencial,0.01,NO,SIN_IMPUTACION,OK,SIN_IMPUTACION,OK
68229,68229,68,SANTANDER,CURITÍ,Municipio,-73.069383,6.605099,,249049722.58035803,62,74,1.86,0.0000,35.7,7.50412727,,0,0.0,0.0,No es PDET O ZOMAC,No es PDET O ZOMAC,0.0,123.9025468,33.99,0.1724137931034483,0.0086206896551724,0.0,0.0,0.0,33.99,0.0,0.00800624,-0.76119294,-0.60931468,-0.43744925,-0.4998812,-0.61168396,0.17106073,Bajo,Presencial,1.56,NO,SIN_IMPUTACION,OK,SIN_IMPUTACION,OK
68235,68235,68,SANTANDER,EL CARMEN DE CHUCURÍ,Municipio,-73.51066,6.700038,,942714082.2178088,0,0,0.0,0.0000,58.9,,,0,0.0,0.0,No es PDET O ZOMAC,No es PDET O ZOMAC,0.0,66.60247156,30.82,0.1081573404679228,0.0113849832071497,0.0,0.0,0.0341549496214493,30.82,0.0,0.01479236,-0.95124124,-0.60931468,-0.43744925,-0.48158794,-0.67545688,0.15577595,Bajo,Presencial,0.0,NO,SIN_IMPUTACION,OK,SIN_IMPUTACION,OK
68245,68245,68,SANTANDER,EL GUACAMAYO,Municipio,-73.496908,6.245111,,94694538.19625546,0,0,0.0,0.0000,"33,0",,,0,0.0,0.0,No es PDET O ZOMAC,No es PDET O ZOMAC,0.0,67.77,29.8,0.0,0.0,0.0,0.0,0.0,29.8,0.0,0.01454122,-1.01239243,-0.60931468,-0.43744925,-0.48226492,-0.69696134,0.15062187,Bajo,Presencial,0.0,NO,SIN_IMPUTACION,OK,SIN_IMPUTACION,OK
68250,68250,68,SANTANDER,EL PEÑÓN,Municipio,-73.815532,6.05537,,405410666.2067409,1,2,0.03,0.0000,57.8,18.51851852,,0,0.0,0.0,No es PDET O ZOMAC,No es PDET O ZOMAC,0.0,21.12588295,43.16,0.1709401709401709,0.0,0.0,0.0,0.0244200244200244,43.16,0.0,0.04519594,-0.21143177,-0.60931468,-0.43744925,-0.39962936,-0.40422978,0.22078233,Bajo,Presencial,0.02,NO,SIN_IMPUTACION,OK,SIN_IMPUTACION,OK
68255,68255,68,SANTANDER,EL PLAYÓN,Municipio,-73.20287,7.470715,,465819536.94363135,28,39,0.52,0.0000,45.7,7.035317293,,0,1.0,0.0,No,No,0.0,59.41761476,50.1,0.0311526479750778,0.0,0.0,0.0,0.0545171339563862,50.1,0.0,0.01655146,0.20463612,-0.60931468,-0.43744925,-0.47684594,-0.2701885,0.25290869,Bajo,Presencial,0.38,NO,SIN_IMPUTACION,OK,SIN_IMPUTACION,OK
68264,68264,68,SANTANDER,ENCINO,Municipio,-73.098749,6.137429,,407514995.4109576,20,21,0.32,0.0000,"32,0",36.53635367,,0,0.0,0.0,No es PDET O ZOMAC,No es PDET O ZOMAC,0.0,115.5,29.83,0.0859106529209622,0.0,0.0,0.0,0.0,29.83,0.0,0.00858369,-1.01059387,-0.60931468,-0.43744925,-0.49832458,-0.69874079,0.15019538,Bajo,Presencial,0.31,NO,SIN_IMPUTACION,OK,SIN_IMPUTACION,OK
68266,68266,68,SANTANDER,ENCISO,Municipio,-72.699647,6.668034,,76287832.21780576,0,0,0.0,0.0000,35.3,0.0,,0,0.0,0.0,No es PDET O ZOMAC,No es PDET O ZOMAC,0.0,158.7147965,22.81,0.0295683027794204,0.0,0.0,0.0,0.0295683027794204,22.81,0.0,0.00626116,-1.43145793,-0.60931468,-0.43744925,-0.50458539,-0.84698234,0.11466557,Bajo,Presencial,0.0,NO,SIN_IMPUTACION,OK,SIN_IMPUTACION,OK
68271,68271,68,SANTANDER,FLORIÁN,Municipio,-73.97143,5.804659,,179599439.4437092,0,0,0.0,0.0000,56.0,0.0,,0,0.0,0.0,No es PDET O ZOMAC,No es PDET O ZOMAC,0.0,23.90001411,35.15,0.3263707571801566,0.0,0.0,0.0,0.0,35.15,0.0,0.04016062,-0.69164845,-0.60931468,-0.43744925,-0.413203,-0.57434166,0.18001075,Bajo,Presencial,0.0,NO,SIN_IMPUTACION,OK,SIN_IMPUTACION,OK
68276,68276,68,SANTANDER,FLORIDABLANCA,Municipio,-73.099104,7.072329,,102509456.18271887,0,0,0.0,0.0000,11.0,10.89870099,,0,0.0,0.0,No es PDET O ZOMAC,No es PDET O ZOMAC,0.0,102.8264017,51.72,2.148160826198895,0.0076472923122862,0.0080114490890618,0.0021849406606532,0.0429704996595134,51.72,0.0,0.00963146,0.3017586,-0.60931468,-0.43744925,-0.49550011,-0.23899376,0.26038529,Bajo,Presencial,0.0,NO,SIN_IMPUTACION,OK,SIN_IMPUTACION,OK
68296,68296,68,SANTANDER,GALÁN,Municipio,-73.287769,6.638423,,205797614.4923476,0,0,0.0,0.0000,"41,9",32.99241175,,0,0.0,0.0,No es PDET O ZOMAC,No es PDET O ZOMAC,0.0,90.09,29.87,0.1500375093773443,0.0,0.0,0.0,0.2625656414103526,29.87,0.0,0.01097815,-1.00819578,-0.60931468,-0.43744925,-0.49186985,-0.69693325,0.1506286,Bajo,Presencial,0.0,NO,SIN_IMPUTACION,OK,SIN_IMPUTACION,OK
68298,68298,68,SANTANDER,GÁMBITA,Municipio,-73.344185,5.945998,,618730110.1946416,261,308,3.11,0.0001,51.1,0.0,,0,0.0,0.0,No es PDET O ZOMAC,No es PDET O ZOMAC,0.0,86.92612951,39.77,0.3990877993158495,0.0,0.0,0.0,0.0,39.77,0.0,0.01137318,-0.41466954,-0.60931468,-0.43744925,-0.49080497,-0.48903934,0.20045559,Bajo,Presencial,2.64,NO,SIN_IMPUTACION,OK,SIN_IMPUTACION,OK
68307,68307,68,SANTANDER,GIRÓN,Municipio,-73.166832,7.070432,,503708568.4351886,265,270,3.35,0.0000,16.5,13.08900524,,0,0.0,0.0,No es PDET O ZOMAC,No es PDET O ZOMAC,0.0,85.14272615,61.84,0.3368271021439952,0.005378476680942,0.200348256365091,0.0006723095851177,0.0235308354791214,61.84,0.0,0.01160864,0.90847431,-0.60931468,-0.43744925,-0.49017025,-0.02584378,0.31147203,Medio,Presencial con precaución,3.29,NO,SIN_IMPUTACION,OK,SIN_IMPUTACION,OK
68318,68318,68,SANTANDER,GUACA,Municipio,-72.856322,6.876563,,308744439.70618826,598,626,12.67,0.0000,60.3,0.0,,0,0.0,0.0,No es PDET O ZOMAC,No es PDET O ZOMAC,0.0,125.6904465,31.3,0.1567398119122257,0.0,0.0,0.0,0.0174155346569139,31.3,0.0,0.00789325,-0.92246421,-0.60931468,-0.43744925,-0.50018578,-0.66817459,0.15752134,Bajo,Presencial,12.11,NO,SIN_IMPUTACION,OK,SIN_IMPUTACION,OK
68320,68320,68,SANTANDER,GUADALUPE,Municipio,-73.419292,6.245847,,149030680.5631458,0,0,0.0,0.0000,"39,1",0.0,,0,0.0,0.0,No es PDET O ZOMAC,No es PDET O ZOMAC,0.0,80.22,55.3,0.3404924044002095,0.0,0.0,0.0,0.0,55.3,0.0,0.01231224,0.51638728,-0.60931468,-0.43744925,-0.48827357,-0.16278974,0.2786495,Bajo,Presencial,0.0,NO,SIN_IMPUTACION,OK,SIN_IMPUTACION,OK
68322,68322,68,SANTANDER,GUAPOTÁ,Municipio,-73.320732,6.308635,,68562158.5238491,0,0,0.0,0.0000,31.4,0.0,,0,0.0,0.0,No es PDET O ZOMAC,No es PDET O ZOMAC,0.0,91.52519783,21.73,0.1461988304093567,0.0,0.0,0.0,0.0487329434697855,21.73,0.0,0.01080787,-1.49620625,-0.60931468,-0.43744925,-0.49232889,-0.86780577,0.10967471,Bajo,Presencial,0.0,NO,SIN_IMPUTACION,OK,SIN_IMPUTACION,OK
68324,68324,68,SANTANDER,GUAVATÁ,Municipio,-73.700906,5.954348,,85259429.59043857,0,0,0.0,0.0000,"40,4",,,0,0.0,0.0,No es PDET O ZOMAC,No es PDET O ZOMAC,0.0,42.32,30.7,0.240128068303095,0.0,0.0266808964781216,0.0,0.0,30.7,0.0,0.02308403,-0.9584355,-0.60931468,-0.43744925,-0.45923619,-0.67462211,0.15597603,Bajo,Presencial,0.0,NO,SIN_IMPUTACION,OK,SIN_IMPUTACION,OK
68327,68327,68,SANTANDER,GÜEPSA,Municipio,-73.575146,6.025013,,30692290.29288044,0,0,0.0,0.0000,"29,6",0.0,,0,0.0,0.0,No es PDET O ZOMAC,No es PDET O ZOMAC,0.0,58.1,37.46,0.408905043162199,0.0,0.0,0.0,0.0908677873693775,37.46,0.0,0.01692047,-0.553159,-0.60931468,-0.43744925,-0.4758512,-0.53526758,0.18937584,Bajo,Presencial,0.0,NO,SIN_IMPUTACION,OK,SIN_IMPUTACION,OK
68344,68344,68,SANTANDER,HATO,Municipio,-73.308399,6.543957,,172349901.9607656,0,0,0.0,0.0000,46.9,0.0,,0,0.0,0.0,No es PDET O ZOMAC,No es PDET O ZOMAC,0.0,91.80341462,7.53,0.0943396226415094,0.0,0.0,0.0,0.0,7.53,0.0,0.01077547,-2.34752671,-0.60931468,-0.43744925,-0.49241623,-1.16578104,0.03825747,Bajo,Presencial,0.0,NO,SIN_IMPUTACION,OK,SIN_IMPUTACION,OK
68368,68368,68,SANTANDER,JESÚS MARÍA,Municipio,-73.783396,5.876497,,91130629.5943773,0,0,0.0,0.0000,"40,8",0.0,,0,0.0,0.0,No es PDET O ZOMAC,No es PDET O ZOMAC,0.0,33.09,40.09,0.0,0.0,0.0,0.0,0.0,40.09,0.0,0.02933412,-0.39548485,-0.60931468,-0.43744925,-0.44238789,-0.47506214,0.20380558,Bajo,Presencial,0.0,NO,SIN_IMPUTACION,OK,SIN_IMPUTACION,OK
68370,68370,68,SANTANDER,JORDÁN,Municipio,-73.096053,6.732727,,40705460.294762045,21,26,3.99,0.0000,"53,7",,,0,0.0,0.0,No es PDET O ZOMAC,No es PDET O ZOMAC,0.0,112.3,8.18,0.0,0.0,0.0,0.0,0.171969045571797,8.18,0.0,0.00882613,-2.30855782,-0.60931468,-0.43744925,-0.49767105,-1.15293015,0.0413375,Bajo,Presencial,3.22,NO,SIN_IMPUTACION,OK,SIN_IMPUTACION,OK
68377,68377,68,SANTANDER,LA BELLEZA,Municipio,-73.965494,5.85925,,341028243.2073179,0,0,0.0,0.0000,"36,1",0.0,,0,1.0,0.0,No,No,5.789,0.0,20.78,0.1818181818181818,0.0,0.0,0.0,0.0545454545454545,20.78,1.91530366,1.0,-1.55316078,-0.60931468,1.01432524,2.17422517,-0.19740185,0.27035384,Bajo,Presencial,0.0,NO,SIN_IMPUTACION,OK,SIN_IMPUTACION,OK
68385,68385,68,SANTANDER,LANDÁZURI,Municipio,-73.811359,6.218812,,601400075.4404385,0,0,0.0,0.0000,49.1,37.32387795,,0,1.0,0.0,No,No,0.0,46.36755443,51.05,1.4407973134004983,0.0433322500270826,0.0,0.0,0.0324991875203119,51.05,0.0,0.0211115,0.26159066,-0.60931468,-0.43744925,-0.46455351,-0.24841055,0.25812832,Bajo,Presencial,0.0,NO,SIN_IMPUTACION,OK,SIN_IMPUTACION,OK
68397,68397,68,SANTANDER,LA PAZ,Municipio,-73.58959,6.178509,,289597929.9437187,38,40,0.86,0.0000,"36,1",19.09854851,EMBF,1,0.0,0.0,No es PDET O ZOMAC,No es PDET O ZOMAC,0.0,56.64,30.51,0.1756146512794781,0.0,0.0,0.0,0.0,30.51,0.0,0.01734906,-0.96982641,0.82391607,-0.43744925,-0.47469586,-0.25095865,0.25751761,Bajo,Presencial,0.82,NO,SIN_IMPUTACION,OK,SIN_IMPUTACION,OK
68406,68406,68,SANTANDER,LEBRIJA,Municipio,-73.219524,7.113351,,562773518.1769357,0,1,0.01,0.0000,27,6.5142336,,0,0.0,0.0,No es PDET O ZOMAC,No es PDET O ZOMAC,0.0,75.90294825,52.94,0.2152273338714016,0.0,0.0026903416733925,0.0,0.0215227333871401,52.94,0.0,0.0130034,0.37490022,-0.60931468,-0.43744925,-0.48641041,-0.21203074,0.26684766,Bajo,Presencial,0.0,NO,SIN_IMPUTACION,OK,SIN_IMPUTACION,OK
68418,68418,68,SANTANDER,LOS SANTOS,Municipio,-73.102739,6.755203,,296108550.32245845,874,892,18.83,0.0000,44.6,6.450364446,,0,0.0,0.0,No es PDET O ZOMAC,No es PDET O ZOMAC,0.0,108.5155768,46.88,0.0241876965250342,0.0,0.0,0.0,0.0080625655083447,46.88,0.0,0.00913112,0.01159021,-0.60931468,-0.43744925,-0.49684887,-0.34075501,0.23599565,Bajo,Presencial,18.45,SI,SIN_IMPUTACION,OK,SIN_IMPUTACION,OK
68425,68425,68,SANTANDER,MACARAVITA,Municipio,-72.593105,6.50658,,104873097.82888652,15,22,1.31,0.0000,"50,3",,,0,0.0,0.0,No es PDET O ZOMAC,No es PDET O ZOMAC,0.0,173.1,10.66,0.6103286384976526,0.0469483568075117,0.0,0.0,0.0469483568075117,10.66,0.0,0.00574383,-2.1598765,-0.60931468,-0.43744925,-0.50597997,-1.10213802,0.05351111,Bajo,Presencial,0.89,NO,SIN_IMPUTACION,OK,SIN_IMPUTACION,OK
68432,68432,68,SANTANDER,MÁLAGA,Municipio,-72.732089,6.703081,,58323999.73899037,0,0,0.0,0.0000,19.3,0.0,,0,0.0,0.0,No es PDET O ZOMAC,No es PDET O ZOMAC,0.0,150.5015346,44.97,0.1482087187611795,0.0,0.0051106454745234,0.0,0.0511064547452343,44.97,0.0,0.00660059,-0.10291838,-0.60931468,-0.43744925,-0.50367039,-0.38185625,0.22614471,Bajo,Presencial,0.0,NO,SIN_IMPUTACION,OK,SIN_IMPUTACION,OK
68444,68444,68,SANTANDER,MATANZA,Municipio,-73.015566,7.323175,,241156172.00130045,5,6,0.16,0.0000,38.2,0.0,,0,1.0,0.0,No,No,0.0,82.18330063,37.16,0.0447427293064877,0.0,0.0,0.0,0.0223713646532438,37.16,0.0,0.01202164,-0.57114464,-0.60931468,-0.43744925,-0.48905692,-0.54354342,0.18739232,Bajo,Presencial,0.13,NO,SIN_IMPUTACION,OK,SIN_IMPUTACION,OK
68464,68464,68,SANTANDER,MOGOTES,Municipio,-72.969807,6.475246,,493270783.7723862,219,237,3.0,0.0000,49.4,0.0,,0,0.0,0.0,No es PDET O ZOMAC,No es PDET O ZOMAC,0.0,135.1163029,44.57,0.1681004647483437,0.0,0.0,0.0,0.059329575793533,44.57,0.0,0.00734666,-0.12689924,-0.60931468,-0.43744925,-0.50165923,-0.38994787,0.22420535,Bajo,Presencial,2.77,NO,SIN_IMPUTACION,OK,SIN_IMPUTACION,OK
68468,68468,68,SANTANDER,MOLAGAVITA,Municipio,-72.809175,6.67432,,184031478.9342263,222,230,7.81,0.0000,51.9,0.0,,0,0.0,0.0,No es PDET O ZOMAC,No es PDET O ZOMAC,0.0,144.2700074,22.41,0.2809706257982119,0.0,0.0,0.0,0.0,22.41,0.0,0.00688373,-1.45543879,-0.60931468,-0.43744925,-0.50290713,-0.8551239,0.11271424,Bajo,Presencial,7.54,NO,SIN_IMPUTACION,OK,SIN_IMPUTACION,OK
68498,68498,68,SANTANDER,OCAMONTE,Municipio,-73.122563,6.339988,,76633905.1874377,0,0,0.0,0.0000,"38,6",0.0,,0,0.0,0.0,No es PDET O ZOMAC,No es PDET O ZOMAC,0.0,114.7,37.76,0.1102049812651531,0.0,0.0,0.1102049812651531,0.0220409962530306,37.76,0.0,0.00864304,-0.53517335,-0.60931468,-0.43744925,-0.49816458,-0.53231961,0.19008239,Bajo,Presencial,0.0,NO,SIN_IMPUTACION,OK,SIN_IMPUTACION,OK
68500,68500,68,SANTANDER,OIBA,Municipio,-73.299791,6.26521,,291319773.32170177,0,0,0.0,0.0000,31.8,8.979885057,,0,0.0,0.0,No es PDET O ZOMAC,No es PDET O ZOMAC,0.0,93.90145279,37.56,0.2174557675200158,0.0,0.0,0.0,0.0296530592072748,37.56,0.0,0.01053725,-0.54716378,-0.60931468,-0.43744925,-0.4930584,-0.53575034,0.18926013,Bajo,Presencial,0.0,NO,SIN_IMPUTACION,OK,SIN_IMPUTACION,OK
68502,68502,68,SANTANDER,ONZAGA,Municipio,-72.816766,6.344104,,498274413.4275402,57,141,1.77,0.0000,"55,1",,,0,0.0,0.0,No es PDET O ZOMAC,No es PDET O ZOMAC,0.0,147.0,45.56,0.0509164969450101,0.0,0.0,0.0763747454175152,0.0,45.56,0.0,0.00675676,-0.06754662,-0.60931468,-0.43744925,-0.50324942,-0.36941298,0.22912705,Bajo,Presencial,0.71,NO,SIN_IMPUTACION,OK,SIN_IMPUTACION,OK
68522,68522,68,SANTANDER,PALMAR,Municipio,-73.29109,6.537789,,20079287.6644666,0,0,0.0,0.0000,32.5,,,0,0.0,0.0,No es PDET O ZOMAC,No es PDET O ZOMAC,0.0,100.7200281,28.25,0.0,0.0,0.0,0.0,0.0,28.25,0.0,0.00983091,-1.10531826,-0.60931468,-0.43744925,-0.49496247,-0.73139001,0.14237017,Bajo,Presencial,0.0,NO,SIN_IMPUTACION,OK,SIN_IMPUTACION,OK
68524,68524,68,SANTANDER,PALMAS DEL SOCORRO,Municipio,-73.287764,6.406139,,59653916.66177653,0,0,0.0,0.0000,27.3,0.0,,0,0.0,0.0,No es PDET O ZOMAC,No es PDET O ZOMAC,0.0,99.54009069,42.01,0.1233552631578947,0.0,0.0,0.0,0.0411184210526315,42.01,0.0,0.00994628,-0.28037673,-0.60931468,-0.43744925,-0.49465146,-0.44261383,0.21158263,Bajo,Presencial,0.0,NO,SIN_IMPUTACION,OK,SIN_IMPUTACION,OK
68533,68533,68,SANTANDER,PÁRAMO,Municipio,-73.17022,6.416811,,74371339.79207787,0,0,0.0,0.0000,31.5,0.0,,0,0.0,0.0,No es PDET O ZOMAC,No es PDET O ZOMAC,0.0,111.9295394,29.41,0.0965250965250965,0.0,0.0,0.0,0.0,29.41,0.0,0.00885508,-1.03577377,-0.60931468,-0.43744925,-0.497593,-0.70744402,0.14810943,Bajo,Presencial,0.0,NO,SIN_IMPUTACION,OK,SIN_IMPUTACION,OK
68547,68547,68,SANTANDER,PIEDECUESTA,Municipio,-73.054795,6.997245,,494844485.3562283,249,288,3.64,0.0000,16.2,12.48744751,,0,0.0,0.0,No es PDET O ZOMAC,No es PDET O ZOMAC,0.0,113.2403178,61.02,0.3108642920975361,0.0057449253159708,0.0019149751053236,0.0031916251755393,0.0485127026681986,61.02,0.0,0.00875348,0.85931355,-0.60931468,-0.43744925,-0.49786688,-0.04420454,0.30707142,Medio,Presencial con precaución,3.14,NO,SIN_IMPUTACION,OK,SIN_IMPUTACION,OK
68549,68549,68,SANTANDER,PINCHOTE,Municipio,-73.174209,6.531552,,56614918.27822375,0,0,0.0,0.0000,23.8,0.0,,0,0.0,0.0,No es PDET O ZOMAC,No es PDET O ZOMAC,0.0,112.3292854,48.58,0.1121830827911151,0.0,0.0,0.022436616558223,0.067309849674669,48.58,0.0,0.00882384,0.11350886,-0.60931468,-0.43744925,-0.4976772,-0.30520773,0.24451545,Bajo,Presencial,0.0,NO,SIN_IMPUTACION,OK,SIN_IMPUTACION,OK
68572,68572,68,SANTANDER,PUENTE NACIONAL,Municipio,-73.677567,5.878381,,255969645.19631535,321,351,8.57,0.0000,26.4,0.0,,0,0.0,0.0,No es PDET O ZOMAC,No es PDET O ZOMAC,0.0,49.14090621,50.46,0.2570074692795759,0.0,0.0,0.0,0.0240944502449602,50.46,0.0,0.0199438,0.22621889,-0.60931468,-0.43744925,-0.46770127,-0.26126283,0.25504795,Bajo,Presencial,7.84,NO,SIN_IMPUTACION,OK,SIN_IMPUTACION,OK
68573,68573,68,SANTANDER,PUERTO PARRA,Municipio,-74.056129,6.650785,,777882230.693637,0,0,0.0,10.8198,36.1,0.0,,0,0.0,0.0,No es PDET O ZOMAC,No es PDET O ZOMAC,0.0,34.72213166,66.26,4.066462614779186,0.0,0.0,0.0,1.4283632123597143,66.26,0.0,0.02799385,1.17346279,-0.60931468,-0.43744925,-0.44600083,0.0735276,0.33528888,Medio,Presencial con precaución,0.0,NO,SIN_IMPUTACION,OK,SIN_IMPUTACION,OK
68575,68575,68,SANTANDER,PUERTO WILCHES,Municipio,-73.899909,7.344057,,1544650701.0502725,0,0,0.0,140.2675,40.3,36.19657525,"EGC, ELN, EMBF",3,0.0,0.0,No es PDET O ZOMAC,No es PDET O ZOMAC,0.0,23.12680973,63.33,1.7098870591204494,0.0031547731718089,0.0031547731718089,0.0126190926872357,0.0977979683260773,63.33,0.0,0.04144767,0.99780301,3.69037756,-0.43744925,-0.40973352,1.30739444,0.63101603,Alto,Remota,0.0,NO,SIN_IMPUTACION,OK,SIN_IMPUTACION,OK
68615,68615,68,SANTANDER,RIONEGRO,Municipio,-73.150177,7.265014,,1196097922.165395,2,2,0.01,0.0000,37.8,11.0635787,,0,1.0,0.0,No,No,0.0,61.87806827,57.55,0.2575991756826378,0.0,0.0,0.0,0.0079261284825427,57.55,0.0,0.0159038,0.65127961,-0.60931468,-0.43744925,-0.47859185,-0.11412517,0.29031318,Medio,Presencial con precaución,0.01,NO,SIN_IMPUTACION,OK,SIN_IMPUTACION,OK
68655,68655,68,SANTANDER,SABANA DE TORRES,Municipio,-73.49906,7.391919,,1435761606.339045,0,0,0.0,0.0000,36.6,31.47713615,"EGC, EMBF",2,1.0,0.0,No,No,0.0,44.1599769,63.94,1.2627173677754528,0.0072155278158597,0.0,0.0,0.1298795006854751,63.94,0.0,0.0221435,1.03437382,2.25714682,-0.43744925,-0.46177155,0.8824193,0.52916007,Alto,Remota,0.0,NO,SIN_IMPUTACION,OK,SIN_IMPUTACION,OK
68669,68669,68,SANTANDER,SAN ANDRÉS,Municipio,-72.848864,6.811511,,287290630.6161048,225,273,5.94,0.0000,42.4,0.0,,0,0.0,0.0,No es PDET O ZOMAC,No es PDET O ZOMAC,0.0,139.4659702,32.97,0.1001878522229179,0.0125234815278647,0.0,0.0,0.0250469630557294,32.97,0.0,0.00711916,-0.82234413,-0.60931468,-0.43744925,-0.50227249,-0.63344557,0.16584502,Bajo,Presencial,4.89,NO,SIN_IMPUTACION,OK,SIN_IMPUTACION,OK
68673,68673,68,SANTANDER,SAN BENITO,Municipio,-73.50907,6.126656,,60176854.455802456,2,2,0.21,0.0000,49.8,,,0,0.0,0.0,No es PDET O ZOMAC,No es PDET O ZOMAC,0.0,64.36322682,24.94,0.0369685767097966,0.0,0.0,0.0,0.0,24.94,0.0,0.01529912,-1.30375986,-0.60931468,-0.43744925,-0.48022186,-0.79863348,0.12625359,Bajo,Presencial,0.21,NO,SIN_IMPUTACION,OK,SIN_IMPUTACION,OK
68679,68679,68,SANTANDER,SAN GIL,Municipio,-73.134776,6.551952,,149749272.16418612,8,10,0.42,0.0000,13.7,4.716832804,,0,0.0,0.0,No es PDET O ZOMAC,No es PDET O ZOMAC,0.0,116.2628715,50.4,0.1960566714756039,0.0092479562016794,0.0055487737210076,0.0018495912403358,0.0628861021714201,50.4,0.0,0.00852785,0.22262177,-0.60931468,-0.43744925,-0.49847511,-0.2671379,0.25363984,Bajo,Presencial,0.33,NO,SIN_IMPUTACION,OK,SIN_IMPUTACION,OK
68682,68682,68,SANTANDER,SAN JOAQUÍN,Municipio,-72.867638,6.427548,,145854746.76650923,16,18,0.77,0.0000,"41,4",,,0,0.0,0.0,No es PDET O ZOMAC,No es PDET O ZOMAC,0.0,146.4,26.43,0.1845869866174434,0.0,0.0,0.0,0.0,26.43,0.0,0.00678426,-1.21443116,-0.60931468,-0.43744925,-0.50317528,-0.77081145,0.13292184,Bajo,Presencial,0.69,NO,SIN_IMPUTACION,OK,SIN_IMPUTACION,OK
68684,68684,68,SANTANDER,SAN JOSÉ DE MIRANDA,Municipio,-72.733616,6.658995,,76780032.18180531,9,13,1.06,0.0000,47.6,,,0,0.0,0.0,No es PDET O ZOMAC,No es PDET O ZOMAC,0.0,153.1555184,53.51,0.0968054211035818,0.0,0.0,0.0,0.0,53.51,0.0,0.00648696,0.40907294,-0.60931468,-0.43744925,-0.50397672,-0.20270523,0.26908275,Bajo,Presencial,0.73,NO,SIN_IMPUTACION,OK,SIN_IMPUTACION,OK
68686,68686,68,SANTANDER,SAN MIGUEL,Municipio,-72.644123,6.575315,,72583778.41405822,0,0,0.0,0.0000,33.6,0.0,,0,0.0,0.0,No es PDET O ZOMAC,No es PDET O ZOMAC,0.0,165.236288,9.78,0.1644060830250719,0.0,0.0,0.0,0.0,9.78,0.0,0.00601553,-2.21263438,-0.60931468,-0.43744925,-0.50524753,-1.12049342,0.04911178,Bajo,Presencial,0.0,NO,SIN_IMPUTACION,OK,SIN_IMPUTACION,OK
68689,68689,68,SANTANDER,SAN VICENTE DE CHUCURÍ,Municipio,-73.411024,6.880383,,1139993994.262215,0,0,0.0,0.0000,34.9,10.90007358,EGC,1,0.0,0.0,No es PDET O ZOMAC,No es PDET O ZOMAC,0.0,60.60873014,45.65,0.2503477051460361,0.0104311543810848,0.0,0.0,0.0243393602225312,45.65,0.0,0.01623147,-0.06215093,0.82391607,-0.43744925,-0.47770855,0.06627586,0.33355082,Medio,Presencial con precaución,0.0,NO,SIN_IMPUTACION,OK,SIN_IMPUTACION,OK
68705,68705,68,SANTANDER,SANTA BÁRBARA,Municipio,-72.907445,6.990996,,225914152.12628588,420,465,12.86,0.0000,"53,8",,,0,0.0,0.0,No es PDET O ZOMAC,No es PDET O ZOMAC,0.0,120.5,29.69,0.1786511835640911,0.0,0.0,0.0,0.0,29.69,0.0,0.00823045,-1.01898717,-0.60931468,-0.43744925,-0.4992768,-0.70182128,0.14945706,Bajo,Presencial,11.62,NO,SIN_IMPUTACION,OK,SIN_IMPUTACION,OK
68720,68720,68,SANTANDER,SANTA HELENA DEL OPÓN,Municipio,-73.616716,6.339565,,381033780.8982312,0,0,0.0,0.0000,47.9,19.32841202,,0,0.0,0.0,No es PDET O ZOMAC,No es PDET O ZOMAC,0.0,71.71420936,32.5,0.0632911392405063,0.0,0.0,0.0,0.0,32.5,0.0,0.01375247,-0.85052164,-0.60931468,-0.43744925,-0.48439116,-0.6406255,0.16412417,Bajo,Presencial,0.0,NO,SIN_IMPUTACION,OK,SIN_IMPUTACION,OK
68745,68745,68,SANTANDER,SIMACOTA,Municipio,-73.337368,6.443469,,922972345.2382088,0,0,0.0,0.0000,44.5,27.80867631,,0,0.0,0.0,No es PDET O ZOMAC,No es PDET O ZOMAC,0.0,56.31162192,47.78,0.206212140739786,0.0,0.0,0.0,0.1417708467586029,47.78,0.0,0.01744847,0.06554714,-0.60931468,-0.43744925,-0.4744279,-0.31850694,0.24132796,Bajo,Presencial,0.0,NO,SIN_IMPUTACION,OK,SIN_IMPUTACION,OK
68755,68755,68,SANTANDER,SOCORRO,Municipio,-73.261198,6.46387,,130288752.77661245,0,0,0.0,0.0000,15.1,5.565449688,,0,0.0,0.0,No es PDET O ZOMAC,No es PDET O ZOMAC,0.0,106.7227233,43.32,0.2761000862812769,0.0034512510785159,0.0,0.0,0.0345125107851596,43.32,0.0,0.00928309,-0.20183942,-0.60931468,-0.43744925,-0.49643921,-0.41539393,0.21810656,Bajo,Presencial,0.0,NO,SIN_IMPUTACION,OK,SIN_IMPUTACION,OK
68770,68770,68,SANTANDER,SUAITA,Municipio,-73.44165,6.101329,,290323831.08321214,0,0,0.0,0.0000,37.8,9.353661959,,0,0.0,0.0,No es PDET O ZOMAC,No es PDET O ZOMAC,0.0,82.25689545,35.0,0.2174161803410001,0.0,0.0,0.0,0.0114429568600526,35.0,0.0,0.01201102,-0.70064127,-0.60931468,-0.43744925,-0.48908557,-0.58887153,0.1765283,Bajo,Presencial,0.0,NO,SIN_IMPUTACION,OK,SIN_IMPUTACION,OK
68773,68773,68,SANTANDER,SUCRE,Municipio,-73.790975,5.918743,,531759061.7393,0,0,0.0,0.0000,"47,1",13.15443304,,0,1.0,0.0,No,No,5.789,0.0,27.25,0.1656177542232527,0.0,0.0,0.0,0.0,27.25,1.91530366,1.0,-1.1652704,-0.60931468,1.01432524,2.17422517,-0.06164022,0.30289252,Medio,Presencial con precaución,0.0,NO,SIN_IMPUTACION,OK,SIN_IMPUTACION,OK
68780,68780,68,SANTANDER,SURATÁ,Municipio,-72.984232,7.36658,,371530608.5092799,422,453,7.62,0.0000,44.2,,,0,1.0,0.0,No,No,0.0,67.17657968,20.88,0.1704545454545454,0.0,0.0,0.0,0.0,20.88,0.0,0.01466779,-1.54716557,-0.60931468,-0.43744925,-0.48192373,-0.88408076,0.105774,Bajo,Presencial,7.1,NO,SIN_IMPUTACION,OK,SIN_IMPUTACION,OK
68820,68820,68,SANTANDER,TONA,Municipio,-72.967023,7.201417,,338022742.95183176,1436,1468,27.14,0.0000,45.8,26.12330199,,0,0.0,0.0,No es PDET O ZOMAC,No es PDET O ZOMAC,0.0,100.3718647,51.46,0.0,0.0,0.0,0.0,0.0149700598802395,51.46,0.0,0.00986467,0.28617104,-0.60931468,-0.43744925,-0.49487145,-0.24435511,0.25910031,Bajo,Presencial,26.55,SI,SIN_IMPUTACION,OK,SIN_IMPUTACION,OK
68855,68855,68,SANTANDER,VALLE DE SAN JOSÉ,Municipio,-73.143507,6.448028,,82662937.7375498,0,0,0.0,0.0000,"36,6",0.0,,0,0.0,0.0,No es PDET O ZOMAC,No es PDET O ZOMAC,0.0,119.0,32.86,0.3364022662889518,0.0,0.0,0.0,0.0,32.86,0.0,0.00833333,-0.82893887,-0.60931468,-0.43744925,-0.49899946,-0.63526278,0.16540948,Bajo,Presencial,0.0,NO,SIN_IMPUTACION,OK,SIN_IMPUTACION,OK
68861,68861,68,SANTANDER,VÉLEZ,Municipio,-73.672447,6.009275,,455961495.4392085,1,8,0.11,0.0000,32.3,3.796218966,,0,0.0,0.0,No es PDET O ZOMAC,No es PDET O ZOMAC,0.0,49.43876915,47.01,0.1958437602001958,0.0,0.0,0.0,0.0217604178000217,47.01,0.0,0.01982602,0.01938399,-0.60931468,-0.43744925,-0.46801876,-0.33370267,0.23768592,Bajo,Presencial,0.01,NO,SIN_IMPUTACION,OK,SIN_IMPUTACION,OK
68867,68867,68,SANTANDER,VETAS,Municipio,-72.871041,7.30981,,94520231.59945013,98,127,8.4,0.0000,31.9,,,0,0.0,0.0,No es PDET O ZOMAC,No es PDET O ZOMAC,0.0,83.58749409,33.82,0.0,0.0,0.0,0.0,0.0567536889897843,33.82,0.0,0.01182208,-0.77138481,-0.60931468,-0.43744925,-0.48959489,-0.61370817,0.17057558,Bajo,Presencial,6.48,NO,SIN_IMPUTACION,OK,SIN_IMPUTACION,OK
68872,68872,68,SANTANDER,VILLANUEVA,Municipio,-73.174307,6.670078,,99571824.85917336,175,190,11.93,0.0000,"27,5",0.0,,0,0.0,0.0,No es PDET O ZOMAC,No es PDET O ZOMAC,0.0,106.3,19.5,0.3866171003717472,0.0,0.0,0.0,0.0,19.5,0.0,0.00931966,-1.62989953,-0.60931468,-0.43744925,-0.49634062,-0.91520018,0.09831545,Bajo,Presencial,10.98,NO,SIN_IMPUTACION,OK,SIN_IMPUTACION,OK
68895,68895,68,SANTANDER,ZAPATOCA,Municipio,-73.268034,6.814387,,372002874.13211066,0,10,0.17,0.0000,26.9,0.0,,0,0.0,0.0,No es PDET O ZOMAC,No es PDET O ZOMAC,0.0,89.80798847,26.65,0.1240834743372814,0.0,0.0,0.0,0.0112803158488437,26.65,0.0,0.01101225,-1.20124169,-0.60931468,-0.43744925,-0.49177794,-0.76448554,0.134438,Bajo,Presencial,0.0,NO,SIN_IMPUTACION,OK,SIN_IMPUTACION,OK
70001,70001,70,SUCRE,SINCELEJO,Municipio,-75.395445,9.302322,,289185838.32947725,0,0,0.0,0.0000,30.4,16.86646533,EGC,1,0.0,0.0,No es PDET O ZOMAC,No es PDET O ZOMAC,0.0,143.374292,55.66,3.3521822673620645,0.0179339372312196,0.0069539756610851,0.0058559795040717,11.427944002195993,55.66,0.0,0.00692644,0.53797005,0.82391607,-0.43744925,-0.50279201,0.27255569,0.38299095,Medio,Presencial con precaución,0.0,NO,SIN_IMPUTACION,OK,SIN_IMPUTACION,OK
70110,70110,70,SUCRE,BUENAVISTA,Municipio,-74.972827,9.319794,,151370207.65648156,0,0,0.0,0.0000,49.1,8.802042074,,0,0.0,0.0,No es PDET O ZOMAC,No es PDET O ZOMAC,0.0,108.7457471,51.18,3.978010994502749,0.0099950024987506,0.0,0.0099950024987506,0.2998500749625187,51.18,0.0,0.00911197,0.26938444,-0.60931468,-0.43744925,-0.4969005,-0.25053477,0.2576192,Bajo,Presencial,0.0,NO,SIN_IMPUTACION,OK,SIN_IMPUTACION,OK
70124,70124,70,SUCRE,CAIMITO,Municipio,-75.117141,8.789324,,424909126.4422349,0,0,0.0,0.0000,58.7,5.820382981,,0,0.0,0.0,No es PDET O ZOMAC,No es PDET O ZOMAC,0.0,80.01681923,23.02,1.5977796114320006,0.0,0.0,0.0,1.1777060985672492,23.02,0.0,0.01234312,-1.41886798,-0.60931468,-0.43744925,-0.48819034,-0.8401166,0.11631112,Bajo,Presencial,0.0,NO,SIN_IMPUTACION,OK,SIN_IMPUTACION,OK
70204,70204,70,SUCRE,COLOSÓ,Municipio,-75.353256,9.494192,,135649893.93152446,0,0,0.0,0.0000,59.6,,,0,1.0,1.0,ZOMAC-170,ZOMAC-NO 52,0.0,155.2035975,40.79,2.165833653722927,0.0,0.0,0.0,11.559656542355505,40.79,0.0,0.0064019,-0.35351835,-0.60931468,-0.43744925,-0.504206,-0.46964658,0.20510356,Bajo,Presencial,0.0,NO,SIN_IMPUTACION,OK,SIN_IMPUTACION,OK
70215,70215,70,SUCRE,COROZAL,Municipio,-75.293048,9.318749,,295155855.79939353,0,0,0.0,0.0000,34.5,18.21212928,,0,0.0,0.0,No es PDET O ZOMAC,No es PDET O ZOMAC,0.0,120.4539651,53.96,1.415380877171668,0.0136678410885676,0.009111894059045,0.0060745960393633,4.095796379540761,53.96,0.0,0.00823357,0.4360514,-0.60931468,-0.43744925,-0.49926839,-0.19255652,0.27151514,Bajo,Presencial,0.0,NO,SIN_IMPUTACION,OK,SIN_IMPUTACION,OK
70221,70221,70,SUCRE,COVEÑAS,Municipio,-75.680158,9.402779,,58430432.9363064,0,0,0.0,0.0000,45.0,28.01120448,EGC,1,0.0,0.0,No es PDET O ZOMAC,No es PDET O ZOMAC,0.0,151.2146009,60.65,28.40526072301897,0.0462626396140374,0.0,0.006608948516291,22.959487145595137,60.65,0.0,0.00656967,0.83713126,0.82391607,-0.43744925,-0.50375374,0.37711785,0.4080519,Alto,Remota,0.0,NO,SIN_IMPUTACION,OK,SIN_IMPUTACION,OK
70230,70230,70,SUCRE,CHALÁN,Municipio,-75.312697,9.545352,,86597321.84585162,0,0,0.0,0.0000,73.9,0.0,,0,1.0,1.0,ZOMAC-170,ZOMAC-NO 52,0.0,156.0100951,32.52,15.096045197740112,0.0,0.0,0.0,3.615819209039548,32.52,0.0,0.00636902,-0.8493226,-0.60931468,-0.43744925,-0.50429465,-0.64319136,0.16350919,Bajo,Presencial,0.0,NO,SIN_IMPUTACION,OK,SIN_IMPUTACION,OK
70233,70233,70,SUCRE,EL ROBLE,Municipio,-75.198378,9.100647,,204726698.12111044,0,0,0.0,0.0000,64.3,19.16259462,EGC,1,0.0,0.0,No es PDET O ZOMAC,No es PDET O ZOMAC,0.0,101.3263843,40.59,0.2554669936644185,0.0,0.0,0.0,11.23032904148784,40.59,0.0,0.00977265,-0.36550878,0.82391607,-0.43744925,-0.49511951,-0.04251103,0.30747731,Medio,Presencial con precaución,0.0,NO,SIN_IMPUTACION,OK,SIN_IMPUTACION,OK
70235,70235,70,SUCRE,GALERAS,Municipio,-75.04959,9.160379,,332210701.9414478,0,0,0.0,0.0000,46.1,4.072656186,,0,0.0,0.0,No es PDET O ZOMAC,No es PDET O ZOMAC,0.0,94.95204716,37.04,1.6601610751519342,0.0,0.0,0.0049409555808093,7.628835416769602,37.04,0.0,0.01042187,-0.5783389,-0.60931468,-0.43744925,-0.49336941,-0.54670828,0.18663379,Bajo,Presencial,0.0,NO,SIN_IMPUTACION,OK,SIN_IMPUTACION,OK
70265,70265,70,SUCRE,GUARANDA,Municipio,-74.537749,8.468556,,372073201.5826946,0,0,0.0,0.0000,66.1,26.08242045,EGC,1,0.0,0.0,No es PDET O ZOMAC,No es PDET O ZOMAC,0.0,14.54770889,34.14,0.2945319503137406,0.0,0.0,0.0,0.1856831860673581,34.14,0.0,0.06431816,-0.75220012,0.82391607,-0.43744925,-0.3480818,-0.15579734,0.2803254,Bajo,Presencial,0.0,NO,SIN_IMPUTACION,OK,SIN_IMPUTACION,OK
70400,70400,70,SUCRE,LA UNIÓN,Municipio,-75.276056,8.853975,,239358384.46871355,0,0,0.0,0.0000,55.8,20.72682051,,0,0.0,0.0,No es PDET O ZOMAC,No es PDET O ZOMAC,0.0,92.87284052,32.14,0.104257167680278,0.0,0.0,0.0,9.5742832319722,32.14,0.0,0.01065271,-0.87210441,-0.60931468,-0.43744925,-0.49274715,-0.64943287,0.16201326,Bajo,Presencial,0.0,NO,SIN_IMPUTACION,OK,SIN_IMPUTACION,OK
70418,70418,70,SUCRE,LOS PALMITOS,Municipio,-75.268716,9.380269,,205585917.2235756,0,0,0.0,0.0000,41.6,4.012197079,,0,1.0,1.0,ZOMAC-170,ZOMAC-NO 52,0.0,135.6585094,42.31,1.5116119279923046,0.0,0.0,0.0045806422060372,1.6581924785854976,42.31,0.0,0.00731751,-0.26239109,-0.60931468,-0.43744925,-0.5017378,-0.43738181,0.21283662,Bajo,Presencial,0.0,NO,SIN_IMPUTACION,OK,SIN_IMPUTACION,OK
70429,70429,70,SUCRE,MAJAGUAL,Municipio,-74.628077,8.541163,,869708076.1800928,0,0,0.0,0.0000,64.4,14.23757771,,0,0.0,0.0,No es PDET O ZOMAC,No es PDET O ZOMAC,0.0,27.04669224,32.88,0.300410765740911,0.0091962479308442,0.0061308319538961,0.0306541597694807,3.0470234810863834,32.88,0.0,0.03565483,-0.82773982,-0.60931468,-0.43744925,-0.42534922,-0.62379557,0.16815788,Bajo,Presencial,0.0,NO,SIN_IMPUTACION,OK,SIN_IMPUTACION,OK
70473,70473,70,SUCRE,MORROA,Municipio,-75.305949,9.331395,,175699411.67495963,0,0,0.0,0.0000,42.8,24.14729852,,0,1.0,1.0,ZOMAC-170,ZOMAC-NO 52,0.0,141.2522601,51.89,0.89931705997701,0.0202853472175265,0.0,0.0,3.6310771519372502,51.89,0.0,0.00702977,0.31195046,-0.60931468,-0.43744925,-0.50251347,-0.23647861,0.26098811,Bajo,Presencial,0.0,NO,SIN_IMPUTACION,OK,SIN_IMPUTACION,OK
70508,70508,70,SUCRE,OVEJAS,Municipio,-75.229037,9.527176,,475906165.08743024,5,5,0.07,0.0000,51.5,16.57618831,EGC,1,1.0,1.0,ZOMAC-170,ZOMAC-NO 52,0.0,144.8919834,49.53,2.4571122230164404,0.0,0.0044674767691208,0.0,4.614903502501787,49.53,0.0,0.00685439,0.1704634,0.82391607,-0.43744925,-0.50298624,0.14389922,0.3521552,Medio,Presencial con precaución,0.07,NO,SIN_IMPUTACION,OK,SIN_IMPUTACION,OK
70523,70523,70,SUCRE,PALMITO,Municipio,-75.541264,9.333157,,180313416.41987947,0,0,0.0,0.0000,65.1,6.081245439,EGC,1,1.0,1.0,ZOMAC-170,ZOMAC-NO 52,0.0,146.8971419,47.44,0.7499601085048667,0.0,0.0,0.0079782990266475,80.3733843944471,47.44,0.0,0.00676146,0.04516342,0.82391607,-0.43744925,-0.50323675,0.10000665,0.34163525,Medio,Presencial con precaución,0.0,NO,SIN_IMPUTACION,OK,SIN_IMPUTACION,OK
70670,70670,70,SUCRE,SAMPUÉS,Municipio,-75.380222,9.183193,,220802277.33917043,0,0,0.0,0.0000,56.9,13.15122025,EGC,1,0.0,0.0,No es PDET O ZOMAC,No es PDET O ZOMAC,0.0,125.9948347,45.87,0.9637582087545106,0.0044825963197884,0.2308537104691037,0.0067238944796826,41.76434991146872,45.87,0.0,0.00787434,-0.04896145,0.82391607,-0.43744925,-0.50023678,0.06751295,0.33384731,Medio,Presencial con precaución,0.0,NO,SIN_IMPUTACION,OK,SIN_IMPUTACION,OK
70678,70678,70,SUCRE,SAN BENITO ABAD,Municipio,-75.031089,8.930108,,1539740511.4272373,0,0,0.0,0.0000,63,19.16565515,EGC,1,0.0,0.0,No es PDET O ZOMAC,No es PDET O ZOMAC,0.0,69.47605778,38.11,16.694759123515347,0.0,0.0,0.0078397553996315,6.714750499784407,38.11,0.0,0.01418922,-0.5141901,0.82391607,-0.43744925,-0.48321382,-0.09276364,0.29543301,Medio,Presencial con precaución,0.0,NO,SIN_IMPUTACION,OK,SIN_IMPUTACION,OK
70702,70702,70,SUCRE,SAN JUAN DE BETULIA,Municipio,-75.243565,9.273066,,173713718.08525175,0,0,0.0,0.0000,44.8,0.0,,0,0.0,0.0,No es PDET O ZOMAC,No es PDET O ZOMAC,0.0,124.6324176,33.92,0.3721622627465575,0.0,0.0,0.0,4.153330852251582,33.92,0.0,0.00795973,-0.76538959,-0.60931468,-0.43744925,-0.50000658,-0.6131716,0.17070418,Bajo,Presencial,0.0,NO,SIN_IMPUTACION,OK,SIN_IMPUTACION,OK
70708,70708,70,SUCRE,SAN MARCOS,Municipio,-75.133831,8.661774,,998523476.157364,0,0,0.0,0.0000,59.1,32.07132663,EGC,1,0.0,0.0,No es PDET O ZOMAC,No es PDET O ZOMAC,0.0,66.44052839,38.66,23.953859139079057,0.0018756447528838,0.0,0.0018756447528838,22.890368564193945,38.66,0.0,0.01482788,-0.48121642,0.82391607,-0.43744925,-0.48149219,-0.08096461,0.29826094,Medio,Presencial con precaución,0.0,NO,SIN_IMPUTACION,OK,SIN_IMPUTACION,OK
70713,70713,70,SUCRE,SAN ONOFRE,Municipio,-75.522398,9.736955,,1072173789.2700492,1,1,0.01,0.0000,69,15.77535889,EGC,1,1.0,1.0,ZOMAC-170,ZOMAC-NO 52,0.0,189.608338,38.66,88.77836169502837,0.0458792125458792,0.0,0.0083416750083416,7.292709376042709,38.66,0.0,0.00524636,-0.48121642,0.82391607,-0.43744925,-0.50732098,-0.08483892,0.29733237,Medio,Presencial con precaución,0.01,NO,SIN_IMPUTACION,OK,SIN_IMPUTACION,OK
70717,70717,70,SUCRE,SAN PEDRO,Municipio,-75.063647,9.39625,,220163848.1018217,0,0,0.0,0.0000,47.1,14.77250345,,0,0.0,0.0,No es PDET O ZOMAC,No es PDET O ZOMAC,0.0,121.3655836,50.31,9.616879511382566,0.0,0.005552470849528,0.0,4.70294280955025,50.31,0.0,0.00817223,0.21722607,-0.60931468,-0.43744925,-0.49943374,-0.26917019,0.25315275,Bajo,Presencial,0.0,NO,SIN_IMPUTACION,OK,SIN_IMPUTACION,OK
70742,70742,70,SUCRE,SAN LUIS DE SINCÉ,Municipio,-75.145999,9.244308,,432723198.7291717,0,0,0.0,0.0000,51.1,23.93060126,EGC,1,0.0,0.0,No es PDET O ZOMAC,No es PDET O ZOMAC,0.0,113.128743,48.3,1.6562872664634951,0.0165628726646349,0.0,0.0,2.7295614151318404,48.3,0.0,0.00876203,0.09672226,0.82391607,-0.43744925,-0.49784382,0.11886119,0.34615421,Medio,Presencial con precaución,0.0,NO,SIN_IMPUTACION,OK,SIN_IMPUTACION,OK
70771,70771,70,SUCRE,SUCRE,Municipio,-74.723175,8.811737,,1165665568.8312476,0,0,0.0,0.0000,63.4,3.0318649,,0,0.0,0.0,No es PDET O ZOMAC,No es PDET O ZOMAC,0.0,51.15372359,28.59,0.2461307413124192,0.0208585373993575,0.0,0.0,2.707438154436611,28.59,0.0,0.01917409,-1.08493453,-0.60931468,-0.43744925,-0.46977617,-0.72047776,0.14498557,Bajo,Presencial,0.0,NO,SIN_IMPUTACION,OK,SIN_IMPUTACION,OK
70820,70820,70,SUCRE,SANTIAGO DE TOLÚ,Municipio,-75.581112,9.525387,,312833063.64443374,0,0,0.0,0.0000,42.7,14.35585288,,0,0.0,0.0,No es PDET O ZOMAC,No es PDET O ZOMAC,0.0,168.3730042,59.91,64.57578408096964,0.0812195426714981,0.0031238285642883,0.0,10.283643633637386,59.91,0.0,0.00590413,0.79276667,-0.60931468,-0.43744925,-0.50554784,-0.06864809,0.3012129,Medio,Presencial con precaución,0.0,NO,SIN_IMPUTACION,OK,SIN_IMPUTACION,OK
70823,70823,70,SUCRE,SAN JOSÉ DE TOLUVIEJO,Municipio,-75.44085,9.451819,,294683951.1514006,3,3,0.06,0.0000,45.8,8.942624124,EGC,1,1.0,1.0,ZOMAC-170,ZOMAC-NO 52,0.0,157.9590459,0.0,10.727299955074129,0.0099835271801527,0.0049917635900763,0.0049917635900763,36.150351919333104,0.0,0.0,0.00629093,-2.79896637,0.82391607,-0.43744925,-0.50450515,-0.89562903,0.10300617,Bajo,Presencial,0.06,NO,SIN_IMPUTACION,OK,SIN_IMPUTACION,OK
73001,73001,73,TOLIMA,IBAGUÉ,Municipio,-75.19425,4.432248,,1394235776.800018,451,509,2.28,0.0000,14.8,11.94563084,,0,0.0,0.0,No es PDET O ZOMAC,No es PDET O ZOMAC,0.0,111.9654024,62.86,0.4262648792957926,0.0040480995184785,0.0097154388443485,0.0010120248796196,0.6047860680606972,62.86,0.0,0.00885227,0.9696255,-0.60931468,-0.43744925,-0.49760058,-0.00555541,0.31633465,Medio,Presencial con precaución,2.02,NO,SIN_IMPUTACION,OK,SIN_IMPUTACION,OK
73024,73024,73,TOLIMA,ALPUJARRA,Municipio,-74.9329,3.391548,,506523733.726659,2067,2132,26.31,0.0000,30.9,21.10149821,EMBF,1,0.0,0.0,No es PDET O ZOMAC,No es PDET O ZOMAC,0.0,107.4321226,30.42,0.1227897838899803,0.0,0.0,0.0,0.0,30.42,0.0,0.00922236,-0.9752221,0.82391607,-0.43744925,-0.49660292,-0.2561332,0.25627739,Bajo,Presencial,25.5,SI,SIN_IMPUTACION,OK,SIN_IMPUTACION,OK
73026,73026,73,TOLIMA,ALVARADO,Municipio,-74.953418,4.567356,,348765877.35178965,507,521,9.34,0.0000,"38,8",0.0,,0,1.0,0.0,No,No,0.0,130.1,56.58,0.1489868891537544,0.0297973778307508,0.0,0.0,0.134088200238379,56.58,0.0,0.00762777,0.59312603,-0.60931468,-0.43744925,-0.50090145,-0.13782536,0.28463284,Medio,Presencial con precaución,9.09,NO,SIN_IMPUTACION,OK,SIN_IMPUTACION,OK
73030,73030,73,TOLIMA,AMBALEMA,Municipio,-74.764429,4.782682,,241295144.42793477,58,63,1.63,0.0000,32.9,57.97101449,EGC,1,0.0,0.0,No es PDET O ZOMAC,No es PDET O ZOMAC,0.0,104.4679333,54.81,0.4291845493562232,0.0,0.0,0.0,0.0153280196198651,54.81,0.0,0.00948155,0.48701073,0.82391607,-0.43744925,-0.49590421,0.25575309,0.37896379,Medio,Presencial con precaución,1.5,NO,SIN_IMPUTACION,OK,SIN_IMPUTACION,OK
73043,73043,73,TOLIMA,ANZOÁTEGUI,Municipio,-75.093772,4.631756,,475758709.3146829,310,316,4.15,"15,166.8332","55,8",37.77504958,,0,1.0,0.0,No,No,0.0,111.1,43.45,0.1449084442102489,0.0,0.0,0.0,0.0526939797128178,43.45,0.0,0.00892061,-0.19404565,-0.60931468,-0.43744925,-0.49741636,-0.41281268,0.21872523,Bajo,Presencial,4.07,NO,SIN_IMPUTACION,OK,SIN_IMPUTACION,OK
73055,73055,73,TOLIMA,ARMERO,Municipio,-74.884438,5.030744,,446878801.2882648,200,217,3.03,0.0000,27.3,,EGC,1,0.0,0.0,No es PDET O ZOMAC,No es PDET O ZOMAC,0.0,83.89139365,57.36,0.326681970686915,0.0,0.0,0.0,0.0706339396079816,57.36,0.0,0.01177976,0.6398887,0.82391607,-0.43744925,-0.48970898,0.31018967,0.39201088,Medio,Presencial con precaución,2.8,NO,SIN_IMPUTACION,OK,SIN_IMPUTACION,OK
73067,73067,73,TOLIMA,ATACO,Municipio,-75.382545,3.590591,,1027508069.0867594,180,182,1.11,0.0000,64.0,14.91350169,EMC,1,1.0,1.0,ZOMAC-170,ZOMAC-NO 52,0.0,78.59675346,57.63,1.1307498078823142,0.0,0.0,0.0,7.805467120430344,57.63,0.0,0.01256333,0.65607578,0.82391607,-0.43744925,-0.48759672,0.31617199,0.39344469,Medio,Presencial con precaución,1.09,NO,SIN_IMPUTACION,OK,SIN_IMPUTACION,OK
73124,73124,73,TOLIMA,CAJAMARCA,Municipio,-75.431971,4.438812,,514601661.9558623,590,636,7.72,0.0000,36.2,15.45754328,,0,1.0,0.0,No,No,0.0,91.26142546,63.08,0.1448435689455388,0.0057937427578215,0.0,0.0,0.1622247972190034,63.08,0.0,0.01083877,0.98281497,-0.60931468,-0.43744925,-0.49224559,-0.00013585,0.31763358,Medio,Presencial con precaución,7.17,NO,SIN_IMPUTACION,OK,SIN_IMPUTACION,OK
73148,73148,73,TOLIMA,CARMEN DE APICALÁ,Municipio,-74.717633,4.152334,,193081091.97284088,0,0,0.0,0.0000,"20,7",17.8396218,,0,0.0,0.0,No es PDET O ZOMAC,No es PDET O ZOMAC,0.0,130.1,60.87,0.3120449344705637,0.0,0.0,0.0,0.0312044934470563,60.87,0.0,0.00762777,0.85032073,-0.60931468,-0.43744925,-0.50090145,-0.04780722,0.30620794,Medio,Presencial con precaución,0.0,NO,SIN_IMPUTACION,OK,SIN_IMPUTACION,OK
73152,73152,73,TOLIMA,CASABIANCA,Municipio,-75.120966,5.078465,,177752206.95617792,25,25,0.88,0.0000,"43,8",31.07520199,,0,1.0,0.0,No,No,0.0,85.78,52.15,0.0363901018922853,0.0,0.0,0.0,0.0363901018922853,52.15,0.0,0.01152339,0.32753802,-0.60931468,-0.43744925,-0.49040005,-0.22920595,0.26273118,Bajo,Presencial,0.88,NO,SIN_IMPUTACION,OK,SIN_IMPUTACION,OK
73168,73168,73,TOLIMA,CHAPARRAL,Municipio,-75.480765,3.722918,,2123680235.6462736,289,291,0.86,0.0000,39.7,21.89421445,EMC,1,1.0,1.0,ZOMAC-170,ZOMAC-NO 52,0.0,85.7269635,60.94,0.4766201614955692,0.0138821406260845,0.0023136901043474,0.0023136901043474,3.4682214664167885,60.94,0.0,0.01153044,0.85451738,0.82391607,-0.43744925,-0.49038106,0.38520889,0.40999112,Alto,Remota,0.85,NO,SIN_IMPUTACION,OK,SIN_IMPUTACION,OK
73200,73200,73,TOLIMA,COELLO,Municipio,-74.898464,4.287276,,347818955.4025999,750,831,14.93,0.0000,35.8,35.19474425,,0,0.0,0.0,No es PDET O ZOMAC,No es PDET O ZOMAC,0.0,150.8781045,53.37,0.1601067378252168,0.0,0.0,0.0,1.2541694462975317,53.37,0.0,0.00658423,0.40067964,-0.60931468,-0.43744925,-0.50371451,-0.20560356,0.26838809,Bajo,Presencial,13.48,NO,SIN_IMPUTACION,OK,SIN_IMPUTACION,OK
73217,73217,73,TOLIMA,COYAIMA,Municipio,-75.193862,3.798036,,676164859.4839952,30,40,0.37,0.0000,62.1,8.461668641,,0,0.0,0.0,No es PDET O ZOMAC,No es PDET O ZOMAC,0.0,126.0395665,58.78,0.2684351807989894,0.0105268698352544,0.0210537396705089,0.0,48.96047160376862,58.78,0.0,0.00787156,0.72502075,-0.60931468,-0.43744925,-0.50024425,-0.09156363,0.29572062,Medio,Presencial con precaución,0.28,NO,SIN_IMPUTACION,OK,SIN_IMPUTACION,OK
73226,73226,73,TOLIMA,CUNDAY,Municipio,-74.692227,4.059259,,513320428.46931165,0,0,0.0,0.0000,40.8,0.0,,0,0.0,0.0,No es PDET O ZOMAC,No es PDET O ZOMAC,0.0,114.3426717,43.18,0.0772996650347848,0.0,0.0,0.0,2.538005668642102,43.18,0.0,0.00866982,-0.21023272,-0.60931468,-0.43744925,-0.4980924,-0.41857957,0.21734305,Bajo,Presencial,0.0,NO,SIN_IMPUTACION,OK,SIN_IMPUTACION,OK
73236,73236,73,TOLIMA,DOLORES,Municipio,-74.896761,3.539072,,658798021.0928547,1222,1281,12.15,5.9689,32.8,34.69010176,,0,1.0,0.0,No,No,0.0,100.2315654,37.74,0.0963921784632332,0.0137703112090333,0.0,0.0,0.0137703112090333,37.74,0.0,0.00987834,-0.5363724,-0.60931468,-0.43744925,-0.4948346,-0.53223978,0.19010152,Bajo,Presencial,11.59,NO,SIN_IMPUTACION,OK,SIN_IMPUTACION,OK
73268,73268,73,TOLIMA,ESPINAL,Municipio,-74.885446,4.151314,,219054641.03590629,0,1,0.03,0.0000,19.2,29.23316103,,0,0.0,0.0,No es PDET O ZOMAC,No es PDET O ZOMAC,0.0,144.7497922,71.14,0.3498377348378837,0.0089320272724566,0.0,0.0104206984845327,0.619287224223658,71.14,0.0,0.00686107,1.46602926,-0.60931468,-0.43744925,-0.50296822,0.16738076,0.35778314,Medio,Presencial con precaución,0.0,NO,SIN_IMPUTACION,OK,SIN_IMPUTACION,OK
73270,73270,73,TOLIMA,FALAN,Municipio,-74.953007,5.123104,,183923770.02219728,33,38,1.29,0.0000,39.3,0.0,,0,0.0,0.0,No es PDET O ZOMAC,No es PDET O ZOMAC,0.0,75.20814429,47.54,0.1058681185722928,0.0,0.0,0.0151240169388989,0.0907441016333938,47.54,0.0,0.01312196,0.05115863,-0.60931468,-0.43744925,-0.48609082,-0.32529236,0.23970167,Bajo,Presencial,1.12,NO,SIN_IMPUTACION,OK,SIN_IMPUTACION,OK
73275,73275,73,TOLIMA,FLANDES,Municipio,-74.818763,4.276373,,97961439.22582091,0,0,0.0,0.0000,17.4,56.07414982,,0,0.0,0.0,No es PDET O ZOMAC,No es PDET O ZOMAC,0.0,146.6401101,0.0,0.2819583287560877,0.0036617964773517,0.0,0.0,0.1135156907979054,0.0,0.0,0.00677323,-2.79896637,-0.60931468,-0.43744925,-0.50320502,-1.32540324,0.0,Bajo,Presencial,0.0,NO,SIN_IMPUTACION,OK,SIN_IMPUTACION,OK
73283,73283,73,TOLIMA,FRESNO,Municipio,-75.035722,5.153576,,222875224.8356539,1,2,0.06,0.0000,33.6,40.4166019,,0,0.0,0.0,No es PDET O ZOMAC,No es PDET O ZOMAC,0.0,64.05253861,53.35,0.0729774812343619,0.0,0.0,0.0104253544620517,0.0486516541562413,53.35,0.0,0.01537219,0.3994806,-0.60931468,-0.43744925,-0.48002489,-0.20246978,0.26913918,Bajo,Presencial,0.03,NO,SIN_IMPUTACION,OK,SIN_IMPUTACION,OK
73319,73319,73,TOLIMA,GUAMO,Municipio,-74.968135,4.030992,,511577690.1533079,29,40,0.49,0.0000,32.2,22.93577982,EGC,1,0.0,0.0,No es PDET O ZOMAC,No es PDET O ZOMAC,0.0,144.8932167,61.13,0.2502964036358845,0.0164668686602555,0.2733500197602423,0.0065867474641022,0.5895138980371493,61.13,0.0,0.00685433,0.86590829,0.82391607,-0.43744925,-0.5029864,0.38730491,0.41049348,Alto,Remota,0.35,NO,SIN_IMPUTACION,OK,SIN_IMPUTACION,OK
73347,73347,73,TOLIMA,HERVEO,Municipio,-75.177151,5.080228,,327304932.0857991,86,97,1.85,0.0000,54,0.0,,0,1.0,0.0,No,No,0.0,82.37158575,53.82,0.0628831944662789,0.0157207986165697,0.0,0.0,0.0,53.82,0.0,0.01199449,0.4276581,-0.60931468,-0.43744925,-0.48913011,-0.19397343,0.27117554,Bajo,Presencial,1.64,NO,SIN_IMPUTACION,OK,SIN_IMPUTACION,OK
73349,73349,73,TOLIMA,HONDA,Municipio,-74.75699,5.211816,,309383339.19779927,222,265,5.35,0.0000,25.8,15.2998776,,0,0.0,0.0,No es PDET O ZOMAC,No es PDET O ZOMAC,0.0,66.53345645,58.25,0.4922427811717136,0.0,0.0043950248318903,0.0,0.0483452731507933,58.25,0.0,0.01480748,0.69324611,-0.60931468,-0.43744925,-0.48154719,-0.09988019,0.29372735,Medio,Presencial con precaución,4.48,NO,SIN_IMPUTACION,OK,SIN_IMPUTACION,OK
73352,73352,73,TOLIMA,ICONONZO,Municipio,-74.531969,4.176487,,217734196.14321017,0,0,0.0,0.6062,33.7,7.915149596,EMC,1,0.0,0.0,No es PDET O ZOMAC,No es PDET O ZOMAC,0.0,117.0636556,45.61,0.2204629722417075,0.0,0.0,0.0,0.1302735745064635,45.61,0.0,0.00847001,-0.06454901,0.82391607,-0.43744925,-0.49863103,0.06229816,0.33259746,Medio,Presencial con precaución,0.0,NO,SIN_IMPUTACION,OK,SIN_IMPUTACION,OK
73408,73408,73,TOLIMA,LÉRIDA,Municipio,-74.910716,4.862046,,275685025.4355664,27,44,1.0,0.0000,28.1,10.65132875,"EGC, EMC",2,1.0,0.0,No,No,0.0,98.80763875,63.68,0.3888987095633728,0.0,0.0,0.0,0.1473101172588533,63.68,0.0,0.01001927,1.01878626,2.25714682,-0.43744925,-0.49445469,0.87206118,0.52667749,Alto,Remota,0.61,NO,SIN_IMPUTACION,OK,SIN_IMPUTACION,OK
73411,73411,73,TOLIMA,LÍBANO,Municipio,-75.061959,4.92042,,286236582.49414533,42,47,1.03,0.0013,33.4,5.25403247,,0,0.0,0.0,No es PDET O ZOMAC,No es PDET O ZOMAC,0.0,97.89667232,54.8,0.2371829958036854,0.0030408076385087,0.0,0.0060816152770175,0.1550811895639481,54.8,0.0,0.01011156,0.48641121,-0.60931468,-0.43744925,-0.49420591,-0.17417122,0.27592164,Bajo,Presencial,0.92,NO,SIN_IMPUTACION,OK,SIN_IMPUTACION,OK
73443,73443,73,TOLIMA,SAN SEBASTIÁN DE MARIQUITA,Municipio,-74.889276,5.199708,,297704067.75434256,95,107,2.25,0.0000,27.1,25.29980266,EGC,1,0.0,0.0,No es PDET O ZOMAC,No es PDET O ZOMAC,0.0,58.08219574,66.73,0.3285074713646142,0.0058142915285772,0.0029071457642886,0.0,0.2151287865573579,66.73,0.0,0.01692557,1.2016403,0.82391607,-0.43744925,-0.47583746,0.50888346,0.43963283,Alto,Remota,1.99,NO,SIN_IMPUTACION,OK,SIN_IMPUTACION,OK
73449,73449,73,TOLIMA,MELGAR,Municipio,-74.641317,4.203655,,204578885.43319923,0,0,0.0,0.0000,19.7,13.10409896,,0,0.0,0.0,No es PDET O ZOMAC,No es PDET O ZOMAC,0.0,128.0037883,44.62,1.2554407366831493,0.0148047256684333,0.0029609451336866,0.0059218902673733,0.1421253664169603,44.62,0.0,0.00775171,-0.12390164,-0.60931468,-0.43744925,-0.50056734,-0.38873493,0.22449606,Bajo,Presencial,0.0,NO,SIN_IMPUTACION,OK,SIN_IMPUTACION,OK
73461,73461,73,TOLIMA,MURILLO,Municipio,-75.171022,4.874341,,429620539.23618144,9,9,0.13,0.0002,50.4,0.0,,0,1.0,0.0,No,No,0.0,102.7732476,48.97,0.1792114695340501,0.0,0.0,0.0,0.0,48.97,0.0,0.00963639,0.1368902,-0.60931468,-0.43744925,-0.49548681,-0.29669571,0.24655557,Bajo,Presencial,0.13,NO,SIN_IMPUTACION,OK,SIN_IMPUTACION,OK
73483,73483,73,TOLIMA,NATAGAIMA,Municipio,-75.093182,3.624324,,868604169.9954839,1591,1675,12.05,0.0000,42.1,20.10319641,EMBF,1,0.0,0.0,No es PDET O ZOMAC,No es PDET O ZOMAC,0.0,120.5147359,53.97,0.2802297884265097,0.0070057447106627,0.0,0.0070057447106627,47.65307552192798,53.97,0.0,0.00822945,0.43665093,0.82391607,-0.43744925,-0.49927949,0.23762087,0.37461795,Medio,Presencial con precaución,11.45,NO,SIN_IMPUTACION,OK,SIN_IMPUTACION,OK
73504,73504,73,TOLIMA,ORTEGA,Municipio,-75.222601,3.934916,,964297019.0278748,62,68,0.44,0.0000,51.3,8.609062473,,0,1.0,0.0,No,No,0.0,125.9819894,46.72,1.9418784977412176,0.0168565841817814,0.0,0.0067426336727125,49.720180702582425,46.72,0.0,0.00787513,0.00199787,-0.60931468,-0.43744925,-0.50023463,-0.34462019,0.23506927,Bajo,Presencial,0.4,NO,SIN_IMPUTACION,OK,SIN_IMPUTACION,OK
73520,73520,73,TOLIMA,PALOCABILDO,Municipio,-75.022167,5.120918,,65944633.91651455,4,4,0.38,0.0000,45.5,20.487605,,0,0.0,0.0,No es PDET O ZOMAC,No es PDET O ZOMAC,0.0,73.80491118,57.37,0.108837614279495,0.0108837614279495,0.0,0.0,0.0108837614279495,57.37,0.0,0.01336811,0.64048822,-0.60931468,-0.43744925,-0.48542728,-0.11892747,0.28916219,Medio,Presencial con precaución,0.38,NO,SIN_IMPUTACION,OK,SIN_IMPUTACION,OK
73547,73547,73,TOLIMA,PIEDRAS,Municipio,-74.878106,4.543951,,358902082.88899547,491,548,9.54,0.0000,27.2,14.13227812,,0,0.0,0.0,No es PDET O ZOMAC,No es PDET O ZOMAC,0.0,140.9449555,35.74,0.489307720188474,0.0,0.0,0.0,0.1993475897064153,35.74,0.0,0.00704498,-0.65627669,-0.60931468,-0.43744925,-0.50247245,-0.57535196,0.17976861,Bajo,Presencial,8.55,NO,SIN_IMPUTACION,OK,SIN_IMPUTACION,OK
73555,73555,73,TOLIMA,PLANADAS,Municipio,-75.644163,3.197911,,1769389629.6264207,69,122,0.43,0.0000,55.4,29.14071322,EMC,1,1.0,1.0,ZOMAC-170,ZVTN-52,0.0,40.2294298,55.11,0.2371762079709808,0.0,0.0046505138817839,0.0046505138817839,7.5942891689531695,55.11,0.0,0.02425452,0.50499637,0.82391607,-0.43744925,-0.4560809,0.26802157,0.38190424,Medio,Presencial con precaución,0.24,NO,SIN_IMPUTACION,OK,SIN_IMPUTACION,OK
73563,73563,73,TOLIMA,PRADO,Municipio,-74.927447,3.750939,,427565970.5299505,29,35,0.51,0.0000,36.6,0.0,,0,1.0,0.0,No,No,0.0,113.7254588,60.9,0.2153807170910933,0.0,0.0380083618396047,0.0,4.307614341821867,60.9,0.0,0.00871646,0.85211929,-0.60931468,-0.43744925,-0.49796667,-0.0467375,0.30646433,Medio,Presencial con precaución,0.42,NO,SIN_IMPUTACION,OK,SIN_IMPUTACION,OK
73585,73585,73,TOLIMA,PURIFICACIÓN,Municipio,-74.935555,3.857246,,406649363.1348374,0,0,0.0,0.0000,32.6,0.0,,0,0.0,0.0,No es PDET O ZOMAC,No es PDET O ZOMAC,0.0,121.078035,52.69,0.1647299764035439,0.0,0.0044521615244201,0.0,6.33097368772539,52.69,0.0,0.00819148,0.35991218,-0.60931468,-0.43744925,-0.49938185,-0.21922227,0.26512403,Bajo,Presencial,0.0,NO,SIN_IMPUTACION,OK,SIN_IMPUTACION,OK
73616,73616,73,TOLIMA,RIOBLANCO,Municipio,-75.644069,3.529932,,2065498386.169167,959,1058,3.2,0.0000,60.5,21.34107303,EMC,1,1.0,1.0,ZOMAC-170,ZOMAC-NO 52,0.0,43.48727863,49.68,0.2202989771833202,0.0,0.0,0.0524521374246,5.218987673747706,49.68,0.0,0.02247834,0.17945622,0.82391607,-0.43744925,-0.46086894,0.15336431,0.35442375,Medio,Presencial con precaución,2.9,NO,SIN_IMPUTACION,OK,SIN_IMPUTACION,OK
73622,73622,73,TOLIMA,RONCESVALLES,Municipio,-75.605959,4.011567,,784482708.5779338,760,799,6.37,0.0000,42,0.0,"EMC, FRENTE 57",2,1.0,0.0,No,No,0.0,95.70152458,50.94,0.2159827213822894,0.0,0.0196347928529354,0.0,0.6872177498527391,50.94,0.0,0.0103411,0.25499592,2.25714682,-0.43744925,-0.49358715,0.6048647,0.46263714,Alto,Remota,6.05,NO,SIN_IMPUTACION,OK,SIN_IMPUTACION,OK
73624,73624,73,TOLIMA,ROVIRA,Municipio,-75.240648,4.239019,,748083706.4698671,146,164,1.37,0.0000,47.0,48.8997555,,0,1.0,0.0,No,No,0.0,116.3976168,61.01,0.2868447082096934,0.0,0.0,0.0,0.5934718100890208,61.01,0.0,0.00851806,0.85871403,-0.60931468,-0.43744925,-0.49850149,-0.04450957,0.30699831,Medio,Presencial con precaución,1.22,NO,SIN_IMPUTACION,OK,SIN_IMPUTACION,OK
73671,73671,73,TOLIMA,SALDAÑA,Municipio,-75.016852,3.929815,,195373948.6181762,0,0,0.0,0.0000,36.3,20.08569898,,0,0.0,0.0,No es PDET O ZOMAC,No es PDET O ZOMAC,0.0,137.9982314,58.86,0.0852393805938343,0.0,0.0852393805938343,0.0,6.421366671402187,58.86,0.0,0.00719434,0.72981692,-0.60931468,-0.43744925,-0.50206984,-0.09015881,0.29605732,Medio,Presencial con precaución,0.0,NO,SIN_IMPUTACION,OK,SIN_IMPUTACION,OK
73675,73675,73,TOLIMA,SAN ANTONIO,Municipio,-75.480074,3.914146,,387572431.5896336,262,282,4.55,0.0000,53.7,73.88252678,EMC,1,1.0,0.0,No,No,0.0,109.3487667,59.84,0.2613695765812859,0.0,0.0,0.0,14.174943369925074,59.84,0.0,0.00906218,0.78857002,0.82391607,-0.43744925,-0.49703473,0.36112927,0.40421983,Alto,Remota,4.23,NO,SIN_IMPUTACION,OK,SIN_IMPUTACION,OK
73678,73678,73,TOLIMA,SAN LUIS,Municipio,-75.095804,4.133721,,417002693.2039417,19,34,0.51,0.0000,39.4,14.83899688,EGC,1,0.0,0.0,No es PDET O ZOMAC,No es PDET O ZOMAC,0.0,143.9420176,55.56,0.3459922563637861,0.0,0.0,0.0,0.5189883845456792,55.56,0.0,0.00689931,0.53197484,0.82391607,-0.43744925,-0.50286514,0.27044639,0.38248541,Medio,Presencial con precaución,0.28,NO,SIN_IMPUTACION,OK,SIN_IMPUTACION,OK
73686,73686,73,TOLIMA,SANTA ISABEL,Municipio,-75.097934,4.713606,,273736898.5663133,44,57,1.3,"8,504.5764",50.9,34.39380911,,0,1.0,0.0,No,No,0.0,106.3014244,43.81,0.1591723040191006,0.0,0.0,0.0,0.0,43.81,0.0,0.00931954,-0.17246287,-0.60931468,-0.43744925,-0.49634095,-0.4050974,0.22057439,Bajo,Presencial,1.0,NO,SIN_IMPUTACION,OK,SIN_IMPUTACION,OK
73770,73770,73,TOLIMA,SUÁREZ,Municipio,-74.831885,4.048891,,192273533.4342549,0,0,0.0,0.0000,"34,3",0.0,,0,0.0,0.0,No es PDET O ZOMAC,No es PDET O ZOMAC,0.0,129.7,60.99,0.4352872896111433,0.0,0.0,0.0,0.1160766105629715,60.99,0.0,0.00765111,0.85751499,-0.60931468,-0.43744925,-0.50083852,-0.04527979,0.30681371,Medio,Presencial con precaución,0.0,NO,SIN_IMPUTACION,OK,SIN_IMPUTACION,OK
73854,73854,73,TOLIMA,VALLE DE SAN JUAN,Municipio,-75.115669,4.197494,,200157433.98585185,0,0,0.0,0.0000,"40,4",36.06853021,EGC,1,0.0,0.0,No es PDET O ZOMAC,No es PDET O ZOMAC,0.0,135.2,39.2,0.1999111505997334,0.0,0.0,0.0,0.0444247001332741,39.2,0.0,0.00734214,-0.44884226,0.82391607,-0.43744925,-0.5016714,-0.07266053,0.30025122,Medio,Presencial con precaución,0.0,NO,SIN_IMPUTACION,OK,SIN_IMPUTACION,OK
73861,73861,73,TOLIMA,VENADILLO,Municipio,-74.929333,4.717878,,339070415.75636595,225,245,4.52,0.4614,36.3,0.0,EGC,1,1.0,0.0,No,No,0.0,116.0787251,52.65,0.1155687634142314,0.0,0.0,0.0,0.1073138517417863,52.65,0.0,0.00854126,0.35751409,0.82391607,-0.43744925,-0.49843895,0.21004906,0.36800967,Medio,Presencial con precaución,4.15,NO,SIN_IMPUTACION,OK,SIN_IMPUTACION,OK
73870,73870,73,TOLIMA,VILLAHERMOSA,Municipio,-75.117729,5.030452,,282719819.98452616,60,67,1.48,0.0000,51.3,20.40608101,,0,1.0,0.0,No,No,0.0,90.26887192,40.89,0.0469483568075117,0.0,0.0,0.0,0.0821596244131455,40.89,0.0,0.01095664,-0.34752314,-0.60931468,-0.43744925,-0.49192785,-0.46570653,0.20604789,Bajo,Presencial,1.33,NO,SIN_IMPUTACION,OK,SIN_IMPUTACION,OK
73873,73873,73,TOLIMA,VILLARRICA,Municipio,-74.600285,3.936902,,435266337.0402642,0,0,0.0,53.9476,38.4,57.38332058,,0,1.0,0.0,No,No,0.0,98.83106045,42.97,0.0999000999000999,0.0,0.0,0.0,0.0599400599400599,42.97,0.0,0.01001692,-0.22282268,-0.60931468,-0.43744925,-0.49446103,-0.42244134,0.21641747,Bajo,Presencial,0.0,NO,SIN_IMPUTACION,OK,SIN_IMPUTACION,OK
76001,76001,76,VALLE DEL CAUCA,SANTIAGO DE CALI,Municipio,-76.52133,3.413686,,567723504.6424017,8,13,0.14,0.0000,11.9,35.07241732,"EGC, ELN",2,0.0,0.0,No es PDET O ZOMAC,No es PDET O ZOMAC,0.0,23.51530348,74.13,14.4680153342667,0.0163412404326453,0.0045821721483431,0.0109861717773528,0.5156875908153395,74.13,0.0,0.04079085,1.64528618,2.25714682,-0.43744925,-0.41150411,1.10377874,0.58221442,Alto,Remota,0.09,NO,SIN_IMPUTACION,OK,SIN_IMPUTACION,OK
76020,76020,76,VALLE DEL CAUCA,ALCALÁ,Municipio,-75.779792,4.674994,,63136690.400431566,0,0,0.0,0.0000,31.9,53.72733378,,0,0.0,0.0,No es PDET O ZOMAC,No es PDET O ZOMAC,0.0,48.17520282,60.95,1.14262227702425,0.0082203041512535,0.0,0.0,2.120838471023428,60.95,0.0,0.02033545,0.8551169,-0.60931468,-0.43744925,-0.46664548,-0.04099016,0.30784182,Medio,Presencial con precaución,0.0,NO,SIN_IMPUTACION,OK,SIN_IMPUTACION,OK
76036,76036,76,VALLE DEL CAUCA,ANDALUCÍA,Municipio,-76.167925,4.171713,,111632531.17826249,0,0,0.0,0.0000,15.3,39.08115854,"EMC, FRENTE 57",2,0.0,0.0,No es PDET O ZOMAC,No es PDET O ZOMAC,0.0,38.29557522,61.37,59.94369928796159,0.0110393553016503,0.0,0.0055196776508251,0.0110393553016503,61.37,0.0,0.02544816,0.8802968,2.25714682,-0.43744925,-0.45286322,0.82982859,0.51655539,Alto,Remota,0.0,NO,SIN_IMPUTACION,OK,SIN_IMPUTACION,OK
76041,76041,76,VALLE DEL CAUCA,ANSERMANUEVO,Municipio,-75.992003,4.794984,,309286064.7545736,58,62,1.25,0.0000,"31,3",234.3962933,,0,1.0,0.0,No,No,0.0,18.19,49.81,1.0542457350967989,0.0063893680914957,0.0,0.0,1.2970417225736377,49.81,0.0,0.05211047,0.18725,-0.60931468,-0.43744925,-0.38098992,-0.26189524,0.25489638,Bajo,Presencial,1.17,NO,SIN_IMPUTACION,OK,SIN_IMPUTACION,OK
76054,76054,76,VALLE DEL CAUCA,ARGELIA,Municipio,-76.119905,4.726945,,91899299.77065398,50,73,4.96,0.0000,36.2,72.07207207,,0,1.0,0.0,No,No,0.0,19.46931212,45.56,1.1381789137380192,0.0,0.0,0.0,6.429712460063898,45.56,0.0,0.04885362,-0.06754662,-0.60931468,-0.43744925,-0.38976938,-0.35239098,0.2332068,Bajo,Presencial,3.4,NO,SIN_IMPUTACION,OK,SIN_IMPUTACION,OK
76100,76100,76,VALLE DEL CAUCA,BOLÍVAR,Municipio,-76.183583,4.337846,,751682084.7593808,352,365,3.03,0.0000,29.7,139.6308888,EGC,1,1.0,0.0,No,No,31.84169085,0.0,54.03,0.5899705014749262,0.0,0.0,0.0,12.036837182531118,54.03,3.49169877,1.0,0.44024805,0.82391607,2.2092116,2.17422517,1.16923774,0.59790331,Alto,Remota,2.93,NO,SIN_IMPUTACION,OK,SIN_IMPUTACION,OK
76109,76109,76,VALLE DEL CAUCA,BUENAVENTURA,Municipio,-77.01074,3.875708,,6342262119.540374,4,4,0.0,0.0000,41,21.5962731,"EGC, ELN, EMC",3,1.0,1.0,ZOMAC-170,ZOMAC-NO 52,64.09691014,0.0,62.88,85.57572171990611,0.0186827857590465,0.0050599211430751,0.0128444152093445,1.5245931628788616,62.88,4.17587708,1.0,0.97082454,3.69037756,2.72780959,2.17422517,2.31859755,0.87337623,Alto,Remota,0.0,NO,SIN_IMPUTACION,OK,SIN_IMPUTACION,OK
76111,76111,76,VALLE DEL CAUCA,GUADALAJARA DE BUGA,Municipio,-76.298979,3.900736,,834115736.591526,461,482,3.61,0.0005,12.3,50.86393896,EMC,1,0.0,0.0,No es PDET O ZOMAC,No es PDET O ZOMAC,0.0,65.64042246,65.06,2.049421025411769,0.0035062806251698,0.0017531403125849,0.0,0.1025587082862176,65.06,0.0,0.01500591,1.10152022,0.82391607,-0.43744925,-0.48101228,0.47306521,0.43104809,Alto,Remota,3.45,NO,SIN_IMPUTACION,OK,SIN_IMPUTACION,OK
76113,76113,76,VALLE DEL CAUCA,BUGALAGRANDE,Municipio,-76.15682,4.208358,,401081599.4934167,0,0,0.0,0.0001,25.8,26.79836147,EGC,1,0.0,0.0,No es PDET O ZOMAC,No es PDET O ZOMAC,0.0,42.00888068,58.79,1.6068996822514752,0.0,0.0,0.0045392646391284,2.197004085338176,58.79,0.0,0.02325101,0.72562027,0.82391607,-0.43744925,-0.45878604,0.34483416,0.4003143,Alto,Remota,0.0,NO,SIN_IMPUTACION,OK,SIN_IMPUTACION,OK
76122,76122,76,VALLE DEL CAUCA,CAICEDONIA,Municipio,-75.830594,4.334808,,168891334.6052836,0,0,0.0,0.0000,24.6,50.68252467,EMC,1,1.0,0.0,No,No,0.0,61.53166281,58.64,1.442675646716669,0.0076534517067197,0.0038267258533598,0.0,0.6735037501913362,58.64,0.0,0.0159919,0.71662744,0.82391607,-0.43744925,-0.47835435,0.33875142,0.39885642,Alto,Remota,0.0,NO,SIN_IMPUTACION,OK,SIN_IMPUTACION,OK
76126,76126,76,VALLE DEL CAUCA,CALIMA,Municipio,-76.484132,3.933664,,800997341.4550964,4,8,0.06,0.0000,25.7,15.44799176,ELN,1,1.0,0.0,No,No,13.23291048,0.0,61.46,1.7107892107892109,0.0,0.0062437562437562,0.0,0.9303196803196804,61.46,2.65555692,1.0,0.8856925,0.82391607,1.57542729,2.17422517,1.19838643,0.60488952,Alto,Remota,0.03,NO,SIN_IMPUTACION,OK,SIN_IMPUTACION,OK
76130,76130,76,VALLE DEL CAUCA,CANDELARIA,Municipio,-76.346519,3.408354,,299013276.03004515,0,0,0.0,0.0000,15.5,54.19593424,,0,0.0,0.0,No es PDET O ZOMAC,No es PDET O ZOMAC,0.0,25.19416004,77.6,22.691607780114857,0.0082716895516744,0.0070900196157209,0.0011816699359534,0.5506581901543262,77.6,0.0,0.03817645,1.85332012,-0.60931468,-0.43744925,-0.41855171,0.31559503,0.39330641,Medio,Presencial con precaución,0.0,NO,SIN_IMPUTACION,OK,SIN_IMPUTACION,OK
76147,76147,76,VALLE DEL CAUCA,CARTAGO,Municipio,-75.924374,4.742192,,251308845.60102785,0,0,0.0,0.0000,16.6,73.98049986,,0,0.0,0.0,No es PDET O ZOMAC,No es PDET O ZOMAC,0.0,34.02784325,58.93,2.328889646066698,0.0025554751054133,0.0025554751054133,0.0093700753865156,0.2768431364197793,58.93,0.0,0.02854872,0.73401357,-0.60931468,-0.43744925,-0.44450508,-0.08005527,0.29847889,Medio,Presencial con precaución,0.0,NO,SIN_IMPUTACION,OK,SIN_IMPUTACION,OK
76233,76233,76,VALLE DEL CAUCA,DAGUA,Municipio,-76.68886,3.657318,,924231860.4449332,117,120,0.81,0.0000,28.4,34.14134517,,0,1.0,0.0,ZOMAC-NO 170,DAILD-52,26.05229251,0.0,61.11,19.006321112515803,0.0,0.0050568900126422,0.0050568900126422,2.184576485461441,61.11,3.29777175,1.0,0.86470924,-0.60931468,2.06221752,2.17422517,0.85843111,0.5234107,Alto,Remota,0.79,NO,SIN_IMPUTACION,OK,SIN_IMPUTACION,OK
76243,76243,76,VALLE DEL CAUCA,EL ÁGUILA,Municipio,-76.042779,4.906062,,190230820.68057263,11,11,0.36,0.0000,43.5,141.9678934,,0,1.0,0.0,No,No,0.0,9.325522079,42.52,0.7730910077309101,0.0,0.0,0.0,1.68181201681812,42.52,0.0,0.0968474,-0.24980114,-0.60931468,-0.43744925,-0.26039308,-0.39677361,0.22256939,Bajo,Presencial,0.36,NO,SIN_IMPUTACION,OK,SIN_IMPUTACION,OK
76246,76246,76,VALLE DEL CAUCA,EL CAIRO,Municipio,-76.221611,4.760874,,216817773.24552268,0,1,0.03,0.0000,"35,8",42.5170068,,0,1.0,0.0,No,No,0.0,12.34,39.41,2.557048066030102,0.0,0.0,0.0,2.7350703997410584,39.41,0.0,0.07496252,-0.43625231,-0.60931468,-0.43744925,-0.31938792,-0.47088075,0.20480776,Bajo,Presencial,0.0,NO,SIN_IMPUTACION,OK,SIN_IMPUTACION,OK
76248,76248,76,VALLE DEL CAUCA,EL CERRITO,Municipio,-76.311972,3.684229,,446056838.4886934,1,4,0.06,0.0000,15.2,37.95721187,EMC,1,0.0,0.0,No es PDET O ZOMAC,No es PDET O ZOMAC,0.0,48.04269881,65.45,24.07239147768362,0.0055628696990487,0.0018542898996829,0.0,0.2466205566578279,65.45,0.0,0.02039039,1.12490156,0.82391607,-0.43744925,-0.46649738,0.48342591,0.43353129,Alto,Remota,0.01,NO,SIN_IMPUTACION,OK,SIN_IMPUTACION,OK
76250,76250,76,VALLE DEL CAUCA,EL DOVIO,Municipio,-76.237084,4.510452,,238116024.76425263,229,244,6.4,0.0000,37.2,54.22993492,EGC,1,1.0,0.0,ZOMAC-NO 170,DAILD-52,5.789398335,0.0,49.25,0.5767419962335217,0.0,0.0,0.0117702448210922,10.193032015065912,49.25,1.91536233,1.0,0.1536768,0.82391607,1.01436971,2.17422517,0.82996942,0.51658914,Alto,Remota,6.01,NO,SIN_IMPUTACION,OK,SIN_IMPUTACION,OK
76275,76275,76,VALLE DEL CAUCA,FLORIDA,Municipio,-76.234199,3.324118,,405045436.3560309,1259,1331,20.54,0.0000,18.9,66.64160487,FRENTE 57,1,1.0,1.0,ZOMAC-170,ZOMAC-NO 52,5.789398335,0.0,77.14,9.985795192502811,0.0036895603888796,0.0,0.0018447801944398,9.454498496504142,77.14,1.91536233,1.0,1.82574214,0.82391607,1.01436971,2.17422517,1.41519229,0.65685249,Alto,Remota,19.43,SI,SIN_IMPUTACION,OK,SIN_IMPUTACION,OK
76306,76306,76,VALLE DEL CAUCA,GINEBRA,Municipio,-76.268068,3.724181,,271316374.9484295,3,4,0.09,0.0000,14.7,11.95028681,,0,0.0,0.0,No es PDET O ZOMAC,No es PDET O ZOMAC,0.0,55.58514133,58.27,1.0550749103186323,0.0052753745515931,0.0,0.0,1.2871913905887318,58.27,0.0,0.01767248,0.69444515,-0.60931468,-0.43744925,-0.47382402,-0.09830205,0.29410559,Medio,Presencial con precaución,0.07,NO,SIN_IMPUTACION,OK,SIN_IMPUTACION,OK
76318,76318,76,VALLE DEL CAUCA,GUACARÍ,Municipio,-76.330911,3.761815,,164053646.50692573,83,102,3.89,0.0000,16,50.6856644,EMC,1,0.0,0.0,No es PDET O ZOMAC,No es PDET O ZOMAC,0.0,49.07807139,64.35,31.28614157527418,0.0033233632436025,0.0,0.006646726487205,0.1994017946161515,64.35,0.0,0.01996882,1.0589542,0.82391607,-0.43744925,-0.46763381,0.46017387,0.42795836,Alto,Remota,3.16,NO,SIN_IMPUTACION,OK,SIN_IMPUTACION,OK
76364,76364,76,VALLE DEL CAUCA,JAMUNDÍ,Municipio,-76.538472,3.258751,,633910647.7430146,0,0,0.0,0.0000,14.9,58.40928377,EMC,1,0.0,0.0,No es PDET O ZOMAC,No es PDET O ZOMAC,64.09691014,0.0,79.5,28.460963618485746,0.0141592920353982,0.0062930186823992,0.0031465093411996,1.3891838741396263,79.5,4.17587708,1.0,1.9672292,0.82391607,2.72780959,2.17422517,1.80740073,0.75085508,Alto,Remota,0.0,NO,SIN_IMPUTACION,OK,SIN_IMPUTACION,OK
76377,76377,76,VALLE DEL CAUCA,LA CUMBRE,Municipio,-76.56805,3.649268,,257696723.583261,135,156,3.78,0.0000,25.3,17.29904279,,0,0.0,0.0,No es PDET O ZOMAC,No es PDET O ZOMAC,0.0,15.88778631,58.88,1.806994314198925,0.007788768595685,0.0,0.0,0.7710880909728172,58.88,0.0,0.05921439,0.73101596,-0.60931468,-0.43744925,-0.36183997,-0.06870466,0.30119935,Medio,Presencial con precaución,3.27,NO,SIN_IMPUTACION,OK,SIN_IMPUTACION,OK
76400,76400,76,VALLE DEL CAUCA,LA UNIÓN,Municipio,-76.099661,4.533869,,122292784.40165408,89,108,5.52,0.0000,"22,5",86.26639061,,0,0.0,0.0,No es PDET O ZOMAC,No es PDET O ZOMAC,0.0,27.77,61.27,0.7287090952429598,0.017025913440256,0.0068103653761024,0.0034051826880512,0.2792249804201995,61.27,0.0,0.03475843,0.87430159,-0.60931468,-0.43744925,-0.42776563,-0.02844354,0.31084893,Medio,Presencial con precaución,4.55,NO,SIN_IMPUTACION,OK,SIN_IMPUTACION,OK
76403,76403,76,VALLE DEL CAUCA,LA VICTORIA,Municipio,-76.036529,4.523603,,267806479.7892833,0,0,0.0,0.0000,"22,9",95.99232061,,0,0.0,0.0,No es PDET O ZOMAC,No es PDET O ZOMAC,0.0,43.36,61.29,0.8147745790331342,0.0362122035125837,0.0,0.0,0.0181061017562918,61.29,0.0,0.02254283,0.87550063,-0.60931468,-0.43744925,-0.46069508,-0.03296329,0.30976566,Medio,Presencial con precaución,0.0,NO,SIN_IMPUTACION,OK,SIN_IMPUTACION,OK
76497,76497,76,VALLE DEL CAUCA,OBANDO,Municipio,-75.974709,4.575712,,217270658.02344495,0,0,0.0,0.0000,31.2,79.11392405,,0,0.0,0.0,No es PDET O ZOMAC,No es PDET O ZOMAC,0.0,40.07227898,57.98,3.126709206927986,0.0,0.0,0.0,1.886964448495898,57.98,0.0,0.02434732,0.67705903,-0.60931468,-0.43744925,-0.45583073,-0.1016882,0.29329401,Medio,Presencial con precaución,0.0,NO,SIN_IMPUTACION,OK,SIN_IMPUTACION,OK
76520,76520,76,VALLE DEL CAUCA,PALMIRA,Municipio,-76.298846,3.531544,,1014348060.010839,279,326,2.01,0.0000,11.5,31.70638772,EMC,1,0.0,0.0,No es PDET O ZOMAC,No es PDET O ZOMAC,0.0,35.13971565,67.12,6.549722067165152,0.0056823309590103,0.0016712738114736,0.0033425476229472,0.1189946953769223,67.12,0.0,0.02767039,1.22502164,0.82391607,-0.43744925,-0.44687278,0.52141163,0.44263552,Alto,Remota,1.72,NO,SIN_IMPUTACION,OK,SIN_IMPUTACION,OK
76563,76563,76,VALLE DEL CAUCA,PRADERA,Municipio,-76.241799,3.419793,,359914752.45517004,615,673,11.69,"8,545.4993",24.8,80.94544277,EMC,1,1.0,1.0,ZOMAC-170,ZOMAC-NO 52,0.0,19.78064095,65.11,32.048453086930536,0.0229853353560428,0.0022985335356042,0.0091941341424171,0.6229025881487611,65.11,0.0,0.04812171,1.10451783,0.82391607,-0.43744925,-0.39174238,0.48750485,0.43450891,Alto,Remota,10.68,NO,SIN_IMPUTACION,OK,SIN_IMPUTACION,OK
76606,76606,76,VALLE DEL CAUCA,RESTREPO,Municipio,-76.523329,3.821351,,137495340.40184057,101,108,4.91,0.0000,20.7,84.63817182,,0,0.0,0.0,No es PDET O ZOMAC,No es PDET O ZOMAC,0.0,23.62586349,59.42,0.828254414752305,0.0,0.0078137208938896,0.0,1.0314111579934364,59.42,0.0,0.04060771,0.76339012,-0.60931468,-0.43744925,-0.41199778,-0.06489738,0.30211186,Medio,Presencial con precaución,4.59,NO,SIN_IMPUTACION,OK,SIN_IMPUTACION,OK
76616,76616,76,VALLE DEL CAUCA,RIOFRÍO,Municipio,-76.288313,4.156908,,311243566.6579998,0,0,0.0,0.0000,23.2,37.52110562,,0,1.0,0.0,No,No,0.0,26.02608652,69.17,2.6662864475654096,0.0213873244457118,0.0071291081485706,0.0,0.1996150281599772,69.17,0.0,0.03700129,1.34792354,-0.60931468,-0.43744925,-0.42171958,0.13823105,0.35079668,Medio,Presencial con precaución,0.0,NO,SIN_IMPUTACION,OK,SIN_IMPUTACION,OK
76622,76622,76,VALLE DEL CAUCA,ROLDANILLO,Municipio,-76.152277,4.413601,,238411231.10124132,137,153,4.01,0.0000,16.5,52.94787282,EGC,1,1.0,0.0,No,No,0.0,21.87510783,62.18,0.5497997838937265,0.0095341002987351,0.0,0.0,0.3622958113519354,62.18,0.0,0.04371564,0.92885804,0.82391607,-0.43744925,-0.40361977,0.42424232,0.41934646,Alto,Remota,3.59,NO,SIN_IMPUTACION,OK,SIN_IMPUTACION,OK
76670,76670,76,VALLE DEL CAUCA,SAN PEDRO,Municipio,-76.228692,3.995073,,204180131.87663472,0,0,0.0,0.0000,"18,0",44.11116012,EMC,1,0.0,0.0,No es PDET O ZOMAC,No es PDET O ZOMAC,0.0,47.58,64.32,0.4207119741100324,0.0,0.0,0.0,0.2588996763754045,64.32,0.0,0.0205846,1.05715563,0.82391607,-0.43744925,-0.46597385,0.45979336,0.42786716,Alto,Remota,0.0,NO,SIN_IMPUTACION,OK,SIN_IMPUTACION,OK
76736,76736,76,VALLE DEL CAUCA,SEVILLA,Municipio,-75.931629,4.270714,,543130909.5104488,0,63,0.72,0.0001,27.4,47.95177422,"EMC, FRENTE 57",2,0.0,0.0,No es PDET O ZOMAC,No es PDET O ZOMAC,0.0,61.79329564,72.82,0.4842416283650689,0.0,0.0,0.0,1.097067191945721,72.82,0.0,0.01592527,1.56674887,2.25714682,-0.43744925,-0.47853397,1.0662362,0.5732164,Alto,Remota,0.0,NO,SIN_IMPUTACION,OK,SIN_IMPUTACION,OK
76823,76823,76,VALLE DEL CAUCA,TORO,Municipio,-76.076859,4.608085,,177879701.33751106,103,143,5.02,0.0000,"32,1",160.0533511,,0,0.0,0.0,No es PDET O ZOMAC,No es PDET O ZOMAC,0.0,28.17,47.47,1.8064302287040108,0.0082863771958899,0.0,0.0,0.3646005966191581,47.47,0.0,0.0342818,0.04696198,-0.60931468,-0.43744925,-0.42905048,-0.31820513,0.2414003,Bajo,Presencial,3.62,NO,SIN_IMPUTACION,OK,SIN_IMPUTACION,OK
76828,76828,76,VALLE DEL CAUCA,TRUJILLO,Municipio,-76.318818,4.212037,,310902251.9565675,14,17,0.34,0.0000,34.9,96.21227466,EGC,1,0.0,0.0,No es PDET O ZOMAC,No es PDET O ZOMAC,0.0,16.87302606,57.74,0.7269013576835276,0.0,0.0,0.0240297969482157,3.874804757899796,57.74,0.0,0.05595023,0.66267051,0.82391607,-0.43744925,-0.37063912,0.33602378,0.39820267,Alto,Remota,0.28,NO,SIN_IMPUTACION,OK,SIN_IMPUTACION,OK
76834,76834,76,VALLE DEL CAUCA,TULUÁ,Municipio,-76.197731,4.085399,,918891858.7361188,538,539,3.67,"33,293.1391",13.7,33.50875309,EMC,1,0.0,0.0,No es PDET O ZOMAC,No es PDET O ZOMAC,0.0,57.76859295,63.34,4.569825906267159,0.0043065858464056,0.0005383232308007,0.0059215555388077,0.2627017366307425,63.34,0.0,0.01701589,0.99840253,0.82391607,-0.43744925,-0.47559399,0.43778676,0.42259272,Alto,Remota,3.66,NO,SIN_IMPUTACION,OK,SIN_IMPUTACION,OK
76845,76845,76,VALLE DEL CAUCA,ULLOA,Municipio,-75.737808,4.703623,,42387573.95984841,0,0,0.0,0.0000,24.2,102.8983022,,0,0.0,0.0,No es PDET O ZOMAC,No es PDET O ZOMAC,0.0,47.10908174,35.47,0.2514668901927913,0.0,0.0,0.0,0.0628667225481978,35.47,0.0,0.0207861,-0.67246377,-0.60931468,-0.43744925,-0.46543069,-0.57546117,0.17974243,Bajo,Presencial,0.0,NO,SIN_IMPUTACION,OK,SIN_IMPUTACION,OK
76863,76863,76,VALLE DEL CAUCA,VERSALLES,Municipio,-76.199203,4.575019,,202968166.934719,149,164,5.05,0.0000,30.6,26.80605817,,0,0.0,0.0,No es PDET O ZOMAC,No es PDET O ZOMAC,0.0,13.02766813,51.13,0.3208727739451307,0.0,0.0,0.0,2.149847585432376,51.13,0.0,0.07128769,0.26638683,-0.60931468,-0.43744925,-0.32929412,-0.22644298,0.2633934,Bajo,Presencial,4.59,NO,SIN_IMPUTACION,OK,SIN_IMPUTACION,OK
76869,76869,76,VALLE DEL CAUCA,VIJES,Municipio,-76.441804,3.698686,,114823529.1400524,432,481,26.18,0.0000,"19,0",22.57166504,,0,0.0,0.0,No es PDET O ZOMAC,No es PDET O ZOMAC,0.0,29.15,59.95,1.5547900567917323,0.0,0.0,0.0,1.3872078949818452,59.95,0.0,0.0331675,0.79516476,-0.60931468,-0.43744925,-0.43205429,-0.05678473,0.30405626,Medio,Presencial con precaución,23.51,SI,SIN_IMPUTACION,OK,SIN_IMPUTACION,OK
76890,76890,76,VALLE DEL CAUCA,YOTOCO,Municipio,-76.382698,3.861241,,330985463.98834723,371,427,8.06,0.0000,20.8,66.79621083,,0,1.0,0.0,No,No,0.0,42.70097346,62.19,0.9857040276780468,0.0,0.0,0.0,0.9204256152490372,62.19,0.0,0.02288279,0.92945756,-0.60931468,-0.43744925,-0.45977867,-0.01394091,0.31432486,Medio,Presencial con precaución,7.01,NO,SIN_IMPUTACION,OK,SIN_IMPUTACION,OK
76892,76892,76,VALLE DEL CAUCA,YUMBO,Municipio,-76.499893,3.540097,,232627093.8253697,879,947,25.44,0.0000,15.6,32.14872921,,0,0.0,0.0,No es PDET O ZOMAC,No es PDET O ZOMAC,0.0,26.45958448,67.77,3.3330522410085592,0.0021081924358055,0.0021081924358055,0.0,0.4669646245309271,67.77,0.0,0.03641716,1.26399053,-0.60931468,-0.43744925,-0.42329422,0.1086183,0.34369924,Medio,Presencial con precaución,23.62,SI,SIN_IMPUTACION,OK,SIN_IMPUTACION,OK
76895,76895,76,VALLE DEL CAUCA,ZARZAL,Municipio,-76.070795,4.392658,,372093043.7563736,0,0,0.0,0.0000,17.2,60.1935454,,0,0.0,0.0,No es PDET O ZOMAC,No es PDET O ZOMAC,0.0,37.69515998,59.09,16.393943249777326,0.0,0.0076345591042117,0.0101794121389489,0.2443058913347754,59.09,0.0,0.02584303,0.74360591,-0.60931468,-0.43744925,-0.45179878,-0.077792,0.29902134,Medio,Presencial con precaución,0.0,NO,SIN_IMPUTACION,OK,SIN_IMPUTACION,OK
81001,81001,81,ARAUCA,ARAUCA,Municipio,-70.747408,7.072726,,5885779945.921551,0,0,0.0,0.0000,38.6,25.82182938,,0,1.0,0.0,No,No,0.0,202.1941819,58.77,5.8684030708629775,0.0187574527379181,0.0013398180527084,0.0026796361054168,1.5809853021959617,58.77,0.0,0.0049214,0.72442122,-0.60931468,-0.43744925,-0.50819697,-0.09296637,0.29538442,Medio,Presencial con precaución,0.0,NO,SIN_IMPUTACION,OK,SIN_IMPUTACION,OK
81065,81065,81,ARAUCA,ARAUQUITA,Municipio,-71.426733,7.02702,,3103068988.2963686,0,0,0.0,0.0000,49.2,67.78912852,,0,1.0,1.0,ZOMAC-170,ZVTN-52,0.0,207.1610505,55.6,6.655057709910031,0.0312548835755586,0.0022324916839684,0.0156274417877793,2.4802982608889783,55.6,0.0,0.00480397,0.53437292,-0.60931468,-0.43744925,-0.50851352,-0.15953076,0.27943059,Bajo,Presencial,0.0,NO,SIN_IMPUTACION,OK,SIN_IMPUTACION,OK
81220,81220,81,ARAUCA,CRAVO NORTE,Municipio,-70.204286,6.303913,,5285807425.722323,0,0,0.0,0.0000,48.8,43.70629371,,0,1.0,0.0,No,No,0.0,142.2585734,54.6,1.3721185510428102,0.0,0.0274423710208562,0.0,1.3172338090010975,54.6,0.0,0.00698039,0.47442078,-0.60931468,-0.43744925,-0.50264659,-0.17963397,0.27461235,Bajo,Presencial,0.0,NO,SIN_IMPUTACION,OK,SIN_IMPUTACION,OK
81300,81300,81,ARAUCA,FORTUL,Municipio,-71.76877,6.796695,,1180493448.0838215,29,29,0.15,0.0000,48.3,16.53029176,,0,1.0,1.0,ZOMAC-170,ZOMAC-NO 52,0.0,181.6359668,77.6,1.6787397953317236,0.017247326664367,0.0057491088881223,0.0,4.771760377141543,77.6,0.0,0.00547537,1.85332012,-0.60931468,-0.43744925,-0.50670363,0.30237225,0.39013724,Medio,Presencial con precaución,0.15,NO,SIN_IMPUTACION,OK,SIN_IMPUTACION,OK
81591,81591,81,ARAUCA,PUERTO RONDÓN,Municipio,-71.10339,6.281461,,2318630497.230844,0,0,0.0,0.0000,45,76.40878701,ELN,1,1.0,0.0,No,No,0.0,241.8213291,70.11,0.6755126658624849,0.0723763570566948,0.0,0.0,3.063932448733414,70.11,0.0,0.00411825,1.40427855,0.82391607,-0.43744925,-0.510362,0.57462816,0.4553902,Alto,Remota,0.0,NO,SIN_IMPUTACION,OK,SIN_IMPUTACION,OK
81736,81736,81,ARAUCA,SARAVENA,Municipio,-71.872812,6.953926,,963835273.1055776,0,0,0.0,0.0000,39.4,26.11086366,ELN,1,1.0,1.0,ZOMAC-170,ZOMAC-NO 52,0.0,160.9064564,68.7,2.102222732315697,0.0,0.0,0.0019128505298595,2.829105933662344,68.7,0.0,0.00617641,1.31974603,0.82391607,-0.43744925,-0.50481387,0.545874,0.44849854,Alto,Remota,0.0,NO,SIN_IMPUTACION,OK,SIN_IMPUTACION,OK
81794,81794,81,ARAUCA,TAME,Municipio,-71.754427,6.453324,,5513912422.646563,518,518,0.59,0.0000,41.9,86.77991137,"ELN, EMC",2,1.0,1.0,ZOMAC-170,ZOMAC-NO 52,0.0,214.8770283,84.66,2.8428051687366707,0.0426546230084054,0.0,0.007527286413248,3.648224814954209,84.66,0.0,0.00463227,2.27658227,2.25714682,-0.43744925,-0.50897638,1.31011153,0.63166725,Alto,Remota,0.59,NO,SIN_IMPUTACION,OK,SIN_IMPUTACION,OK
85001,85001,85,CASANARE,YOPAL,Municipio,-72.396132,5.327102,,2517906534.3670044,158,169,0.42,0.0000,22.9,15.97287702,"EGC, ELN",2,0.0,0.0,No es PDET O ZOMAC,No es PDET O ZOMAC,0.0,219.2930601,71.73,1.8526909980709227,0.0116521446419554,0.0051787309519802,0.0019420241069925,0.3113711984878106,71.73,0.0,0.00453941,1.50140103,2.25714682,-0.43744925,-0.5092267,1.03876055,0.56663117,Alto,Remota,0.39,NO,SIN_IMPUTACION,OK,SIN_IMPUTACION,OK
85010,85010,85,CASANARE,AGUAZUL,Municipio,-72.546838,5.172641,,1462718912.9900453,27,27,0.12,0.0000,27,9.716756547,EGC,1,1.0,0.0,No,No,0.0,195.3907867,62.77,0.8680555555555556,0.0,0.002993295019157,0.0089798850574712,0.1436781609195402,62.77,0.0,0.00509189,0.96422981,0.82391607,-0.43744925,-0.50773739,0.42100479,0.41857051,Alto,Remota,0.12,NO,SIN_IMPUTACION,OK,SIN_IMPUTACION,OK
85015,85015,85,CASANARE,CHÁMEZA,Municipio,-72.87016,5.214527,,318111330.284454,17,18,0.35,0.0000,36.0,0.0,,0,1.0,0.0,No,No,0.0,159.2100551,14.81,0.2554931016862544,0.0,0.0,0.0,0.0,14.81,0.0,0.00624181,-1.91107509,-0.60931468,-0.43744925,-0.50463757,-1.01485617,0.0744304,Bajo,Presencial,0.33,NO,SIN_IMPUTACION,OK,SIN_IMPUTACION,OK
85125,85125,85,CASANARE,HATO COROZAL,Municipio,-71.764213,6.154099,,5594294978.410252,40,41,0.05,0.0000,56.1,36.05942593,EMC,1,1.0,0.0,No,No,0.0,231.2886951,54.24,0.4642694583522986,0.0,0.0,0.0,14.54710969503869,54.24,0.0,0.00430499,0.452838,0.82391607,-0.43744925,-0.50985863,0.24169948,0.37559549,Medio,Presencial con precaución,0.04,NO,SIN_IMPUTACION,OK,SIN_IMPUTACION,OK
85136,85136,85,CASANARE,LA SALINA,Municipio,-72.334978,6.127762,,203383518.31512493,27,43,1.32,0.0000,"48,1",0.0,EMC,1,1.0,0.0,No,No,0.0,195.2,7.94,0.596252129471891,0.0851788756388415,0.0,0.0,5.621805792163544,7.94,0.0,0.00509684,-2.32294633,0.82391607,-0.43744925,-0.50772404,-0.72950485,0.142822,Bajo,Presencial,0.83,NO,SIN_IMPUTACION,OK,SIN_IMPUTACION,OK
85139,85139,85,CASANARE,MANÍ,Municipio,-72.281384,4.81681,,3800755627.311252,0,0,0.0,0.0000,30.3,27.31643357,"EGC, ELN, EMC",3,1.0,0.0,No,No,0.0,175.71877,75.24,1.2063195579422523,0.0,0.0,0.0,0.6770954938127481,75.24,0.0,0.00565871,1.71183306,3.69037756,-0.43744925,-0.50620942,1.54283358,0.68744492,Alto,Remota,0.0,NO,SIN_IMPUTACION,OK,SIN_IMPUTACION,OK
85162,85162,85,CASANARE,MONTERREY,Municipio,-72.894065,4.877017,,789612516.484261,50,56,0.44,0.0000,27.5,15.40515559,"EGC, ELN",2,1.0,0.0,No,No,0.0,186.1242915,49.08,1.033574275484699,0.0067553874214686,0.0,0.0,0.1621292981152469,49.08,0.0,0.00534404,0.14348493,2.25714682,-0.43744925,-0.50705766,0.56381527,0.45279862,Alto,Remota,0.4,NO,SIN_IMPUTACION,OK,SIN_IMPUTACION,OK
85225,85225,85,CASANARE,NUNCHÍA,Municipio,-72.195323,5.636474,,1118153810.7304544,58,62,0.35,0.0000,56.4,0.0,,0,0.0,0.0,No es PDET O ZOMAC,No es PDET O ZOMAC,0.0,227.8079476,38.27,0.2142347060223756,0.0,0.0119019281123542,0.0,0.0714115686741252,38.27,0.0,0.00437048,-0.50459776,-0.60931468,-0.43744925,-0.50968209,-0.52334578,0.19223319,Bajo,Presencial,0.32,NO,SIN_IMPUTACION,OK,SIN_IMPUTACION,OK
85230,85230,85,CASANARE,OROCUÉ,Municipio,-71.338533,4.790258,,4811360080.063836,0,0,0.0,0.0000,45.8,14.20959147,"EGC, ELN",2,0.0,0.0,No es PDET O ZOMAC,No es PDET O ZOMAC,0.0,142.9409016,54.38,1.9400352733686064,0.0125976316452506,0.0,0.0,27.99193751574704,54.38,0.0,0.0069473,0.46123131,2.25714682,-0.43744925,-0.50273579,0.67567478,0.47960856,Alto,Remota,0.0,NO,SIN_IMPUTACION,OK,SIN_IMPUTACION,OK
85250,85250,85,CASANARE,PAZ DE ARIPORO,Municipio,-71.890348,5.879827,,12280628321.187395,199,209,0.11,0.0000,37.8,24.39559903,ELN,1,1.0,0.0,No,No,0.0,184.5816317,56.58,0.8334314995877017,0.0058899752621038,0.0,0.0029449876310519,3.6429496996112616,56.58,0.0,0.00538846,0.59312603,0.82391607,-0.43744925,-0.50693791,0.29123839,0.38746873,Medio,Presencial con precaución,0.1,NO,SIN_IMPUTACION,OK,SIN_IMPUTACION,OK
85263,85263,85,CASANARE,PORE,Municipio,-71.99286,5.72773,,792238079.2976683,117,119,0.94,0.0000,45.2,23.30097087,,0,1.0,0.0,No,No,0.0,230.6500078,59.31,0.5620608899297423,0.0,0.0,0.0,0.0562060889929742,59.31,0.0,0.00431686,0.75679538,-0.60931468,-0.43744925,-0.50982663,-0.08187986,0.29804158,Medio,Presencial con precaución,0.92,NO,SIN_IMPUTACION,OK,SIN_IMPUTACION,OK
85279,85279,85,CASANARE,RECETOR,Municipio,-72.760991,5.229181,,183880154.5574978,1,1,0.03,0.0000,39.3,62.81407035,,0,1.0,0.0,No,No,0.0,166.4833133,22.37,0.1626016260162601,0.0,0.0,0.0,0.0,22.37,0.0,0.00597074,-1.45783687,-0.60931468,-0.43744925,-0.50536827,-0.8563324,0.1124246,Bajo,Presencial,0.03,NO,SIN_IMPUTACION,OK,SIN_IMPUTACION,OK
85300,85300,85,CASANARE,SABANALARGA,Municipio,-73.038696,4.854787,,406321557.0357937,16,24,0.37,0.0000,34.2,0.0,,0,1.0,0.0,No,No,0.0,176.531502,27.92,0.4991680532445923,0.0,0.0,0.0,0.0,27.92,0.0,0.0056328,-1.12510246,-0.60931468,-0.43744925,-0.50627925,-0.740012,0.1403037,Bajo,Presencial,0.25,NO,SIN_IMPUTACION,OK,SIN_IMPUTACION,OK
85315,85315,85,CASANARE,SÁCAMA,Municipio,-72.250157,6.096738,,317488693.70927787,3,10,0.2,0.0000,32.5,42.24757076,ELN,1,1.0,0.0,No,No,0.0,209.6194468,29.86,0.1194029850746268,0.0,0.0,0.0,16.716417910447763,29.86,0.0,0.0047479,-1.0087953,0.82391607,-0.43744925,-0.50866467,-0.26969309,0.25302743,Bajo,Presencial,0.06,NO,SIN_IMPUTACION,OK,SIN_IMPUTACION,OK
85325,85325,85,CASANARE,SAN LUIS DE PALENQUE,Municipio,-71.732198,5.422397,,3028962478.929042,0,0,0.0,0.0000,37,0.0,,0,0.0,0.0,No es PDET O ZOMAC,No es PDET O ZOMAC,0.0,170.4450021,51.84,0.6724045185583647,0.0,0.0,0.0,0.1210328133405056,51.84,0.0,0.00583277,0.30895286,-0.60931468,-0.43744925,-0.50574019,-0.23801178,0.26062065,Bajo,Presencial,0.0,NO,SIN_IMPUTACION,OK,SIN_IMPUTACION,OK
85400,85400,85,CASANARE,TÁMARA,Municipio,-72.16165,5.829543,,1108890071.94667,334,362,2.04,0.0000,55,56.52911249,,0,1.0,0.0,No,No,0.0,210.9434281,41.82,0.8367514356029532,0.0164068908941755,0.0,0.0,2.313371616078753,41.82,0.0,0.00471824,-0.29176764,-0.60931468,-0.43744925,-0.50874463,-0.44871462,0.21012042,Bajo,Presencial,1.88,NO,SIN_IMPUTACION,OK,SIN_IMPUTACION,OK
85410,85410,85,CASANARE,TAURAMENA,Municipio,-72.74662,5.018977,,2412187897.950852,11,15,0.04,0.0000,27.2,11.1977903,EMC,1,1.0,0.0,No,No,0.0,196.0987089,55.55,2.137354378053363,0.0,0.0,0.0093949642991356,0.2113866967305524,55.55,0.0,0.0050736,0.53137532,0.82391607,-0.43744925,-0.50778669,0.26949833,0.38225818,Medio,Presencial con precaución,0.03,NO,SIN_IMPUTACION,OK,SIN_IMPUTACION,OK
85430,85430,85,CASANARE,TRINIDAD,Municipio,-71.662812,5.412178,,3008584709.125134,0,0,0.0,0.0000,38.7,13.1604922,,0,0.0,0.0,No es PDET O ZOMAC,No es PDET O ZOMAC,0.0,164.8286873,53.49,0.4230337563670897,0.0,0.0,0.0172666839333506,0.1381334714668048,53.49,0.0,0.00603032,0.4078739,-0.60931468,-0.43744925,-0.50520767,-0.20330954,0.26893791,Bajo,Presencial,0.0,NO,SIN_IMPUTACION,OK,SIN_IMPUTACION,OK
85440,85440,85,CASANARE,VILLANUEVA,Municipio,-72.927797,4.61035,,844300945.8250706,0,0,0.0,0.0000,24.6,19.88714048,"EGC, ELN",2,1.0,0.0,No,No,0.0,186.2176693,56.81,4.149443059543719,0.0126218800290303,0.0031554700072575,0.0063109400145151,0.5143416111829857,56.81,0.0,0.00534138,0.60691502,2.25714682,-0.43744925,-0.50706485,0.72601472,0.49167379,Alto,Remota,0.0,NO,SIN_IMPUTACION,OK,SIN_IMPUTACION,OK
86001,86001,86,PUTUMAYO,MOCOA,Municipio,-76.654238,1.151172,,1311294090.187692,85,101,0.48,0.0012,24.8,4.629129569,,0,1.0,1.0,ZOMAC-169,No,28.94699168,0.0,60.21,3.666617889917846,0.0041808641846269,0.0083617283692539,0.0,15.143090076718856,60.21,3.39942887,1.0,0.81075231,-0.60931468,2.13927226,2.17422517,0.85495713,0.52257807,Alto,Remota,0.41,NO,SIN_IMPUTACION,OK,SIN_IMPUTACION,OK
86219,86219,86,PUTUMAYO,COLÓN,Municipio,-76.972566,1.190133,,64571412.568979576,98,121,11.71,0.0000,22.6,16.96928559,,0,0.0,0.0,No es PDET O ZOMAC,No es PDET O ZOMAC,0.0,36.75998458,26.35,1.0771302173494903,0.0,0.0,0.0192344681669551,30.082708213117908,26.35,0.0,0.02648306,-1.21922733,-0.60931468,-0.43744925,-0.45007344,-0.76452484,0.13442858,Bajo,Presencial,9.49,NO,SIN_IMPUTACION,OK,SIN_IMPUTACION,OK
86320,86320,86,PUTUMAYO,ORITO,Municipio,-76.873276,0.663593,,1947810823.0342708,0,0,0.0,0.0000,39.8,73.20644217,,0,1.0,1.0,ZOMAC-170,DAILD-52,64.09691014,0.0,53.4,5.615120695993138,0.0,0.0122534003185884,0.0061267001592942,17.5468692562186,53.4,4.17587708,1.0,0.4024782,-0.60931468,2.72780959,2.17422517,0.82976866,0.51654102,Alto,Remota,0.0,NO,SIN_IMPUTACION,OK,SIN_IMPUTACION,OK
86568,86568,86,PUTUMAYO,PUERTO ASÍS,Municipio,-76.496887,0.505627,,2833900573.11609,0,0,0.0,"35,903.8188",44.1,56.0561108,"CN-EB, EMBF",2,1.0,1.0,ZOMAC-170,ZVTN_DAILD-52,64.09691014,0.0,59.91,3.4496325041578,0.0017883009352813,0.0053649028058441,0.0143064074822511,8.596362595897638,59.91,4.17587708,1.0,0.79276667,2.25714682,2.72780959,2.17422517,1.82630807,0.7553867,Alto,Remota,0.0,NO,SIN_IMPUTACION,OK,SIN_IMPUTACION,OK
86569,86569,86,PUTUMAYO,PUERTO CAICEDO,Municipio,-76.606118,0.687784,,931202907.5525212,0,0,0.0,0.0000,38.9,52.8076043,EMC,1,1.0,1.0,ZOMAC-170,DAILD-52,64.09691014,0.0,47.2,3.862118751127956,0.0,0.0,0.0,14.2122360584732,47.2,4.17587708,1.0,0.0307749,0.82391607,2.72780959,2.17422517,1.12964173,0.58841313,Alto,Remota,0.0,NO,SIN_IMPUTACION,OK,SIN_IMPUTACION,OK
86571,86571,86,PUTUMAYO,PUERTO GUZMÁN,Municipio,-76.407663,0.962854,,4603531761.939611,0,0,0.0,0.0000,62.2,31.09936246,"EMBF, EMC",2,1.0,1.0,ZOMAC-170,ZOMAC-NO 52,64.09691014,0.0,39.85,5.713436385255648,0.0,0.0,0.0,10.481569560047562,39.85,4.17587708,1.0,-0.40987337,2.25714682,2.72780959,2.17422517,1.40538406,0.6545017,Alto,Remota,0.0,NO,SIN_IMPUTACION,OK,SIN_IMPUTACION,OK
86573,86573,86,PUTUMAYO,PUERTO LEGUÍZAMO,Municipio,-74.781842,-0.192318,,10976475896.319908,0,0,0.0,0.0000,53.6,33.62063696,"CN-EB, EMBF, EMC",3,1.0,1.0,ZOMAC-170,DAILD-52,64.09691014,0.0,35.12,4.016867600151376,0.0270314104989998,0.0162188462993999,0.0648753851975996,32.929664269881606,35.12,4.17587708,1.0,-0.69344702,3.69037756,2.72780959,2.17422517,1.73610251,0.73376667,Alto,Remota,0.0,NO,SIN_IMPUTACION,OK,SIN_IMPUTACION,OK
86749,86749,86,PUTUMAYO,SIBUNDOY,Municipio,-76.917814,1.20026,,98195590.80859353,100,120,7.64,0.0000,23,5.883391187,,0,0.0,0.0,No es PDET O ZOMAC,No es PDET O ZOMAC,0.0,32.99134132,40.65,1.101634683724236,0.0,0.0,0.0,38.62828713574982,40.65,0.0,0.02941926,-0.36191165,-0.60931468,-0.43744925,-0.44215838,-0.46327709,0.20663016,Bajo,Presencial,6.36,NO,SIN_IMPUTACION,OK,SIN_IMPUTACION,OK
86755,86755,86,PUTUMAYO,SAN FRANCISCO,Municipio,-76.879283,1.174194,,409297245.3897406,97,100,1.53,0.0000,23.5,0.0,,0,0.0,0.0,No es PDET O ZOMAC,No es PDET O ZOMAC,0.0,20.56294038,32.27,1.3489208633093526,0.0,0.0179856115107913,0.0,31.4568345323741,32.27,0.0,0.04637586,-0.86431063,-0.60931468,-0.43744925,-0.39644864,-0.63226027,0.1661291,Bajo,Presencial,1.48,NO,SIN_IMPUTACION,OK,SIN_IMPUTACION,OK
86757,86757,86,PUTUMAYO,SAN MIGUEL,Municipio,-76.91217,0.34346,,381405303.1333514,0,0,0.0,242.6158,48.5,23.48189546,,0,1.0,1.0,ZOMAC-170,DAILD-52,64.09691014,0.0,38.52,4.617708408257211,0.0215780766740991,0.0,0.0215780766740991,19.413076314464504,38.52,4.17587708,1.0,-0.48960972,-0.60931468,2.72780959,2.17422517,0.51753789,0.44170708,Alto,Remota,0.0,NO,SIN_IMPUTACION,OK,SIN_IMPUTACION,OK
86760,86760,86,PUTUMAYO,SANTIAGO,Municipio,-77.002641,1.147076,,343445959.15399367,165,168,3.06,0.0000,37.2,12.76976121,,0,0.0,0.0,No es PDET O ZOMAC,No es PDET O ZOMAC,0.0,32.26319007,28.23,1.1878574571051477,0.0,0.0,0.0,58.52764334946473,28.23,0.0,0.03006326,-1.1065173,-0.60931468,-0.43744925,-0.44042234,-0.72362866,0.14423038,Bajo,Presencial,3.0,NO,SIN_IMPUTACION,OK,SIN_IMPUTACION,OK
86865,86865,86,PUTUMAYO,VALLE DEL GUAMUEZ,Municipio,-76.906751,0.423506,,818713243.7154806,0,0,0.0,0.0000,41,55.58025789,CN-EB,1,1.0,1.0,ZOMAC-170,DAILD-52,64.09691014,0.0,54.22,2.9613259668508287,0.0,0.003683241252302,0.0,12.92449355432781,54.22,4.17587708,1.0,0.45163896,0.82391607,2.72780959,2.17422517,1.27694415,0.62371785,Alto,Remota,0.0,NO,SIN_IMPUTACION,OK,SIN_IMPUTACION,OK
86885,86885,86,PUTUMAYO,VILLAGARZÓN,Municipio,-76.61721,1.028821,,1403664691.8135984,4,4,0.02,0.0000,37.1,29.50831766,,0,1.0,1.0,ZOMAC-170,DAILD-52,61.61573943,0.0,57.61,2.488965736906766,0.0045502115848386,0.0045502115848386,0.0182008463393547,17.554716294307685,57.61,4.13701668,1.0,0.65487674,-0.60931468,2.69835392,2.17422517,0.91221701,0.53630184,Alto,Remota,0.02,NO,SIN_IMPUTACION,OK,SIN_IMPUTACION,OK
88001,88001,88,"ARCHIPIÉLAGO DE SAN ANDRÉS, PROVIDENCIA Y SANTA CATALINA",SAN ANDRÉS,Isla,-81.707181,12.578108,**,28171337.076293893,156,163,36.16,0.0000,16.8,33.74238576,,0,0.0,0.0,No es PDET O ZOMAC,No es PDET O ZOMAC,0.0,0.93593112,60.19,14.798216637020952,37.395181223867496,0.0,0.0207905010510753,0.046201113446834,60.19,0.0,0.5165473,0.80955327,-0.60931468,-0.43744925,0.8709872,0.14370747,0.35210924,Medio,Presencial con precaución,34.61,SI,SIN_IMPUTACION,OK,SIN_IMPUTACION,OK
88564,88564,88,"ARCHIPIÉLAGO DE SAN ANDRÉS, PROVIDENCIA Y SANTA CATALINA",PROVIDENCIA,Municipio,-81.368386,13.373185,,23317900.39174408,97,98,26.27,0.0000,13.7,0.0,,0,0.0,0.0,No es PDET O ZOMAC,No es PDET O ZOMAC,0.0,93.16915944,57.45,2.684268426842684,90.64906490649064,0.0,0.022002200220022,0.0,57.45,0.0,0.01061919,0.64528439,-0.60931468,-0.43744925,-0.49283751,-0.11836034,0.28929812,Medio,Presencial con precaución,26.0,SI,SIN_IMPUTACION,OK,SIN_IMPUTACION,OK
91001,91001,91,AMAZONAS,LETICIA,Municipio,-69.941721,-4.19895,,6216588422.744148,0,0,0.0,0.0000,48.4,32.77076847,,0,0.0,0.0,No es PDET O ZOMAC,No es PDET O ZOMAC,0.0,1.039092905,50.14,0.8774906675716294,0.0290880884277888,0.0096960294759296,0.0,42.536481310903184,50.14,0.0,0.49041414,0.20703421,-0.60931468,-0.43744925,0.80054033,-0.07774123,0.29903351,Medio,Presencial con precaución,0.0,NO,SIN_IMPUTACION,OK,SIN_IMPUTACION,OK
91263,91263,91,AMAZONAS,EL ENCANTO,Área no municipalizada,-73.207114,-1.74806,,10977768637.507212,0,0,0.0,0.0000,77.5,0.0,,0,0.0,0.0,No es PDET O ZOMAC,No es PDET O ZOMAC,0.0,1.343997418,3.5,1.5271838729383016,0.0,0.061087354917532,0.0,76.42028100183262,3.5,0.0,0.42662163,-2.58913386,-0.60931468,-0.43744925,0.62857558,-1.08219477,0.05829101,Bajo,Presencial,0.0,NO,SIN_IMPUTACION,OK,SIN_IMPUTACION,OK
91405,91405,91,AMAZONAS,LA CHORRERA,Área no municipalizada,-72.791889,-1.442617,,12811530353.449656,0,0,0.0,0.0000,88.1,10.97500232,,0,0.0,0.0,No es PDET O ZOMAC,No es PDET O ZOMAC,0.0,0.462085377,12.8,0.511654349061967,0.0,0.0,0.0,88.85730528709495,12.8,0.0,0.68395459,-2.03157891,-0.60931468,-0.43744925,1.32226512,-0.7829971,0.13000124,Bajo,Presencial,0.0,NO,SIN_IMPUTACION,OK,SIN_IMPUTACION,OK
91407,91407,91,AMAZONAS,LA PEDRERA,Área no municipalizada,-69.585499,-1.320301,,13700172660.14487,0,0,0.0,0.0000,90.9,23.50728726,,0,0.0,0.0,No es PDET O ZOMAC,No es PDET O ZOMAC,0.0,1.096968268,20.13,0.1709401709401709,0.0,0.0,0.0,83.61823361823362,20.13,0.0,0.47687894,-1.59212968,-0.60931468,-0.43744925,0.76405363,-0.7129216,0.14679659,Bajo,Presencial,0.0,NO,SIN_IMPUTACION,OK,SIN_IMPUTACION,OK
91430,91430,91,AMAZONAS,LA VICTORIA,Área no municipalizada,-71.223208,0.054936,,1438549899.8819644,0,0,0.0,0.0000,"96,4",,,0,0.0,0.0,No es PDET O ZOMAC,No es PDET O ZOMAC,0.0,99.09,0.0,0.0,0.0,0.0,0.0,96.3855421686747,0.0,0.0,0.00999101,-2.79896637,-0.60931468,-0.43744925,-0.49453089,-1.32410211,0.00031185,Bajo,Presencial,0.0,NO,SIN_IMPUTACION,OK,SIN_IMPUTACION,OK
91460,91460,91,AMAZONAS,MIRITÍ - PARANÁ,Área no municipalizada,-70.98893,-0.888833,,16939723168.042965,0,0,0.0,0.0000,"91,2",,,0,0.0,0.0,No es PDET O ZOMAC,No es PDET O ZOMAC,0.0,36.84,7.97,0.2352941176470588,0.0,0.0,0.0,73.05882352941177,7.97,0.0,0.02642706,-2.32114777,-0.60931468,-0.43744925,-0.4502244,-1.15021963,0.04198715,Bajo,Presencial,0.0,NO,SIN_IMPUTACION,OK,SIN_IMPUTACION,OK
91530,91530,91,AMAZONAS,PUERTO ALEGRÍA,Área no municipalizada,-74.014461,-1.005674,,8553433575.675377,0,0,0.0,0.0000,82.4,85.05895465,"EMBF, EMC",2,0.0,0.0,No es PDET O ZOMAC,No es PDET O ZOMAC,26.05229251,0.0,0.0,1.762114537444934,0.0,0.0,0.0,85.75624082232012,0.0,3.29777175,1.0,-2.79896637,2.25714682,2.06221752,2.17422517,0.4360831,0.4221844,Alto,Remota,0.0,NO,SIN_IMPUTACION,OK,SIN_IMPUTACION,OK
91536,91536,91,AMAZONAS,PUERTO ARICA,Área no municipalizada,-71.752186,-2.147039,,13862519195.281982,0,0,0.0,0.0000,84.6,,,0,0.0,0.0,No es PDET O ZOMAC,No es PDET O ZOMAC,0.0,0.973466296,0.0,1.5665796344647518,0.0,0.0,0.0,65.14360313315926,0.0,0.0,0.50672261,-2.79896637,-0.60931468,-0.43744925,0.84450289,-1.12324705,0.0484518,Bajo,Presencial,0.0,NO,SIN_IMPUTACION,OK,SIN_IMPUTACION,OK
91540,91540,91,AMAZONAS,PUERTO NARIÑO,Municipio,-70.364937,-3.779934,,1519376333.742407,0,0,0.0,0.0000,70.4,20.51763051,CN-EB,1,0.0,0.0,No es PDET O ZOMAC,No es PDET O ZOMAC,0.0,1.192046336,26.56,0.3750837240455459,0.0133958472873409,0.0,0.0,91.64099129269924,26.56,0.0,0.45619474,-1.20663738,0.82391607,-0.43744925,0.70829546,-0.15639379,0.28018245,Bajo,Presencial,0.0,NO,SIN_IMPUTACION,OK,SIN_IMPUTACION,OK
91669,91669,91,AMAZONAS,PUERTO SANTANDER,Área no municipalizada,-72.384213,-0.621184,,14814329149.69448,0,0,0.0,0.0000,88.7,0.0,,0,0.0,0.0,No es PDET O ZOMAC,No es PDET O ZOMAC,0.0,0.778411173,11.01,0.0,0.0,0.0,0.0,87.4120406567631,11.01,0.0,0.56229966,-2.13889325,-0.60931468,-0.43744925,0.99432131,-0.86974869,0.10920904,Bajo,Presencial,0.0,NO,SIN_IMPUTACION,OK,SIN_IMPUTACION,OK
91798,91798,91,AMAZONAS,TARAPACÁ,Área no municipalizada,-69.741745,-2.890126,,9227734888.770576,0,0,0.0,0.0000,80,134.7968419,,0,0.0,0.0,No es PDET O ZOMAC,No es PDET O ZOMAC,0.0,1.262184855,20.29,0.3532320734722712,0.0,0.0,0.0,88.5552808194984,20.29,0.0,0.44205052,-1.58253734,-0.60931468,-0.43744925,0.67016707,-0.72364726,0.14422592,Bajo,Presencial,0.0,NO,SIN_IMPUTACION,OK,SIN_IMPUTACION,OK
94001,94001,94,GUAINÍA,INÍRIDA,Municipio,-67.918613,3.866764,,15975543693.28871,0,0,0.0,0.0000,67.2,5.274678904,"ELN, EMC",2,0.0,0.0,No es PDET O ZOMAC,No es PDET O ZOMAC,0.0,1.43181184,49.81,1.518406043996741,0.0148137175024072,0.0111102881268054,0.0111102881268054,69.0578475668469,49.81,0.0,0.41121603,0.18725,2.25714682,-0.43744925,0.58704686,0.74324872,0.49580435,Alto,Remota,0.0,NO,SIN_IMPUTACION,OK,SIN_IMPUTACION,OK
94343,94343,94,GUAINÍA,BARRANCOMINAS,Municipio,-69.814066,3.494178,,9499021751.61184,4,4,0.0,0.0000,86.5,,EMC,1,0.0,0.0,No es PDET O ZOMAC,No es PDET O ZOMAC,0.0,49.9837522,0.0,0.290923196276183,0.0,0.0193948797517455,0.0,86.966640806827,0.0,0.0,0.01961409,-2.79896637,0.82391607,-0.43744925,-0.46859005,-0.89024177,0.10429737,Bajo,Presencial,0.0,NO,SIN_IMPUTACION,OK,SIN_IMPUTACION,OK
94663,94663,,SIN_COINCIDENCIA_DIVIPOLA,SIN_COINCIDENCIA_DIVIPOLA,,,,,4950843501.558078,0,0,0.0,,"95,5",,,0,0.0,0.0,No es PDET O ZOMAC,No es PDET O ZOMAC,5.789,0.0,,0.1373626373626373,0.1373626373626373,0.0,0.1373626373626373,78.02197802197803,47.92,1.91530366,1.0,0.07394045,-0.60931468,1.01432524,2.17422517,0.37208358,0.40684531,Alto,Remota,0.0,NO,IMPUTADO_MEDIANA,SIN_COINCIDENCIA_DIVIPOLA,CON_IMPUTACION,No tiene coincidencia en DIVIPOLA suministrado | Risk score calculado con imputación de mediana en al menos un input
94883,94883,94,GUAINÍA,SAN FELIPE,Área no municipalizada,-67.067848,1.912495,,2909393749.3756127,0,0,0.0,0.0000,"88,3",,ELN,1,0.0,0.0,No es PDET O ZOMAC,No es PDET O ZOMAC,0.0,2.01,0.0,0.0,0.0,0.0,0.0,85.46617915904936,0.0,0.0,0.33222591,-2.79896637,0.82391607,-0.43744925,0.37411411,-0.76383614,0.13459365,Bajo,Presencial,0.0,NO,SIN_IMPUTACION,OK,SIN_IMPUTACION,OK
94884,94884,94,GUAINÍA,PUERTO COLOMBIA,Área no municipalizada,-67.566774,2.726438,,15669729802.158497,5,5,0.0,0.0000,"96,3",,"ELN, EMC, SM",3,0.0,0.0,No es PDET O ZOMAC,No es PDET O ZOMAC,0.0,0.6807,0.0,0.4942339373970346,0.0,0.0,0.0,93.65733113673804,0.0,0.0,0.59499018,-2.79896637,3.69037756,-0.43744925,1.08244478,0.20235191,0.36616485,Medio,Presencial con precaución,0.0,NO,SIN_IMPUTACION,OK,SIN_IMPUTACION,OK
94885,94885,94,GUAINÍA,LA GUADALUPE,Área no municipalizada,-66.963692,1.632464,,1169393723.919199,0,0,0.0,0.0000,"84,1",,ELN,1,0.0,0.0,No es PDET O ZOMAC,No es PDET O ZOMAC,0.0,1.291,0.0,0.0,0.0,0.0,0.0,89.171974522293,0.0,0.0,0.43649062,-2.79896637,0.82391607,-0.43744925,0.65517929,-0.72167637,0.14469829,Bajo,Presencial,0.0,NO,SIN_IMPUTACION,OK,SIN_IMPUTACION,OK
94886,94886,94,GUAINÍA,CACAHUAL,Área no municipalizada,-67.413312,3.52617,,2328927718.1528707,0,0,0.0,0.0000,90.1,0.0,ELN,1,0.0,0.0,No es PDET O ZOMAC,No es PDET O ZOMAC,0.0,1.172153302,0.0,0.0,0.0,0.0,0.0,96.37561779242174,0.0,0.0,0.46037266,-2.79896637,0.82391607,-0.43744925,0.71955785,-0.71201958,0.14701278,Bajo,Presencial,0.0,NO,SIN_IMPUTACION,OK,SIN_IMPUTACION,OK
94887,94887,94,GUAINÍA,PANA PANA,Área no municipalizada,-69.0099,1.865668,,10230032090.723207,0,0,0.0,0.0000,98.5,,EMC,1,0.0,0.0,No es PDET O ZOMAC,No es PDET O ZOMAC,0.0,34.77650281,0.0,0.7223942208462332,0.0,0.1031991744066047,0.0,66.97626418988648,0.0,0.0,0.02795131,-2.79896637,0.82391607,-0.43744925,-0.44611551,-0.88687058,0.10510535,Bajo,Presencial,0.0,NO,SIN_IMPUTACION,OK,SIN_IMPUTACION,OK
94888,94888,94,GUAINÍA,MORICHAL,Área no municipalizada,-69.919404,2.265132,,8580375528.4338255,0,0,0.0,0.0000,"95,7",,EMC,1,0.0,0.0,No es PDET O ZOMAC,No es PDET O ZOMAC,28.95,0.0,0.0,0.4580152671755725,0.0,0.0,0.0,96.94656488549616,0.0,3.39952932,1.0,-2.79896637,0.82391607,2.1393484,2.17422517,0.02154005,0.32282876,Medio,Presencial con precaución,0.0,NO,SIN_IMPUTACION,OK,SIN_IMPUTACION,OK
95001,95001,95,GUAVIARE,SAN JOSÉ DEL GUAVIARE,Municipio,-72.639254,2.565932,,16885515810.353884,0,0,0.0,"291,227.9441",42.1,9.492469308,"EMBF, EMC",2,1.0,1.0,ZOMAC-170,ZVTN-52,38.45814609,0.0,73.6,4.28403365075137,0.0066591196643803,0.0066591196643803,0.0066591196643803,7.950988879270159,73.6,3.67524052,1.0,1.61351154,2.25714682,2.34833378,2.17422517,2.03767362,0.80604576,Alto,Remota,0.0,NO,SIN_IMPUTACION,OK,SIN_IMPUTACION,OK
95015,95015,95,GUAVIARE,CALAMAR,Municipio,-72.655197,1.960982,,13653822542.231804,0,0,0.0,"27,408.8616",58,94.68066793,"EMBF, EMC",2,1.0,1.0,ZOMAC-170,ZOMAC-NO 52,28.94699168,0.0,67.87,4.759493670886076,0.0253164556962025,0.0,0.0,4.658227848101266,67.87,3.39942887,1.0,1.26998575,2.25714682,2.13927226,2.17422517,1.87562728,0.76720729,Alto,Remota,0.0,NO,SIN_IMPUTACION,OK,SIN_IMPUTACION,OK
95025,95025,95,GUAVIARE,EL RETORNO,Municipio,-72.627304,2.330164,,12515622618.58776,0,0,0.0,"152,479.2161","51,5",5.72147843,EMC,1,1.0,1.0,ZOMAC-170,DAILD-52,59.55,0.0,76.72,3.153287575848006,0.0,0.0,0.0099472794190788,7.311250373022979,76.72,4.10346947,1.0,1.80056224,0.82391607,2.67292559,2.17422517,1.7380905,0.73424314,Alto,Remota,0.0,NO,SIN_IMPUTACION,OK,SIN_IMPUTACION,OK
95200,95200,95,GUAVIARE,MIRAFLORES,Municipio,-71.950416,1.337539,,12884882830.164824,0,0,0.0,0.0000,"66,7",36.61662395,EMC,1,1.0,1.0,ZOMAC-170,DAILD-52,55.41,0.0,57.4,6.761123539647029,0.0,0.0,0.0248570718369376,39.37360178970917,57.4,4.03264645,1.0,0.64228678,0.82391607,2.61924269,2.17422517,1.32195751,0.63450643,Alto,Remota,0.0,NO,SIN_IMPUTACION,OK,SIN_IMPUTACION,OK
97001,97001,97,VAUPÉS,MITÚ,Municipio,-70.232641,1.253151,,16263376948.70125,0,0,0.0,0.0000,74.8,8.59943817,,0,0.0,0.0,No es PDET O ZOMAC,No es PDET O ZOMAC,0.0,120.7230012,50.3,0.9472322336198132,0.0462064504204787,0.0,0.0369651603363829,83.05609463081046,50.3,0.0,0.00821537,0.21662655,-0.60931468,-0.43744925,-0.49931744,-0.26936258,0.25310664,Bajo,Presencial,0.0,NO,SIN_IMPUTACION,OK,SIN_IMPUTACION,OK
97161,97161,97,VAUPÉS,CARURÚ,Municipio,-71.30221,1.016116,,6398811163.513499,0,0,0.0,0.0000,"81,1",27.77777778,EMC,1,1.0,0.0,No,No,13.23,0.0,36.33,0.9332023575638508,0.0,0.0,0.0,75.73673870333988,36.33,2.65535241,1.0,-0.62090492,0.82391607,1.57527227,2.17422517,0.67104633,0.47849923,Alto,Remota,0.0,NO,SIN_IMPUTACION,OK,SIN_IMPUTACION,OK
97511,97511,97,VAUPÉS,PACOA,Área no municipalizada,-71.004339,0.020698,,14044339530.229565,0,0,0.0,0.0000,"98,4",,,0,0.0,0.0,No es PDET O ZOMAC,No es PDET O ZOMAC,0.0,118.2,0.0,0.0349040139616055,0.0,0.0,0.0,94.3106457242583,0.0,0.0,0.00838926,-2.79896637,-0.60931468,-0.43744925,-0.4988487,-1.32474979,0.00015662,Bajo,Presencial,0.0,NO,SIN_IMPUTACION,OK,SIN_IMPUTACION,OK
97666,97666,97,VAUPÉS,TARAIRA,Municipio,-69.635497,-0.564984,,6520276501.940232,0,0,0.0,0.0000,"85,6",,,0,0.0,0.0,No es PDET O ZOMAC,No es PDET O ZOMAC,0.0,33.27,32.68,0.3795066413662239,0.0,0.0,0.0,71.47375079063883,32.68,0.0,0.02918004,-0.83973025,-0.60931468,-0.43744925,-0.44280323,-0.63061033,0.16652455,Bajo,Presencial,0.0,NO,SIN_IMPUTACION,OK,SIN_IMPUTACION,OK
97777,97777,97,VAUPÉS,PAPUNAHUA,Área no municipalizada,-70.76091,1.908124,,5573726582.018104,0,0,0.0,0.0000,"97,9",,,0,0.0,0.0,No es PDET O ZOMAC,No es PDET O ZOMAC,0.0,65.19,0.0,1.3888888888888888,0.0,0.0,0.0,87.73148148148148,0.0,0.0,0.01510802,-2.79896637,-0.60931468,-0.43744925,-0.48073701,-1.32203303,0.00080775,Bajo,Presencial,0.0,NO,SIN_IMPUTACION,OK,SIN_IMPUTACION,OK
97889,97889,97,VAUPÉS,YAVARATÉ,Área no municipalizada,-69.203337,0.609142,,4664168886.693517,0,0,0.0,0.0000,"94,8",,,0,0.0,0.0,No es PDET O ZOMAC,No es PDET O ZOMAC,0.0,135.8,0.0,0.4914004914004914,0.0,0.0,0.0,91.8918918918919,0.0,0.0,0.00730994,-2.79896637,-0.60931468,-0.43744925,-0.50175821,-1.32518621,5.201e-05,Bajo,Presencial,0.0,NO,SIN_IMPUTACION,OK,SIN_IMPUTACION,OK
99001,99001,99,VICHADA,PUERTO CARREÑO,Municipio,-67.487095,6.186636,,12281280096.622252,3,3,0.0,0.0000,55.7,35.37631556,,0,0.0,0.0,No es PDET O ZOMAC,No es PDET O ZOMAC,0.0,1.222000231,63.03,1.4251781472684086,0.0105568751649511,0.0,0.0105568751649511,28.65663763525996,63.03,0.0,0.45004496,0.97981736,-0.60931468,-0.43744925,0.69171757,0.17640946,0.3599471,Medio,Presencial con precaución,0.0,NO,SIN_IMPUTACION,OK,SIN_IMPUTACION,OK
99524,99524,99,VICHADA,LA PRIMAVERA,Municipio,-70.410515,5.486309,,18543643497.21728,0,0,0.0,0.0000,63.2,26.77376171,,0,0.0,0.0,No es PDET O ZOMAC,No es PDET O ZOMAC,0.0,86.78913931,37.97,1.193962604190133,0.0,0.0,0.0,21.79544942554629,37.97,0.0,0.01139093,-0.5225834,-0.60931468,-0.43744925,-0.49075713,-0.52680201,0.19140482,Bajo,Presencial,0.0,NO,SIN_IMPUTACION,OK,SIN_IMPUTACION,OK
99624,99624,99,VICHADA,SANTA ROSALÍA,Municipio,-70.859499,5.136393,,3939836439.0921774,0,0,0.0,0.0000,56.8,0.0,,0,0.0,0.0,No es PDET O ZOMAC,No es PDET O ZOMAC,0.0,100.8979164,39.28,1.2403528114663729,0.0,0.0,0.0,22.90518191841235,39.28,0.0,0.00981374,-0.44404609,-0.60931468,-0.43744925,-0.49500874,-0.4999517,0.19784017,Bajo,Presencial,0.0,NO,SIN_IMPUTACION,OK,SIN_IMPUTACION,OK
99773,99773,99,VICHADA,CUMARIBO,Municipio,-69.795533,4.446352,,65970140383.61274,0,0,0.0,0.0000,91.4,4.596750098,"EGC, ELN, EMC, SM",4,1.0,0.0,No,No,26.05229251,0.0,32.05,0.3428943284777494,0.0075086349301696,0.0025028783100565,0.0075086349301696,84.40706812834759,32.05,3.29777175,1.0,-0.8775001,5.12360831,2.06221752,2.17422517,1.96853473,0.78947489,Alto,Remota,0.0,NO,SIN_IMPUTACION,OK,SIN_IMPUTACION,OK
